URUPEMA,4218954,LAGES,SBLJ,-,45.9
URUPEMA,4218954,CRICIUMA-SC (AER. FORQUILINHA,SBCN,-,90.88
URUPEMA,4218954,FORQUILHINHA,SBCM,-,90.88
URUSSANGA,4219002,CRICIUMA-SC (AER. FORQUILINHA,SBCN,-,29.09
URUSSANGA,4219002,FORQUILHINHA,SBCM,-,29.09
URUSSANGA,4219002,TORRES,SBTR,83948,105.34
VARGEÃO,4219101,CHAPECO,SBCH,83883,67.2
VARGEÃO,4219101,CACADOR,SBCD,-,118.05
VARGEÃO,4219101,PASSO FUNDO,SBPF,83914,165.04
VARGEM,4219150,LAGES,SBLJ,-,74.67
VARGEM,4219150,CACADOR,SBCD,-,76.45
VARGEM,4219150,PASSO FUNDO,SBPF,83914,161.12
VARGEM BONITA,4219176,CACADOR,SBCD,-,84.17
VARGEM BONITA,4219176,CHAPECO,SBCH,83883,92.63
VARGEM BONITA,4219176,PASSO FUNDO,SBPF,83914,155.76
VIDAL RAMOS,4219200,FLORIANOPOLIS,SBXF,83897,79.44
VIDAL RAMOS,4219200,FLORIANOPOLIS (AEROPORTO),SBFL,83899,86.27
VIDAL RAMOS,4219200,NAVEGANTES (AEROPORTO),SBNF,83926,89.45
VIDEIRA,4219309,CACADOR,SBCD,-,30.53
VIDEIRA,4219309,LAGES,SBLJ,-,121.4
VIDEIRA,4219309,CHAPECO,SBCH,83883,153.44
VITOR MEIRELES,4219358,CACADOR,SBCD,-,107.7
VITOR MEIRELES,4219358,LAGES,SBLJ,-,114.7
VITOR MEIRELES,4219358,NAVEGANTES (AEROPORTO),SBNF,83926,118.81
WITMARSUM,4219408,LAGES,SBLJ,-,102.55
WITMARSUM,4219408,CACADOR,SBCD,-,109.35
WITMARSUM,4219408,NAVEGANTES (AEROPORTO),SBNF,83926,118.5
XANXERÊ,4219507,CHAPECO,SBCH,83883,38.57
XANXERÊ,4219507,CACADOR,SBCD,-,147.1
XANXERÊ,4219507,PASSO FUNDO,SBPF,83914,153.33
XAVANTINA,4219606,CHAPECO,SBCH,83883,36.16
XAVANTINA,4219606,PASSO FUNDO,SBPF,83914,136.84
XAVANTINA,4219606,CACADOR,SBCD,-,141.02
XAXIM,4219705,CHAPECO,SBCH,83883,22.71
XAXIM,4219705,PASSO FUNDO,SBPF,83914,143.79
XAXIM,4219705,CACADOR,SBCD,-,159.99
ZORTÉA,4219853,CACADOR,SBCD,-,97.79
ZORTÉA,4219853,PASSO FUNDO,SBPF,83914,116.35
ZORTÉA,4219853,CHAPECO,SBCH,83883,119.09
ABDON BATISTA,4200051,LAGES,SBLJ,-,79.69
ABDON BATISTA,4200051,CACADOR,SBCD,-,91.74
ABDON BATISTA,4200051,PASSO FUNDO,SBPF,83914,144.18
ABELARDO LUZ,4200101,CHAPECO,SBCH,83883,75.59
ABELARDO LUZ,4200101,CACADOR,SBCD,-,133.93
ABELARDO LUZ,4200101,GUARAPUAVA-PR (AER. TANCREDO T.,SBGU,-,150.37
AGROLÂNDIA,4200200,LAGES,SBLJ,-,57.51
AGROLÂNDIA,4200200,FLORIANOPOLIS,SBXF,83897,124.32
AGROLÂNDIA,4200200,FLORIANOPOLIS (AEROPORTO),SBFL,83899,129.63
AGRONÔMICA,4200309,LAGES,SBLJ,-,75.07
AGRONÔMICA,4200309,FLORIANOPOLIS,SBXF,83897,116.37
AGRONÔMICA,4200309,NAVEGANTES (AEROPORTO),SBNF,83926,116.55
ÁGUA DOCE,4200408,CACADOR,SBCD,-,67.81
ÁGUA DOCE,4200408,CHAPECO,SBCH,83883,112.37
ÁGUA DOCE,4200408,GUARAPUAVA-PR (AER. TANCREDO T.,SBGU,-,154.28
ÁGUAS DE CHAPECÓ,4200507,CHAPECO,SBCH,83883,29.54
ÁGUAS DE CHAPECÓ,4200507,PASSO FUNDO,SBPF,83914,146.73
ÁGUAS DE CHAPECÓ,4200507,AEROP. SANTO ANGELO - R,SBNM,-,180.66
ÁGUAS FRIAS,4200556,CHAPECO,SBCH,83883,37.46
ÁGUAS FRIAS,4200556,PASSO FUNDO,SBPF,83914,165.14
ÁGUAS FRIAS,4200556,CACADOR,SBCD,-,192.69
ÁGUAS MORNAS,4200606,FLORIANOPOLIS,SBXF,83897,40.21
ÁGUAS MORNAS,4200606,FLORIANOPOLIS (AEROPORTO),SBFL,83899,40.89
ÁGUAS MORNAS,4200606,NAVEGANTES (AEROPORTO),SBNF,83926,99.28
ALFREDO WAGNER,4200705,FLORIANOPOLIS,SBXF,83897,76.31
ALFREDO WAGNER,4200705,FLORIANOPOLIS (AEROPORTO),SBFL,83899,79.02
ALFREDO WAGNER,4200705,LAGES,SBLJ,-,93.7
ALTO BELA VISTA,4200754,CHAPECO,SBCH,83883,80.47
ALTO BELA VISTA,4200754,PASSO FUNDO,SBPF,83914,100.24
ALTO BELA VISTA,4200754,CACADOR,SBCD,-,121.7
ANCHIETA,4200804,CHAPECO,SBCH,83883,93.62
ANCHIETA,4200804,FOZ DO IGUACU (AEROPORTO),SBFI,83827,154.41
ANCHIETA,4200804,CASCAVEL-PR,SBCA,-,170.95
ANGELINA,4200903,FLORIANOPOLIS,SBXF,83897,49.25
ANGELINA,4200903,FLORIANOPOLIS (AEROPORTO),SBFL,83899,54.86
ANGELINA,4200903,NAVEGANTES (AEROPORTO),SBNF,83926,84.44
ANITA GARIBALDI,4201000,LAGES,SBLJ,-,78.78
ANITA GARIBALDI,4201000,CACADOR,SBCD,-,108.43
ANITA GARIBALDI,4201000,PASSO FUNDO,SBPF,83914,134.94
ANITÁPOLIS,4201109,FLORIANOPOLIS (AEROPORTO),SBFL,83899,64.15
ANITÁPOLIS,4201109,FLORIANOPOLIS,SBXF,83897,65.03
ANITÁPOLIS,4201109,CRICIUMA-SC (AER. FORQUILINHA,SBCN,-,97.46
ANTÔNIO CARLOS,4201208,FLORIANOPOLIS,SBXF,83897,27.93
ANTÔNIO CARLOS,4201208,FLORIANOPOLIS (AEROPORTO),SBFL,83899,35.91
ANTÔNIO CARLOS,4201208,NAVEGANTES (AEROPORTO),SBNF,83926,70.98
APIÚNA,4201257,NAVEGANTES (AEROPORTO),SBNF,83926,75.91
APIÚNA,4201257,FLORIANOPOLIS,SBXF,83897,94.02
APIÚNA,4201257,FLORIANOPOLIS (AEROPORTO),SBFL,83899,102.96
ARABUTÃ,4201273,CHAPECO,SBCH,83883,51.87
ARABUTÃ,4201273,PASSO FUNDO,SBPF,83914,124.14
ARABUTÃ,4201273,CACADOR,SBCD,-,127.2
ARAQUARI,4201307,JOINVILLE,SBJV,83905,27.27
ARAQUARI,4201307,NAVEGANTES (AEROPORTO),SBNF,83926,47.72
ARAQUARI,4201307,PARANAGUA,SBPG,83844,107.66
ARARANGUÁ,4201406,CRICIUMA-SC (AER. FORQUILINHA,SBCN,-,25.54
ARARANGUÁ,4201406,FORQUILHINHA,SBCM,-,25.54
ARARANGUÁ,4201406,TORRES,SBTR,83948,51.59
ARMAZÉM,4201505,CRICIUMA-SC (AER. FORQUILINHA,SBCN,-,66.96
ARMAZÉM,4201505,FORQUILHINHA,SBCM,-,66.96
ARMAZÉM,4201505,FLORIANOPOLIS (AEROPORTO),SBFL,83899,78.79
ARROIO TRINTA,4201604,CACADOR,SBCD,-,43.42
ARROIO TRINTA,4201604,CHAPECO,SBCH,83883,133.97
ARROIO TRINTA,4201604,LAGES,SBLJ,-,141.5
ARVOREDO,4201653,CHAPECO,SBCH,83883,22.78
ARVOREDO,4201653,PASSO FUNDO,SBPF,83914,130.8
ARVOREDO,4201653,CACADOR,SBCD,-,154.03
ASCURRA,4201703,NAVEGANTES (AEROPORTO),SBNF,83926,59.91
ASCURRA,4201703,JOINVILLE,SBJV,83905,80.76
ASCURRA,4201703,FLORIANOPOLIS,SBXF,83897,107.68
ATALANTA,4201802,LAGES,SBLJ,-,65.37
ATALANTA,4201802,FLORIANOPOLIS,SBXF,83897,116.97
ATALANTA,4201802,FLORIANOPOLIS (AEROPORTO),SBFL,83899,122.58
AURORA,4201901,LAGES,SBLJ,-,84.94
AURORA,4201901,FLORIANOPOLIS,SBXF,83897,104.67
AURORA,4201901,NAVEGANTES (AEROPORTO),SBNF,83926,105.27
BALNEÁRIO ARROIO DO SILVA,4201950,CRICIUMA-SC (AER. FORQUILINHA,SBCN,-,33.59
BALNEÁRIO ARROIO DO SILVA,4201950,FORQUILHINHA,SBCM,-,33.59
BALNEÁRIO ARROIO DO SILVA,4201950,TORRES,SBTR,83948,44.47
BALNEÁRIO CAMBORIÚ,4202008,NAVEGANTES (AEROPORTO),SBNF,83926,8.69
BALNEÁRIO CAMBORIÚ,4202008,FLORIANOPOLIS,SBXF,83897,69.66
BALNEÁRIO CAMBORIÚ,4202008,FLORIANOPOLIS (AEROPORTO),SBFL,83899,80.02
BALNEÁRIO BARRA DO SUL,4202057,JOINVILLE,SBJV,83905,26.96
BALNEÁRIO BARRA DO SUL,4202057,NAVEGANTES (AEROPORTO),SBNF,83926,49.75
BALNEÁRIO BARRA DO SUL,4202057,PARANAGUA,SBPG,83844,102.63
BALNEÁRIO GAIVOTA,4202073,TORRES,SBTR,83948,24.57
BALNEÁRIO GAIVOTA,4202073,CRICIUMA-SC (AER. FORQUILINHA,SBCN,-,51.77
BALNEÁRIO GAIVOTA,4202073,FORQUILHINHA,SBCM,-,51.77
BANDEIRANTE,4202081,CHAPECO,SBCH,83883,104.65
BANDEIRANTE,4202081,FOZ DO IGUACU (AEROPORTO),SBFI,83827,154.47
BANDEIRANTE,4202081,AEROP. SANTO ANGELO - R,SBNM,-,174.62
BARRA BONITA,4202099,CHAPECO,SBCH,83883,91.28
BARRA BONITA,4202099,FOZ DO IGUACU (AEROPORTO),SBFI,83827,158.39
BARRA BONITA,4202099,CASCAVEL-PR,SBCA,-,185.78
BARRA VELHA,4202107,NAVEGANTES (AEROPORTO),SBNF,83926,25.9
BARRA VELHA,4202107,JOINVILLE,SBJV,83905,49.22
BARRA VELHA,4202107,FLORIANOPOLIS,SBXF,83897,103.72
BELA VISTA DO TOLDO,4202131,CACADOR,SBCD,-,59.63
BELA VISTA DO TOLDO,4202131,PONTA GROSSA,SBGS,83837,149.97
BELA VISTA DO TOLDO,4202131,LAGES,SBLJ,-,152.82
BELMONTE,4202156,CHAPECO,SBCH,83883,98.64
BELMONTE,4202156,FOZ DO IGUACU (AEROPORTO),SBFI,83827,164.14
BELMONTE,4202156,AEROP. SANTO ANGELO - R,SBNM,-,166.29
BENEDITO NOVO,4202206,NAVEGANTES (AEROPORTO),SBNF,83926,79.83
BENEDITO NOVO,4202206,JOINVILLE,SBJV,83905,101.42
BENEDITO NOVO,4202206,FLORIANOPOLIS,SBXF,83897,114.09
BIGUAÇU,4202305,FLORIANOPOLIS,SBXF,83897,19.19
BIGUAÇU,4202305,FLORIANOPOLIS (AEROPORTO),SBFL,83899,29.62
BIGUAÇU,4202305,NAVEGANTES (AEROPORTO),SBNF,83926,63.06
BLUMENAU,4202404,NAVEGANTES (AEROPORTO),SBNF,83926,46.63
BLUMENAU,4202404,JOINVILLE,SBJV,83905,82.01
BLUMENAU,4202404,FLORIANOPOLIS,SBXF,83897,93.13
BOCAINA DO SUL,4202438,LAGES,SBLJ,-,36.53
BOCAINA DO SUL,4202438,CRICIUMA-SC (AER. FORQUILINHA,SBCN,-,116.7
BOCAINA DO SUL,4202438,FORQUILHINHA,SBCM,-,116.7
BOMBINHAS,4202453,FLORIANOPOLIS (AEROPORTO),SBFL,83899,201.01
BOMBINHAS,4202453,FLORIANOPOLIS,SBXF,83897,204.55
BOMBINHAS,4202453,NAVEGANTES (AEROPORTO),SBNF,83926,225.28
BOM JARDIM DA SERRA,4202503,CRICIUMA-SC (AER. FORQUILINHA,SBCN,-,45.9
BOM JARDIM DA SERRA,4202503,FORQUILHINHA,SBCM,-,45.9
BOM JARDIM DA SERRA,4202503,LAGES,SBLJ,-,89.24
BOM JESUS,4202537,CHAPECO,SBCH,83883,52.01
BOM JESUS,4202537,CACADOR,SBCD,-,145.01
BOM JESUS,4202537,PASSO FUNDO,SBPF,83914,168.6
BOM JESUS DO OESTE,4202578,CHAPECO,SBCH,83883,65.02
BOM JESUS DO OESTE,4202578,FOZ DO IGUACU (AEROPORTO),SBFI,83827,183.33
BOM JESUS DO OESTE,4202578,PASSO FUNDO,SBPF,83914,189.44
BOM RETIRO,4202602,LAGES,SBLJ,-,69.94
BOM RETIRO,4202602,FLORIANOPOLIS,SBXF,83897,100.97
BOM RETIRO,4202602,FLORIANOPOLIS (AEROPORTO),SBFL,83899,103.06
BOTUVERÁ,4202701,NAVEGANTES (AEROPORTO),SBNF,83926,60.34
BOTUVERÁ,4202701,FLORIANOPOLIS,SBXF,83897,67.93
BOTUVERÁ,4202701,FLORIANOPOLIS (AEROPORTO),SBFL,83899,77.22
BRAÇO DO NORTE,4202800,CRICIUMA-SC (AER. FORQUILINHA,SBCN,-,60.24
BRAÇO DO NORTE,4202800,FORQUILHINHA,SBCM,-,60.24
BRAÇO DO NORTE,4202800,FLORIANOPOLIS (AEROPORTO),SBFL,83899,87.12
BRAÇO DO TROMBUDO,4202859,LAGES,SBLJ,-,59.14
BRAÇO DO TROMBUDO,4202859,CACADOR,SBCD,-,120.36
BRAÇO DO TROMBUDO,4202859,FLORIANOPOLIS,SBXF,83897,134.01
BRUNÓPOLIS,4202875,CACADOR,SBCD,-,63.51
BRUNÓPOLIS,4202875,LAGES,SBLJ,-,73.68
BRUNÓPOLIS,4202875,PASSO FUNDO,SBPF,83914,177.31
BRUSQUE,4202909,NAVEGANTES (AEROPORTO),SBNF,83926,37.67
BRUSQUE,4202909,FLORIANOPOLIS,SBXF,83897,59.68
BRUSQUE,4202909,FLORIANOPOLIS (AEROPORTO),SBFL,83899,70.23
CAÇADOR,4203006,CACADOR,SBCD,-,15.29
CAÇADOR,4203006,LAGES,SBLJ,-,138.19
CAÇADOR,4203006,GUARAPUAVA-PR (AER. TANCREDO T.,SBGU,-,159.81
CAIBI,4203105,CHAPECO,SBCH,83883,59.96
CAIBI,4203105,PASSO FUNDO,SBPF,83914,164.32
CAIBI,4203105,AEROP. SANTO ANGELO - R,SBNM,-,164.64
CALMON,4203154,CACADOR,SBCD,-,18.66
CALMON,4203154,LAGES,SBLJ,-,147.07
CALMON,4203154,GUARAPUAVA-PR (AER. TANCREDO T.,SBGU,-,147.96
CAMBORIÚ,4203204,NAVEGANTES (AEROPORTO),SBNF,83926,22
CAMBORIÚ,4203204,FLORIANOPOLIS,SBXF,83897,58.57
CAMBORIÚ,4203204,FLORIANOPOLIS (AEROPORTO),SBFL,83899,69.25
CAPÃO ALTO,4203253,LAGES,SBLJ,-,44.88
CAPÃO ALTO,4203253,CRICIUMA-SC (AER. FORQUILINHA,SBCN,-,137.18
CAPÃO ALTO,4203253,FORQUILHINHA,SBCM,-,137.18
CAMPO ALEGRE,4203303,JOINVILLE,SBJV,83905,41.01
CAMPO ALEGRE,4203303,CURITIBA (AEROPORTO),SBCT,83840,71.75
CAMPO ALEGRE,4203303,CURITIBA,SBBI,83842,85.03
CAMPO BELO DO SUL,4203402,LAGES,SBLJ,-,48.93
CAMPO BELO DO SUL,4203402,CACADOR,SBCD,-,119.65
CAMPO BELO DO SUL,4203402,CAXIAS DO SUL - AER. CAMPO DOS B,SBCX,-,155.66
CAMPO ERÊ,4203501,CHAPECO,SBCH,83883,87.26
CAMPO ERÊ,4203501,FOZ DO IGUACU (AEROPORTO),SBFI,83827,165.54
CAMPO ERÊ,4203501,CASCAVEL-PR,SBCA,-,166.56
CAMPOS NOVOS,4203600,CACADOR,SBCD,-,76.93
CAMPOS NOVOS,4203600,LAGES,SBLJ,-,103.51
CAMPOS NOVOS,4203600,PASSO FUNDO,SBPF,83914,141.61
CANELINHA,4203709,NAVEGANTES (AEROPORTO),SBNF,83926,42.42
CANELINHA,4203709,FLORIANOPOLIS,SBXF,83897,44.73
CANELINHA,4203709,FLORIANOPOLIS (AEROPORTO),SBFL,83899,55.36
CANOINHAS,4203808,CACADOR,SBCD,-,71.05
CANOINHAS,4203808,PONTA GROSSA,SBGS,83837,132.83
CANOINHAS,4203808,GUARAPUAVA-PR (AER. TANCREDO T.,SBGU,-,138.19
CAPINZAL,4203907,CACADOR,SBCD,-,99.3
CAPINZAL,4203907,CHAPECO,SBCH,83883,106.68
CAPINZAL,4203907,PASSO FUNDO,SBPF,83914,115.33
CAPIVARI DE BAIXO,4203956,CRICIUMA-SC (AER. FORQUILINHA,SBCN,-,54.6
CAPIVARI DE BAIXO,4203956,FORQUILHINHA,SBCM,-,54.6
CAPIVARI DE BAIXO,4203956,FLORIANOPOLIS (AEROPORTO),SBFL,83899,96.9
CATANDUVAS,4204004,CACADOR,SBCD,-,81.78
CATANDUVAS,4204004,CHAPECO,SBCH,83883,96.56
CATANDUVAS,4204004,PASSO FUNDO,SBPF,83914,147.67
CAXAMBU DO SUL,4204103,CHAPECO,SBCH,83883,24.36
CAXAMBU DO SUL,4204103,PASSO FUNDO,SBPF,83914,135.91
CAXAMBU DO SUL,4204103,AEROP. SANTO ANGELO - R,SBNM,-,175.91
CELSO RAMOS,4204152,LAGES,SBLJ,-,102.16
CELSO RAMOS,4204152,CACADOR,SBCD,-,103.95
CELSO RAMOS,4204152,PASSO FUNDO,SBPF,83914,120.41
CERRO NEGRO,4204178,LAGES,SBLJ,-,63.96
CERRO NEGRO,4204178,CACADOR,SBCD,-,107.48
CERRO NEGRO,4204178,PASSO FUNDO,SBPF,83914,148.51
CHAPADÃO DO LAGEADO,4204194,LAGES,SBLJ,-,74.62
CHAPADÃO DO LAGEADO,4204194,FLORIANOPOLIS,SBXF,83897,97.06
CHAPADÃO DO LAGEADO,4204194,FLORIANOPOLIS (AEROPORTO),SBFL,83899,101.39
CHAPECÓ,4204202,CHAPECO,SBCH,83883,3.64
CHAPECÓ,4204202,PASSO FUNDO,SBPF,83914,128.68
CHAPECÓ,4204202,CACADOR,SBCD,-,173.16
COCAL DO SUL,4204251,CRICIUMA-SC (AER. FORQUILINHA,SBCN,-,16.98
COCAL DO SUL,4204251,FORQUILHINHA,SBCM,-,16.98
COCAL DO SUL,4204251,TORRES,SBTR,83948,93.15
CONCÓRDIA,4204301,CHAPECO,SBCH,83883,66.81
CONCÓRDIA,4204301,PASSO FUNDO,SBPF,83914,116.66
CONCÓRDIA,4204301,CACADOR,SBCD,-,118.28
CORDILHEIRA ALTA,4204350,CHAPECO,SBCH,83883,17.39
CORDILHEIRA ALTA,4204350,PASSO FUNDO,SBPF,83914,145
CORDILHEIRA ALTA,4204350,CACADOR,SBCD,-,171.19
CORONEL FREITAS,4204400,CHAPECO,SBCH,83883,27.98
CORONEL FREITAS,4204400,PASSO FUNDO,SBPF,83914,156.88
CORONEL FREITAS,4204400,CACADOR,SBCD,-,178.42
CORONEL MARTINS,4204459,CHAPECO,SBCH,83883,66.2
CORONEL MARTINS,4204459,GUARAPUAVA-PR (AER. TANCREDO T.,SBGU,-,172.48
CORONEL MARTINS,4204459,CACADOR,SBCD,-,175.24
CORUPÁ,4204509,JOINVILLE,SBJV,83905,57.77
CORUPÁ,4204509,NAVEGANTES (AEROPORTO),SBNF,83926,83.18
CORUPÁ,4204509,CURITIBA (AEROPORTO),SBCT,83840,103.33
CORREIA PINTO,4204558,LAGES,SBLJ,-,20.16
CORREIA PINTO,4204558,CACADOR,SBCD,-,108.26
CORREIA PINTO,4204558,CRICIUMA-SC (AER. FORQUILINHA,SBCN,-,154.25
CRICIÚMA,4204608,CRICIUMA-SC (AER. FORQUILINHA,SBCN,-,4.2
CRICIÚMA,4204608,FORQUILHINHA,SBCM,-,4.2
CRICIÚMA,4204608,TORRES,SBTR,83948,78.05
CUNHA PORÃ,4204707,CHAPECO,SBCH,83883,59.77
CUNHA PORÃ,4204707,PASSO FUNDO,SBPF,83914,175.07
CUNHA PORÃ,4204707,AEROP. SANTO ANGELO - R,SBNM,-,181.63
CUNHATAÍ,4204756,CHAPECO,SBCH,83883,45.9
CUNHATAÍ,4204756,PASSO FUNDO,SBPF,83914,160.71
CUNHATAÍ,4204756,AEROP. SANTO ANGELO - R,SBNM,-,178.38
CURITIBANOS,4204806,LAGES,SBLJ,-,63.61
CURITIBANOS,4204806,CACADOR,SBCD,-,64.85
CURITIBANOS,4204806,CRICIUMA-SC (AER. FORQUILINHA,SBCN,-,197.53
DESCANSO,4204905,CHAPECO,SBCH,83883,85.91
DESCANSO,4204905,AEROP. SANTO ANGELO - R,SBNM,-,171.46
DESCANSO,4204905,FOZ DO IGUACU (AEROPORTO),SBFI,83827,171.48
DIONÍSIO CERQUEIRA,4205001,CHAPECO,SBCH,83883,122.94
DIONÍSIO CERQUEIRA,4205001,FOZ DO IGUACU (AEROPORTO),SBFI,83827,125.36
DIONÍSIO CERQUEIRA,4205001,CASCAVEL-PR,SBCA,-,147.87
DONA EMMA,4205100,LAGES,SBLJ,-,103.89
DONA EMMA,4205100,NAVEGANTES (AEROPORTO),SBNF,83926,106.42
DONA EMMA,4205100,CACADOR,SBCD,-,122.64
DOUTOR PEDRINHO,4205159,JOINVILLE,SBJV,83905,89.56
DOUTOR PEDRINHO,4205159,NAVEGANTES (AEROPORTO),SBNF,83926,90.96
DOUTOR PEDRINHO,4205159,CURITIBA (AEROPORTO),SBCT,83840,134.12
ENTRE RIOS,4205175,CHAPECO,SBCH,83883,44.44
ENTRE RIOS,4205175,CACADOR,SBCD,-,163.63
ENTRE RIOS,4205175,PASSO FUNDO,SBPF,83914,169.78
ERMO,4205191,CRICIUMA-SC (AER. FORQUILINHA,SBCN,-,38.06
ERMO,4205191,FORQUILHINHA,SBCM,-,38.06
ERMO,4205191,TORRES,SBTR,83948,40.61
ERVAL VELHO,4205209,CACADOR,SBCD,-,75.47
ERVAL VELHO,4205209,CHAPECO,SBCH,83883,124.72
ERVAL VELHO,4205209,LAGES,SBLJ,-,124.8
FAXINAL DOS GUEDES,4205308,CHAPECO,SBCH,83883,52.53
FAXINAL DOS GUEDES,4205308,CACADOR,SBCD,-,130.6
FAXINAL DOS GUEDES,4205308,PASSO FUNDO,SBPF,83914,156
FLOR DO SERTÃO,4205357,CHAPECO,SBCH,83883,77.45
FLOR DO SERTÃO,4205357,FOZ DO IGUACU (AEROPORTO),SBFI,83827,172.63
FLOR DO SERTÃO,4205357,AEROP. SANTO ANGELO - R,SBNM,-,186.68
FLORIANÓPOLIS,4205407,FLORIANOPOLIS,SBXF,83897,3.8
FLORIANÓPOLIS,4205407,FLORIANOPOLIS (AEROPORTO),SBFL,83899,10.07
FLORIANÓPOLIS,4205407,NAVEGANTES (AEROPORTO),SBNF,83926,78.65
FORMOSA DO SUL,4205431,CHAPECO,SBCH,83883,56.45
FORMOSA DO SUL,4205431,PASSO FUNDO,SBPF,83914,185.38
FORMOSA DO SUL,4205431,CACADOR,SBCD,-,185.7
FORQUILHINHA,4205456,CRICIUMA-SC (AER. FORQUILINHA,SBCN,-,9.19
FORQUILHINHA,4205456,FORQUILHINHA,SBCM,-,9.19
FORQUILHINHA,4205456,TORRES,SBTR,83948,68.21
FRAIBURGO,4205506,CACADOR,SBCD,-,29.07
FRAIBURGO,4205506,LAGES,SBLJ,-,101.22
FRAIBURGO,4205506,CHAPECO,SBCH,83883,178.41
FREI ROGÉRIO,4205555,CACADOR,SBCD,-,48.77
FREI ROGÉRIO,4205555,LAGES,SBLJ,-,80.93
FREI ROGÉRIO,4205555,CHAPECO,SBCH,83883,188.52
GALVÃO,4205605,CHAPECO,SBCH,83883,75.28
GALVÃO,4205605,GUARAPUAVA-PR (AER. TANCREDO T.,SBGU,-,165.76
GALVÃO,4205605,CACADOR,SBCD,-,176.82
GAROPABA,4205704,FLORIANOPOLIS (AEROPORTO),SBFL,83899,4.36
GAROPABA,4205704,FLORIANOPOLIS,SBXF,83897,10.62
GAROPABA,4205704,NAVEGANTES (AEROPORTO),SBNF,83926,86.72
GARUVA,4205803,JOINVILLE,SBJV,83905,17.8
GARUVA,4205803,CURITIBA (AEROPORTO),SBCT,83840,68.6
GARUVA,4205803,PARANAGUA,SBPG,83844,69.49
GASPAR,4205902,NAVEGANTES (AEROPORTO),SBNF,83926,31.25
GASPAR,4205902,JOINVILLE,SBJV,83905,80.15
GASPAR,4205902,FLORIANOPOLIS,SBXF,83897,82.32
GOVERNADOR CELSO RAMOS,4206009,FLORIANOPOLIS,SBXF,83897,19.15
GOVERNADOR CELSO RAMOS,4206009,FLORIANOPOLIS (AEROPORTO),SBFL,83899,27.48
GOVERNADOR CELSO RAMOS,4206009,NAVEGANTES (AEROPORTO),SBNF,83926,63.02
GRÃO PARÁ,4206108,CRICIUMA-SC (AER. FORQUILINHA,SBCN,-,63.79
GRÃO PARÁ,4206108,FORQUILHINHA,SBCM,-,63.79
GRÃO PARÁ,4206108,FLORIANOPOLIS (AEROPORTO),SBFL,83899,94.26
GRAVATAL,4206207,CRICIUMA-SC (AER. FORQUILINHA,SBCN,-,56.57
GRAVATAL,4206207,FORQUILHINHA,SBCM,-,56.57
GRAVATAL,4206207,FLORIANOPOLIS (AEROPORTO),SBFL,83899,89.95
GUABIRUBA,4206306,NAVEGANTES (AEROPORTO),SBNF,83926,44.11
GUABIRUBA,4206306,FLORIANOPOLIS,SBXF,83897,69.4
GUABIRUBA,4206306,FLORIANOPOLIS (AEROPORTO),SBFL,83899,79.68
GUARACIABA,4206405,CHAPECO,SBCH,83883,107.83
GUARACIABA,4206405,FOZ DO IGUACU (AEROPORTO),SBFI,83827,142.3
GUARACIABA,4206405,CASCAVEL-PR,SBCA,-,176.16
GUARAMIRIM,4206504,JOINVILLE,SBJV,83905,28.95
GUARAMIRIM,4206504,NAVEGANTES (AEROPORTO),SBNF,83926,51.51
GUARAMIRIM,4206504,CURITIBA (AEROPORTO),SBCT,83840,109.16
GUARUJÁ DO SUL,4206603,CHAPECO,SBCH,83883,113.88
GUARUJÁ DO SUL,4206603,FOZ DO IGUACU (AEROPORTO),SBFI,83827,134.2
GUARUJÁ DO SUL,4206603,CASCAVEL-PR,SBCA,-,155.66
GUATAMBÚ,4206652,CHAPECO,SBCH,83883,10.43
GUATAMBÚ,4206652,PASSO FUNDO,SBPF,83914,133.57
GUATAMBÚ,4206652,CACADOR,SBCD,-,186.54
HERVAL D'OESTE,4206702,CACADOR,SBCD,-,65.32
HERVAL D'OESTE,4206702,CHAPECO,SBCH,83883,124.82
HERVAL D'OESTE,4206702,LAGES,SBLJ,-,129.74
IBIAM,4206751,CACADOR,SBCD,-,55.66
IBIAM,4206751,LAGES,SBLJ,-,111.86
IBIAM,4206751,CHAPECO,SBCH,83883,144.18
IBICARÉ,4206801,CACADOR,SBCD,-,55.75
IBICARÉ,4206801,CHAPECO,SBCH,83883,128.71
IBICARÉ,4206801,LAGES,SBLJ,-,132.03
IBIRAMA,4206900,NAVEGANTES (AEROPORTO),SBNF,83926,88.36
IBIRAMA,4206900,LAGES,SBLJ,-,112.63
IBIRAMA,4206900,FLORIANOPOLIS,SBXF,83897,113.38
IÇARA,4207007,CRICIUMA-SC (AER. FORQUILINHA,SBCN,-,15.19
IÇARA,4207007,FORQUILHINHA,SBCM,-,15.19
IÇARA,4207007,TORRES,SBTR,83948,78.14
ILHOTA,4207106,NAVEGANTES (AEROPORTO),SBNF,83926,21.42
ILHOTA,4207106,JOINVILLE,SBJV,83905,70.76
ILHOTA,4207106,FLORIANOPOLIS,SBXF,83897,85.82
IMARUÍ,4207205,FLORIANOPOLIS (AEROPORTO),SBFL,83899,69.17
IMARUÍ,4207205,FLORIANOPOLIS,SBXF,83897,76.9
IMARUÍ,4207205,CRICIUMA-SC (AER. FORQUILINHA,SBCN,-,78.95
IMBITUBA,4207304,FLORIANOPOLIS (AEROPORTO),SBFL,83899,59.51
IMBITUBA,4207304,FLORIANOPOLIS,SBXF,83897,68.24
IMBITUBA,4207304,CRICIUMA-SC (AER. FORQUILINHA,SBCN,-,91.78
IMBUIA,4207403,FLORIANOPOLIS,SBXF,83897,82.44
IMBUIA,4207403,FLORIANOPOLIS (AEROPORTO),SBFL,83899,88.05
IMBUIA,4207403,LAGES,SBLJ,-,92.51
INDAIAL,4207502,NAVEGANTES (AEROPORTO),SBNF,83926,55.7
INDAIAL,4207502,FLORIANOPOLIS,SBXF,83897,89.11
INDAIAL,4207502,JOINVILLE,SBJV,83905,95.44
IOMERÊ,4207577,CACADOR,SBCD,-,41.35
IOMERÊ,4207577,LAGES,SBLJ,-,131.97
IOMERÊ,4207577,CHAPECO,SBCH,83883,138.98
IPIRA,4207601,CHAPECO,SBCH,83883,90.03
IPIRA,4207601,CACADOR,SBCD,-,108.1
IPIRA,4207601,PASSO FUNDO,SBPF,83914,111.09
IPORÃ DO OESTE,4207650,CHAPECO,SBCH,83883,83.18
IPORÃ DO OESTE,4207650,AEROP. SANTO ANGELO - R,SBNM,-,158.95
IPORÃ DO OESTE,4207650,FOZ DO IGUACU (AEROPORTO),SBFI,83827,181.74
IPUAÇU,4207684,CHAPECO,SBCH,83883,53.59
IPUAÇU,4207684,CACADOR,SBCD,-,153.87
IPUAÇU,4207684,GUARAPUAVA-PR (AER. TANCREDO T.,SBGU,-,173.26
IPUMIRIM,4207700,CHAPECO,SBCH,83883,50.53
IPUMIRIM,4207700,CACADOR,SBCD,-,126.27
IPUMIRIM,4207700,PASSO FUNDO,SBPF,83914,136.27
IRACEMINHA,4207759,CHAPECO,SBCH,83883,72.38
IRACEMINHA,4207759,AEROP. SANTO ANGELO - R,SBNM,-,179.18
IRACEMINHA,4207759,FOZ DO IGUACU (AEROPORTO),SBFI,83827,179.9
IRANI,4207809,CHAPECO,SBCH,83883,67.54
IRANI,4207809,CACADOR,SBCD,-,109.63
IRANI,4207809,PASSO FUNDO,SBPF,83914,137.62
IRATI,4207858,CHAPECO,SBCH,83883,59.83
IRATI,4207858,PASSO FUNDO,SBPF,83914,188.54
IRATI,4207858,CASCAVEL-PR,SBCA,-,191.14
IRINEÓPOLIS,4207908,CACADOR,SBCD,-,50.07
IRINEÓPOLIS,4207908,GUARAPUAVA-PR (AER. TANCREDO T.,SBGU,-,132.54
IRINEÓPOLIS,4207908,PONTA GROSSA,SBGS,83837,151.67
ITÁ,4208005,CHAPECO,SBCH,83883,35.65
ITÁ,4208005,PASSO FUNDO,SBPF,83914,111.85
ITÁ,4208005,CACADOR,SBCD,-,148.28
ITAIÓPOLIS,4208104,CACADOR,SBCD,-,108.77
ITAIÓPOLIS,4208104,JOINVILLE,SBJV,83905,112.3
ITAIÓPOLIS,4208104,CURITIBA (AEROPORTO),SBCT,83840,128.08
ITAJAÍ,4208203,NAVEGANTES (AEROPORTO),SBNF,83926,14.22
ITAJAÍ,4208203,FLORIANOPOLIS,SBXF,83897,70.03
ITAJAÍ,4208203,FLORIANOPOLIS (AEROPORTO),SBFL,83899,80.72
ITAPEMA,4208302,NAVEGANTES (AEROPORTO),SBNF,83926,27.93
ITAPEMA,4208302,FLORIANOPOLIS,SBXF,83897,50.32
ITAPEMA,4208302,FLORIANOPOLIS (AEROPORTO),SBFL,83899,60.77
ITAPIRANGA,4208401,CHAPECO,SBCH,83883,102.91
ITAPIRANGA,4208401,AEROP. SANTO ANGELO - R,SBNM,-,136.59
ITAPIRANGA,4208401,CRUZ ALTA,SBCL,83912,169.22
ITAPOÁ,4208450,JOINVILLE,SBJV,83905,25.52
ITAPOÁ,4208450,PARANAGUA,SBPG,83844,57.71
ITAPOÁ,4208450,CURITIBA (AEROPORTO),SBCT,83840,74.49
ITUPORANGA,4208500,LAGES,SBLJ,-,81.32
ITUPORANGA,4208500,FLORIANOPOLIS,SBXF,83897,96.69
ITUPORANGA,4208500,FLORIANOPOLIS (AEROPORTO),SBFL,83899,102.42
JABORÁ,4208609,CHAPECO,SBCH,83883,89.44
JABORÁ,4208609,CACADOR,SBCD,-,91.95
JABORÁ,4208609,PASSO FUNDO,SBPF,83914,135.52
JACINTO MACHADO,4208708,TORRES,SBTR,83948,41.1
JACINTO MACHADO,4208708,CRICIUMA-SC (AER. FORQUILINHA,SBCN,-,51.71
JACINTO MACHADO,4208708,FORQUILHINHA,SBCM,-,51.71
JAGUARUNA,4208807,CRICIUMA-SC (AER. FORQUILINHA,SBCN,-,37.9
JAGUARUNA,4208807,FORQUILHINHA,SBCM,-,37.9
JAGUARUNA,4208807,TORRES,SBTR,83948,102.36
JARAGUÁ DO SUL,4208906,JOINVILLE,SBJV,83905,46.09
JARAGUÁ DO SUL,4208906,NAVEGANTES (AEROPORTO),SBNF,83926,67.4
JARAGUÁ DO SUL,4208906,CURITIBA (AEROPORTO),SBCT,83840,106.78
JARDINÓPOLIS,4208955,CHAPECO,SBCH,83883,50.12
JARDINÓPOLIS,4208955,PASSO FUNDO,SBPF,83914,178.66
JARDINÓPOLIS,4208955,CACADOR,SBCD,-,193.11
JOAÇABA,4209003,CACADOR,SBCD,-,77.38
JOAÇABA,4209003,CHAPECO,SBCH,83883,106.84
JOAÇABA,4209003,PASSO FUNDO,SBPF,83914,142.23
JOINVILLE,4209102,JOINVILLE,SBJV,83905,14.08
JOINVILLE,4209102,NAVEGANTES (AEROPORTO),SBNF,83926,75.82
JOINVILLE,4209102,CURITIBA (AEROPORTO),SBCT,83840,84.28
JOSÉ BOITEUX,4209151,NAVEGANTES (AEROPORTO),SBNF,83926,101.78
JOSÉ BOITEUX,4209151,JOINVILLE,SBJV,83905,112.29
JOSÉ BOITEUX,4209151,LAGES,SBLJ,-,118.71
JUPIÁ,4209177,CHAPECO,SBCH,83883,82.59
JUPIÁ,4209177,GUARAPUAVA-PR (AER. TANCREDO T.,SBGU,-,166.77
JUPIÁ,4209177,CASCAVEL-PR,SBCA,-,171.88
LACERDÓPOLIS,4209201,CACADOR,SBCD,-,83.56
LACERDÓPOLIS,4209201,CHAPECO,SBCH,83883,107.75
LACERDÓPOLIS,4209201,PASSO FUNDO,SBPF,83914,133.05
LAGES,4209300,LAGES,SBLJ,-,27.29
LAGES,4209300,CRICIUMA-SC (AER. FORQUILINHA,SBCN,-,119.07
LAGES,4209300,FORQUILHINHA,SBCM,-,119.07
LAGUNA,4209409,CRICIUMA-SC (AER. FORQUILINHA,SBCN,-,63.35
LAGUNA,4209409,FORQUILHINHA,SBCM,-,63.35
LAGUNA,4209409,FLORIANOPOLIS (AEROPORTO),SBFL,83899,93.46
LAJEADO GRANDE,4209458,CHAPECO,SBCH,83883,32.59
LAJEADO GRANDE,4209458,PASSO FUNDO,SBPF,83914,156.44
LAJEADO GRANDE,4209458,CACADOR,SBCD,-,161.07
LAURENTINO,4209508,LAGES,SBLJ,-,83.28
LAURENTINO,4209508,NAVEGANTES (AEROPORTO),SBNF,83926,113.86
LAURENTINO,4209508,FLORIANOPOLIS,SBXF,83897,122.91
LAURO MULLER,4209607,CRICIUMA-SC (AER. FORQUILINHA,SBCN,-,37.36
LAURO MULLER,4209607,FORQUILHINHA,SBCM,-,37.36
LAURO MULLER,4209607,LAGES,SBLJ,-,105.61
LEBON RÉGIS,4209706,CACADOR,SBCD,-,24.23
LEBON RÉGIS,4209706,LAGES,SBLJ,-,110.67
LEBON RÉGIS,4209706,GUARAPUAVA-PR (AER. TANCREDO T.,SBGU,-,183.52
LEOBERTO LEAL,4209805,FLORIANOPOLIS,SBXF,83897,68.91
LEOBERTO LEAL,4209805,FLORIANOPOLIS (AEROPORTO),SBFL,83899,75.07
LEOBERTO LEAL,4209805,NAVEGANTES (AEROPORTO),SBNF,83926,89.15
LINDÓIA DO SUL,4209854,CHAPECO,SBCH,83883,75.17
LINDÓIA DO SUL,4209854,CACADOR,SBCD,-,101.69
LINDÓIA DO SUL,4209854,PASSO FUNDO,SBPF,83914,144.18
LONTRAS,4209904,NAVEGANTES (AEROPORTO),SBNF,83926,92.06
LONTRAS,4209904,LAGES,SBLJ,-,100.32
LONTRAS,4209904,FLORIANOPOLIS,SBXF,83897,102.8
LUIZ ALVES,4210001,NAVEGANTES (AEROPORTO),SBNF,83926,28.68
LUIZ ALVES,4210001,JOINVILLE,SBJV,83905,57.49
LUIZ ALVES,4210001,FLORIANOPOLIS,SBXF,83897,99.42
LUZERNA,4210035,CACADOR,SBCD,-,66.71
LUZERNA,4210035,CHAPECO,SBCH,83883,115.36
LUZERNA,4210035,LAGES,SBLJ,-,143.14
MACIEIRA,4210050,CACADOR,SBCD,-,42.22
MACIEIRA,4210050,CHAPECO,SBCH,83883,135.3
MACIEIRA,4210050,LAGES,SBLJ,-,151.79
MAFRA,4210100,CURITIBA (AEROPORTO),SBCT,83840,104.53
MAFRA,4210100,JOINVILLE,SBJV,83905,108.9
MAFRA,4210100,CURITIBA,SBBI,83842,110.89
MAJOR GERCINO,4210209,FLORIANOPOLIS,SBXF,83897,51.29
MAJOR GERCINO,4210209,FLORIANOPOLIS (AEROPORTO),SBFL,83899,58.8
MAJOR GERCINO,4210209,NAVEGANTES (AEROPORTO),SBNF,83926,73.67
MAJOR VIEIRA,4210308,CACADOR,SBCD,-,65.73
MAJOR VIEIRA,4210308,LAGES,SBLJ,-,144.57
MAJOR VIEIRA,4210308,PONTA GROSSA,SBGS,83837,154.8
MARACAJÁ,4210407,CRICIUMA-SC (AER. FORQUILINHA,SBCN,-,15.45
MARACAJÁ,4210407,FORQUILHINHA,SBCM,-,15.45
MARACAJÁ,4210407,TORRES,SBTR,83948,60.96
MARAVILHA,4210506,CHAPECO,SBCH,83883,66.45
MARAVILHA,4210506,FOZ DO IGUACU (AEROPORTO),SBFI,83827,181.79
MARAVILHA,4210506,PASSO FUNDO,SBPF,83914,186.37
MAREMA,4210555,CHAPECO,SBCH,83883,35.49
MAREMA,4210555,PASSO FUNDO,SBPF,83914,162.56
MAREMA,4210555,CACADOR,SBCD,-,168.9
MASSARANDUBA,4210605,NAVEGANTES (AEROPORTO),SBNF,83926,44.14
MASSARANDUBA,4210605,JOINVILLE,SBJV,83905,48.36
MASSARANDUBA,4210605,FLORIANOPOLIS,SBXF,83897,114.32
MATOS COSTA,4210704,CACADOR,SBCD,-,39.85
MATOS COSTA,4210704,GUARAPUAVA-PR (AER. TANCREDO T.,SBGU,-,127.07
MATOS COSTA,4210704,LAGES,SBLJ,-,168.26
MELEIRO,4210803,CRICIUMA-SC (AER. FORQUILINHA,SBCN,-,22.72
MELEIRO,4210803,FORQUILHINHA,SBCM,-,22.72
MELEIRO,4210803,TORRES,SBTR,83948,57.53
MIRIM DOCE,4210852,LAGES,SBLJ,-,66.86
MIRIM DOCE,4210852,CACADOR,SBCD,-,87.46
MIRIM DOCE,4210852,NAVEGANTES (AEROPORTO),SBNF,83926,154.75
MODELO,4210902,CHAPECO,SBCH,83883,55.02
MODELO,4210902,PASSO FUNDO,SBPF,83914,179.27
MODELO,4210902,FOZ DO IGUACU (AEROPORTO),SBFI,83827,193.03
MONDAÍ,4211009,CHAPECO,SBCH,83883,77.1
MONDAÍ,4211009,AEROP. SANTO ANGELO - R,SBNM,-,148.02
MONDAÍ,4211009,PASSO FUNDO,SBPF,83914,168.57
MONTE CARLO,4211058,CACADOR,SBCD,-,45.89
MONTE CARLO,4211058,LAGES,SBLJ,-,91.42
MONTE CARLO,4211058,CHAPECO,SBCH,83883,172.44
MONTE CASTELO,4211108,CACADOR,SBCD,-,64.78
MONTE CASTELO,4211108,LAGES,SBLJ,-,124.52
MONTE CASTELO,4211108,JOINVILLE,SBJV,83905,156.38
MORRO DA FUMAÇA,4211207,CRICIUMA-SC (AER. FORQUILINHA,SBCN,-,18.93
MORRO DA FUMAÇA,4211207,FORQUILHINHA,SBCM,-,18.93
MORRO DA FUMAÇA,4211207,TORRES,SBTR,83948,92.33
MORRO GRANDE,4211256,CRICIUMA-SC (AER. FORQUILINHA,SBCN,-,31.42
MORRO GRANDE,4211256,FORQUILHINHA,SBCM,-,31.42
MORRO GRANDE,4211256,TORRES,SBTR,83948,69.71
NAVEGANTES,4211306,NAVEGANTES (AEROPORTO),SBNF,83926,10.14
NAVEGANTES,4211306,JOINVILLE,SBJV,83905,68.48
NAVEGANTES,4211306,FLORIANOPOLIS,SBXF,83897,84.67
NOVA ERECHIM,4211405,CHAPECO,SBCH,83883,33.17
NOVA ERECHIM,4211405,PASSO FUNDO,SBPF,83914,158.93
NOVA ERECHIM,4211405,CACADOR,SBCD,-,195.97
NOVA ITABERABA,4211454,CHAPECO,SBCH,83883,24.85
NOVA ITABERABA,4211454,PASSO FUNDO,SBPF,83914,151.62
NOVA ITABERABA,4211454,CACADOR,SBCD,-,190.11
NOVA TRENTO,4211504,FLORIANOPOLIS,SBXF,83897,55.24
NOVA TRENTO,4211504,NAVEGANTES (AEROPORTO),SBNF,83926,61.82
NOVA TRENTO,4211504,FLORIANOPOLIS (AEROPORTO),SBFL,83899,64.25
NOVA VENEZA,4211603,CRICIUMA-SC (AER. FORQUILINHA,SBCN,-,16.51
NOVA VENEZA,4211603,FORQUILHINHA,SBCM,-,16.51
NOVA VENEZA,4211603,TORRES,SBTR,83948,75.32
NOVO HORIZONTE,4211652,CHAPECO,SBCH,83883,71.75
NOVO HORIZONTE,4211652,GUARAPUAVA-PR (AER. TANCREDO T.,SBGU,-,178.03
NOVO HORIZONTE,4211652,CASCAVEL-PR,SBCA,-,180.49
ORLEANS,4211702,CRICIUMA-SC (AER. FORQUILINHA,SBCN,-,49.19
ORLEANS,4211702,FORQUILHINHA,SBCM,-,49.19
ORLEANS,4211702,LAGES,SBLJ,-,104.86
OTACÍLIO COSTA,4211751,LAGES,SBLJ,-,42.15
OTACÍLIO COSTA,4211751,CACADOR,SBCD,-,125.34
OTACÍLIO COSTA,4211751,FLORIANOPOLIS,SBXF,83897,138.36
OURO,4211801,CACADOR,SBCD,-,92.8
OURO,4211801,CHAPECO,SBCH,83883,100
OURO,4211801,PASSO FUNDO,SBPF,83914,125.02
OURO VERDE,4211850,CHAPECO,SBCH,83883,60.48
OURO VERDE,4211850,CACADOR,SBCD,-,134.23
OURO VERDE,4211850,GUARAPUAVA-PR (AER. TANCREDO T.,SBGU,-,166.42
PAIAL,4211876,CHAPECO,SBCH,83883,21.13
PAIAL,4211876,PASSO FUNDO,SBPF,83914,115.59
PAIAL,4211876,CACADOR,SBCD,-,161.27
PAINEL,4211892,LAGES,SBLJ,-,28.83
PAINEL,4211892,CRICIUMA-SC (AER. FORQUILINHA,SBCN,-,105.63
PAINEL,4211892,FORQUILHINHA,SBCM,-,105.63
PALHOÇA,4211900,FLORIANOPOLIS (AEROPORTO),SBFL,83899,16.79
PALHOÇA,4211900,FLORIANOPOLIS,SBXF,83897,22.75
PALHOÇA,4211900,NAVEGANTES (AEROPORTO),SBNF,83926,98.84
PALMA SOLA,4212007,CHAPECO,SBCH,83883,104.97
PALMA SOLA,4212007,FOZ DO IGUACU (AEROPORTO),SBFI,83827,145.31
PALMA SOLA,4212007,CASCAVEL-PR,SBCA,-,154.82
PALMEIRA,4212056,LAGES,SBLJ,-,26.82
PALMEIRA,4212056,CACADOR,SBCD,-,115.53
PALMEIRA,4212056,CRICIUMA-SC (AER. FORQUILINHA,SBCN,-,147.83
PALMITOS,4212106,CHAPECO,SBCH,83883,50.62
PALMITOS,4212106,PASSO FUNDO,SBPF,83914,153.54
PALMITOS,4212106,AEROP. SANTO ANGELO - R,SBNM,-,163.28
PAPANDUVA,4212205,CACADOR,SBCD,-,81.63
PAPANDUVA,4212205,JOINVILLE,SBJV,83905,140.12
PAPANDUVA,4212205,LAGES,SBLJ,-,142.94
PARAÍSO,4212239,CHAPECO,SBCH,83883,112.77
PARAÍSO,4212239,FOZ DO IGUACU (AEROPORTO),SBFI,83827,142.52
PARAÍSO,4212239,AEROP. SANTO ANGELO - R,SBNM,-,185.46
PASSO DE TORRES,4212254,TORRES,SBTR,83948,8.32
PASSO DE TORRES,4212254,CRICIUMA-SC (AER. FORQUILINHA,SBCN,-,68.6
PASSO DE TORRES,4212254,FORQUILHINHA,SBCM,-,68.6
PASSOS MAIA,4212270,CHAPECO,SBCH,83883,84.66
PASSOS MAIA,4212270,CACADOR,SBCD,-,102.76
PASSOS MAIA,4212270,GUARAPUAVA-PR (AER. TANCREDO T.,SBGU,-,153.81
PAULO LOPES,4212304,FLORIANOPOLIS (AEROPORTO),SBFL,83899,40
PAULO LOPES,4212304,FLORIANOPOLIS,SBXF,83897,46.84
PAULO LOPES,4212304,CRICIUMA-SC (AER. FORQUILINHA,SBCN,-,105.76
PEDRAS GRANDES,4212403,CRICIUMA-SC (AER. FORQUILINHA,SBCN,-,32.95
PEDRAS GRANDES,4212403,FORQUILHINHA,SBCM,-,32.95
PEDRAS GRANDES,4212403,TORRES,SBTR,83948,108.22
PENHA,4212502,NAVEGANTES (AEROPORTO),SBNF,83926,9.61
PENHA,4212502,JOINVILLE,SBJV,83905,65.33
PENHA,4212502,FLORIANOPOLIS,SBXF,83897,87.85
PERITIBA,4212601,CHAPECO,SBCH,83883,82.04
PERITIBA,4212601,PASSO FUNDO,SBPF,83914,109.48
PERITIBA,4212601,CACADOR,SBCD,-,113.28
PETROLÂNDIA,4212700,LAGES,SBLJ,-,64.09
PETROLÂNDIA,4212700,FLORIANOPOLIS,SBXF,83897,109.98
PETROLÂNDIA,4212700,FLORIANOPOLIS (AEROPORTO),SBFL,83899,114.64
BALNEÁRIO PIÇARRAS,4212809,NAVEGANTES (AEROPORTO),SBNF,83926,15.44
BALNEÁRIO PIÇARRAS,4212809,JOINVILLE,SBJV,83905,60.72
BALNEÁRIO PIÇARRAS,4212809,FLORIANOPOLIS,SBXF,83897,92.29
PINHALZINHO,4212908,CHAPECO,SBCH,83883,45.15
PINHALZINHO,4212908,PASSO FUNDO,SBPF,83914,170.37
PINHALZINHO,4212908,AEROP. SANTO ANGELO - R,SBNM,-,198.89
PINHEIRO PRETO,4213005,CACADOR,SBCD,-,42.53
PINHEIRO PRETO,4213005,LAGES,SBLJ,-,124.1
PINHEIRO PRETO,4213005,CHAPECO,SBCH,83883,142.59
PIRATUBA,4213104,CHAPECO,SBCH,83883,96.53
PIRATUBA,4213104,PASSO FUNDO,SBPF,83914,104.42
PIRATUBA,4213104,CACADOR,SBCD,-,111.6
PLANALTO ALEGRE,4213153,CHAPECO,SBCH,83883,40.61
PLANALTO ALEGRE,4213153,PASSO FUNDO,SBPF,83914,150.87
PLANALTO ALEGRE,4213153,AEROP. SANTO ANGELO - R,SBNM,-,172.21
POMERODE,4213203,NAVEGANTES (AEROPORTO),SBNF,83926,56.52
POMERODE,4213203,JOINVILLE,SBJV,83905,63.53
POMERODE,4213203,FLORIANOPOLIS,SBXF,83897,116.36
PONTE ALTA,4213302,LAGES,SBLJ,-,41.08
PONTE ALTA,4213302,CACADOR,SBCD,-,93.96
PONTE ALTA,4213302,CRICIUMA-SC (AER. FORQUILINHA,SBCN,-,169.18
PONTE ALTA DO NORTE,4213351,CACADOR,SBCD,-,67.41
PONTE ALTA DO NORTE,4213351,LAGES,SBLJ,-,68.15
PONTE ALTA DO NORTE,4213351,NAVEGANTES (AEROPORTO),SBNF,83926,178.29
PONTE SERRADA,4213401,CHAPECO,SBCH,83883,79.51
PONTE SERRADA,4213401,CACADOR,SBCD,-,99.37
PONTE SERRADA,4213401,PASSO FUNDO,SBPF,83914,159.71
PORTO BELO,4213500,NAVEGANTES (AEROPORTO),SBNF,83926,32.09
PORTO BELO,4213500,FLORIANOPOLIS,SBXF,83897,46.22
PORTO BELO,4213500,FLORIANOPOLIS (AEROPORTO),SBFL,83899,56.56
PORTO UNIÃO,4213609,CACADOR,SBCD,-,47.53
PORTO UNIÃO,4213609,GUARAPUAVA-PR (AER. TANCREDO T.,SBGU,-,119.96
PORTO UNIÃO,4213609,PONTA GROSSA,SBGS,83837,163.87
POUSO REDONDO,4213708,LAGES,SBLJ,-,62.49
POUSO REDONDO,4213708,CACADOR,SBCD,-,109.97
POUSO REDONDO,4213708,NAVEGANTES (AEROPORTO),SBNF,83926,138.89
PRAIA GRANDE,4213807,TORRES,SBTR,83948,31.24
PRAIA GRANDE,4213807,CRICIUMA-SC (AER. FORQUILINHA,SBCN,-,75.11
PRAIA GRANDE,4213807,FORQUILHINHA,SBCM,-,75.11
PRESIDENTE CASTELLO BRANCO,4213906,CHAPECO,SBCH,83883,86.04
PRESIDENTE CASTELLO BRANCO,4213906,CACADOR,SBCD,-,100.34
PRESIDENTE CASTELLO BRANCO,4213906,PASSO FUNDO,SBPF,83914,124.48
PRESIDENTE GETÚLIO,4214003,LAGES,SBLJ,-,97.4
PRESIDENTE GETÚLIO,4214003,NAVEGANTES (AEROPORTO),SBNF,83926,107.19
PRESIDENTE GETÚLIO,4214003,CACADOR,SBCD,-,124.83
PRESIDENTE NEREU,4214102,NAVEGANTES (AEROPORTO),SBNF,83926,81.61
PRESIDENTE NEREU,4214102,FLORIANOPOLIS,SBXF,83897,84.37
PRESIDENTE NEREU,4214102,FLORIANOPOLIS (AEROPORTO),SBFL,83899,92.35
PRINCESA,4214151,CHAPECO,SBCH,83883,123.51
PRINCESA,4214151,FOZ DO IGUACU (AEROPORTO),SBFI,83827,124.71
PRINCESA,4214151,CASCAVEL-PR,SBCA,-,157.5
QUILOMBO,4214201,CHAPECO,SBCH,83883,44.83
QUILOMBO,4214201,PASSO FUNDO,SBPF,83914,173.4
QUILOMBO,4214201,CACADOR,SBCD,-,177.65
RANCHO QUEIMADO,4214300,FLORIANOPOLIS,SBXF,83897,52.38
RANCHO QUEIMADO,4214300,FLORIANOPOLIS (AEROPORTO),SBFL,83899,55.22
RANCHO QUEIMADO,4214300,NAVEGANTES (AEROPORTO),SBNF,83926,98.55
RIO DAS ANTAS,4214409,CACADOR,SBCD,-,21.38
RIO DAS ANTAS,4214409,LAGES,SBLJ,-,122.31
RIO DAS ANTAS,4214409,CHAPECO,SBCH,83883,160.49
RIO DO CAMPO,4214508,CACADOR,SBCD,-,80.2
RIO DO CAMPO,4214508,LAGES,SBLJ,-,99.71
RIO DO CAMPO,4214508,NAVEGANTES (AEROPORTO),SBNF,83926,146.96
RIO DO OESTE,4214607,LAGES,SBLJ,-,81.77
RIO DO OESTE,4214607,CACADOR,SBCD,-,116
RIO DO OESTE,4214607,NAVEGANTES (AEROPORTO),SBNF,83926,121.74
RIO DOS CEDROS,4214706,JOINVILLE,SBJV,83905,75.73
RIO DOS CEDROS,4214706,NAVEGANTES (AEROPORTO),SBNF,83926,76.7
RIO DOS CEDROS,4214706,CURITIBA (AEROPORTO),SBCT,83840,128.37
RIO DO SUL,4214805,LAGES,SBLJ,-,91.38
RIO DO SUL,4214805,NAVEGANTES (AEROPORTO),SBNF,83926,103.18
RIO DO SUL,4214805,FLORIANOPOLIS,SBXF,83897,113.11
RIO FORTUNA,4214904,CRICIUMA-SC (AER. FORQUILINHA,SBCN,-,74.08
RIO FORTUNA,4214904,FORQUILHINHA,SBCM,-,74.08
RIO FORTUNA,4214904,FLORIANOPOLIS (AEROPORTO),SBFL,83899,78.76
RIO NEGRINHO,4215000,JOINVILLE,SBJV,83905,82.82
RIO NEGRINHO,4215000,NAVEGANTES (AEROPORTO),SBNF,83926,105.98
RIO NEGRINHO,4215000,CURITIBA (AEROPORTO),SBCT,83840,110.53
RIO RUFINO,4215059,LAGES,SBLJ,-,49.44
RIO RUFINO,4215059,CRICIUMA-SC (AER. FORQUILINHA,SBCN,-,96.41
RIO RUFINO,4215059,FORQUILHINHA,SBCM,-,96.41
RIQUEZA,4215075,CHAPECO,SBCH,83883,68.95
RIQUEZA,4215075,AEROP. SANTO ANGELO - R,SBNM,-,165.31
RIQUEZA,4215075,PASSO FUNDO,SBPF,83914,173.39
RODEIO,4215109,NAVEGANTES (AEROPORTO),SBNF,83926,25.8
RODEIO,4215109,JOINVILLE,SBJV,83905,66.57
RODEIO,4215109,FLORIANOPOLIS,SBXF,83897,95.17
ROMELÂNDIA,4215208,CHAPECO,SBCH,83883,83.14
ROMELÂNDIA,4215208,FOZ DO IGUACU (AEROPORTO),SBFI,83827,164.95
ROMELÂNDIA,4215208,CASCAVEL-PR,SBCA,-,184.35
SALETE,4215307,CACADOR,SBCD,-,93.54
SALETE,4215307,LAGES,SBLJ,-,93.97
SALETE,4215307,NAVEGANTES (AEROPORTO),SBNF,83926,135.3
SALTINHO,4215356,CHAPECO,SBCH,83883,69.47
SALTINHO,4215356,FOZ DO IGUACU (AEROPORTO),SBFI,83827,182.52
SALTINHO,4215356,CASCAVEL-PR,SBCA,-,183.15
SALTO VELOSO,4215406,CACADOR,SBCD,-,50.73
SALTO VELOSO,4215406,CHAPECO,SBCH,83883,126.1
SALTO VELOSO,4215406,LAGES,SBLJ,-,149.92
SANGÃO,4215455,CRICIUMA-SC (AER. FORQUILINHA,SBCN,-,29
SANGÃO,4215455,FORQUILHINHA,SBCM,-,29
SANGÃO,4215455,TORRES,SBTR,83948,97.04
SANTA CECÍLIA,4215505,CACADOR,SBCD,-,50.65
SANTA CECÍLIA,4215505,LAGES,SBLJ,-,96.4
SANTA CECÍLIA,4215505,NAVEGANTES (AEROPORTO),SBNF,83926,178.18
SANTA HELENA,4215554,CHAPECO,SBCH,83883,96.93
SANTA HELENA,4215554,AEROP. SANTO ANGELO - R,SBNM,-,159.6
SANTA HELENA,4215554,FOZ DO IGUACU (AEROPORTO),SBFI,83827,170.01
SANTA ROSA DE LIMA,4215604,FLORIANOPOLIS (AEROPORTO),SBFL,83899,76.52
SANTA ROSA DE LIMA,4215604,FLORIANOPOLIS,SBXF,83897,78.96
SANTA ROSA DE LIMA,4215604,CRICIUMA-SC (AER. FORQUILINHA,SBCN,-,80.79
SANTA ROSA DO SUL,4215653,TORRES,SBTR,83948,25.32
SANTA ROSA DO SUL,4215653,CRICIUMA-SC (AER. FORQUILINHA,SBCN,-,54.74
SANTA ROSA DO SUL,4215653,FORQUILHINHA,SBCM,-,54.74
SANTA TEREZINHA,4215679,CACADOR,SBCD,-,92.65
SANTA TEREZINHA,4215679,LAGES,SBLJ,-,126.59
SANTA TEREZINHA,4215679,JOINVILLE,SBJV,83905,129.95
SANTA TEREZINHA DO PROGRESSO,4215687,CHAPECO,SBCH,83883,77.75
SANTA TEREZINHA DO PROGRESSO,4215687,FOZ DO IGUACU (AEROPORTO),SBFI,83827,171.06
SANTA TEREZINHA DO PROGRESSO,4215687,CASCAVEL-PR,SBCA,-,180.09
SANTIAGO DO SUL,4215695,CHAPECO,SBCH,83883,55.57
SANTIAGO DO SUL,4215695,CACADOR,SBCD,-,176.47
SANTIAGO DO SUL,4215695,GUARAPUAVA-PR (AER. TANCREDO T.,SBGU,-,182.27
SANTO AMARO DA IMPERATRIZ,4215703,FLORIANOPOLIS (AEROPORTO),SBFL,83899,27.3
SANTO AMARO DA IMPERATRIZ,4215703,FLORIANOPOLIS,SBXF,83897,28.49
SANTO AMARO DA IMPERATRIZ,4215703,NAVEGANTES (AEROPORTO),SBNF,83926,96.74
SÃO BERNARDINO,4215752,CHAPECO,SBCH,83883,78.17
SÃO BERNARDINO,4215752,CASCAVEL-PR,SBCA,-,173.11
SÃO BERNARDINO,4215752,FOZ DO IGUACU (AEROPORTO),SBFI,83827,178.65
SÃO BENTO DO SUL,4215802,JOINVILLE,SBJV,83905,55.09
SÃO BENTO DO SUL,4215802,CURITIBA (AEROPORTO),SBCT,83840,87.93
SÃO BENTO DO SUL,4215802,NAVEGANTES (AEROPORTO),SBNF,83926,95
SÃO BONIFÁCIO,4215901,FLORIANOPOLIS (AEROPORTO),SBFL,83899,49.93
SÃO BONIFÁCIO,4215901,FLORIANOPOLIS,SBXF,83897,53.92
SÃO BONIFÁCIO,4215901,CRICIUMA-SC (AER. FORQUILINHA,SBCN,-,98.63
SÃO CARLOS,4216008,CHAPECO,SBCH,83883,35.23
SÃO CARLOS,4216008,PASSO FUNDO,SBPF,83914,150.95
SÃO CARLOS,4216008,AEROP. SANTO ANGELO - R,SBNM,-,178.91
SÃO CRISTOVÃO DO SUL,4216057,LAGES,SBLJ,-,54.1
SÃO CRISTOVÃO DO SUL,4216057,CACADOR,SBCD,-,81.31
SÃO CRISTOVÃO DO SUL,4216057,NAVEGANTES (AEROPORTO),SBNF,83926,174.56
SÃO DOMINGOS,4216107,CHAPECO,SBCH,83883,67.23
SÃO DOMINGOS,4216107,CACADOR,SBCD,-,163.99
SÃO DOMINGOS,4216107,GUARAPUAVA-PR (AER. TANCREDO T.,SBGU,-,164.96
SÃO FRANCISCO DO SUL,4216206,JOINVILLE,SBJV,83905,15.6
SÃO FRANCISCO DO SUL,4216206,NAVEGANTES (AEROPORTO),SBNF,83926,69.04
SÃO FRANCISCO DO SUL,4216206,PARANAGUA,SBPG,83844,83.2
SÃO JOÃO DO OESTE,4216255,CHAPECO,SBCH,83883,90.97
SÃO JOÃO DO OESTE,4216255,AEROP. SANTO ANGELO - R,SBNM,-,139.58
SÃO JOÃO DO OESTE,4216255,CRUZ ALTA,SBCL,83912,167.36
SÃO JOÃO BATISTA,4216305,FLORIANOPOLIS,SBXF,83897,39.82
SÃO JOÃO BATISTA,4216305,FLORIANOPOLIS (AEROPORTO),SBFL,83899,49.76
SÃO JOÃO BATISTA,4216305,NAVEGANTES (AEROPORTO),SBNF,83926,54.79
SÃO JOÃO DO ITAPERIÚ,4216354,NAVEGANTES (AEROPORTO),SBNF,83926,35.04
SÃO JOÃO DO ITAPERIÚ,4216354,JOINVILLE,SBJV,83905,41.67
SÃO JOÃO DO ITAPERIÚ,4216354,FLORIANOPOLIS,SBXF,83897,111.9
SÃO JOÃO DO SUL,4216404,TORRES,SBTR,83948,17.82
SÃO JOÃO DO SUL,4216404,CRICIUMA-SC (AER. FORQUILINHA,SBCN,-,67.52
SÃO JOÃO DO SUL,4216404,FORQUILHINHA,SBCM,-,67.52
SÃO JOAQUIM,4216503,LAGES,SBLJ,-,63.3
SÃO JOAQUIM,4216503,CRICIUMA-SC (AER. FORQUILINHA,SBCN,-,74.6
SÃO JOAQUIM,4216503,FORQUILHINHA,SBCM,-,74.6
SÃO JOSÉ,4216602,FLORIANOPOLIS,SBXF,83897,4.94
SÃO JOSÉ,4216602,FLORIANOPOLIS (AEROPORTO),SBFL,83899,15.57
SÃO JOSÉ,4216602,NAVEGANTES (AEROPORTO),SBNF,83926,73.3
SÃO JOSÉ DO CEDRO,4216701,CHAPECO,SBCH,83883,112.85
SÃO JOSÉ DO CEDRO,4216701,FOZ DO IGUACU (AEROPORTO),SBFI,83827,135.35
SÃO JOSÉ DO CEDRO,4216701,CASCAVEL-PR,SBCA,-,164.28
SÃO JOSÉ DO CERRITO,4216800,LAGES,SBLJ,-,42.58
SÃO JOSÉ DO CERRITO,4216800,CACADOR,SBCD,-,93.26
SÃO JOSÉ DO CERRITO,4216800,CRICIUMA-SC (AER. FORQUILINHA,SBCN,-,174.85
SÃO LOURENÇO DO OESTE,4216909,CHAPECO,SBCH,83883,75.03
SÃO LOURENÇO DO OESTE,4216909,CASCAVEL-PR,SBCA,-,176.14
SÃO LOURENÇO DO OESTE,4216909,GUARAPUAVA-PR (AER. TANCREDO T.,SBGU,-,182.43
SÃO LUDGERO,4217006,CRICIUMA-SC (AER. FORQUILINHA,SBCN,-,48
SÃO LUDGERO,4217006,FORQUILHINHA,SBCM,-,48
SÃO LUDGERO,4217006,FLORIANOPOLIS (AEROPORTO),SBFL,83899,98.1
SÃO MARTINHO,4217105,FLORIANOPOLIS (AEROPORTO),SBFL,83899,70.26
SÃO MARTINHO,4217105,FLORIANOPOLIS,SBXF,83897,75.81
SÃO MARTINHO,4217105,CRICIUMA-SC (AER. FORQUILINHA,SBCN,-,75.91
SÃO MIGUEL DA BOA VISTA,4217154,CHAPECO,SBCH,83883,75.94
SÃO MIGUEL DA BOA VISTA,4217154,FOZ DO IGUACU (AEROPORTO),SBFI,83827,172.09
SÃO MIGUEL DA BOA VISTA,4217154,CASCAVEL-PR,SBCA,-,189.35
SÃO MIGUEL DO OESTE,4217204,CHAPECO,SBCH,83883,94.43
SÃO MIGUEL DO OESTE,4217204,FOZ DO IGUACU (AEROPORTO),SBFI,83827,158.68
SÃO MIGUEL DO OESTE,4217204,AEROP. SANTO ANGELO - R,SBNM,-,183
SÃO PEDRO DE ALCÂNTARA,4217253,FLORIANOPOLIS,SBXF,83897,26.74
SÃO PEDRO DE ALCÂNTARA,4217253,FLORIANOPOLIS (AEROPORTO),SBFL,83899,31.96
SÃO PEDRO DE ALCÂNTARA,4217253,NAVEGANTES (AEROPORTO),SBNF,83926,81.04
SAUDADES,4217303,CHAPECO,SBCH,83883,44.19
SAUDADES,4217303,PASSO FUNDO,SBPF,83914,165.81
SAUDADES,4217303,AEROP. SANTO ANGELO - R,SBNM,-,189.96
SCHROEDER,4217402,JOINVILLE,SBJV,83905,45.97
SCHROEDER,4217402,NAVEGANTES (AEROPORTO),SBNF,83926,81.66
SCHROEDER,4217402,CURITIBA (AEROPORTO),SBCT,83840,93.9
SEARA,4217501,CHAPECO,SBCH,83883,32.34
SEARA,4217501,PASSO FUNDO,SBPF,83914,122.41
SEARA,4217501,CACADOR,SBCD,-,146.01
SERRA ALTA,4217550,CHAPECO,SBCH,83883,59.82
SERRA ALTA,4217550,PASSO FUNDO,SBPF,83914,186.12
SERRA ALTA,4217550,FOZ DO IGUACU (AEROPORTO),SBFI,83827,189.64
SIDERÓPOLIS,4217600,CRICIUMA-SC (AER. FORQUILINHA,SBCN,-,18.54
SIDERÓPOLIS,4217600,FORQUILHINHA,SBCM,-,18.54
SIDERÓPOLIS,4217600,TORRES,SBTR,83948,87.6
SOMBRIO,4217709,TORRES,SBTR,83948,32.03
SOMBRIO,4217709,CRICIUMA-SC (AER. FORQUILINHA,SBCN,-,45.14
SOMBRIO,4217709,FORQUILHINHA,SBCM,-,45.14
SUL BRASIL,4217758,CHAPECO,SBCH,83883,55.64
SUL BRASIL,4217758,PASSO FUNDO,SBPF,83914,183.29
SUL BRASIL,4217758,FOZ DO IGUACU (AEROPORTO),SBFI,83827,195.46
TAIÓ,4217808,LAGES,SBLJ,-,80.11
TAIÓ,4217808,CACADOR,SBCD,-,89.37
TAIÓ,4217808,NAVEGANTES (AEROPORTO),SBNF,83926,144.71
TANGARÁ,4217907,CACADOR,SBCD,-,45.97
TANGARÁ,4217907,LAGES,SBLJ,-,110.85
TANGARÁ,4217907,CHAPECO,SBCH,83883,150.75
TIGRINHOS,4217956,CHAPECO,SBCH,83883,69.7
TIGRINHOS,4217956,FOZ DO IGUACU (AEROPORTO),SBFI,83827,178.41
TIGRINHOS,4217956,CASCAVEL-PR,SBCA,-,189.3
TIJUCAS,4218004,FLORIANOPOLIS,SBXF,83897,39.11
TIJUCAS,4218004,NAVEGANTES (AEROPORTO),SBNF,83926,41.31
TIJUCAS,4218004,FLORIANOPOLIS (AEROPORTO),SBFL,83899,49.86
TIMBÉ DO SUL,4218103,CRICIUMA-SC (AER. FORQUILINHA,SBCN,-,42.02
TIMBÉ DO SUL,4218103,FORQUILHINHA,SBCM,-,42.02
TIMBÉ DO SUL,4218103,TORRES,SBTR,83948,64.39
TIMBÓ,4218202,CACADOR,SBCD,-,57.51
TIMBÓ,4218202,LAGES,SBLJ,-,91.46
TIMBÓ,4218202,NAVEGANTES (AEROPORTO),SBNF,83926,172.53
TIMBÓ GRANDE,4218251,CACADOR,SBCD,-,31.38
TIMBÓ GRANDE,4218251,LAGES,SBLJ,-,134.22
TIMBÓ GRANDE,4218251,GUARAPUAVA-PR (AER. TANCREDO T.,SBGU,-,162.38
TRÊS BARRAS,4218301,CACADOR,SBCD,-,94.49
TRÊS BARRAS,4218301,PONTA GROSSA,SBGS,83837,119.88
TRÊS BARRAS,4218301,CURITIBA (AEROPORTO),SBCT,83840,131.44
TREVISO,4218350,CRICIUMA-SC (AER. FORQUILINHA,SBCN,-,25.39
TREVISO,4218350,FORQUILHINHA,SBCM,-,25.39
TREVISO,4218350,TORRES,SBTR,83948,97.38
TREZE DE MAIO,4218400,CRICIUMA-SC (AER. FORQUILINHA,SBCN,-,30.54
TREZE DE MAIO,4218400,FORQUILHINHA,SBCM,-,30.54
TREZE DE MAIO,4218400,TORRES,SBTR,83948,103.19
TREZE TÍLIAS,4218509,CACADOR,SBCD,-,55.49
TREZE TÍLIAS,4218509,CHAPECO,SBCH,83883,122.22
TREZE TÍLIAS,4218509,LAGES,SBLJ,-,146.89
TROMBUDO CENTRAL,4218608,LAGES,SBLJ,-,69.49
TROMBUDO CENTRAL,4218608,NAVEGANTES (AEROPORTO),SBNF,83926,124.7
TROMBUDO CENTRAL,4218608,CACADOR,SBCD,-,125.53
TUBARÃO,4218707,CRICIUMA-SC (AER. FORQUILINHA,SBCN,-,45.33
TUBARÃO,4218707,FORQUILHINHA,SBCM,-,45.33
TUBARÃO,4218707,FLORIANOPOLIS (AEROPORTO),SBFL,83899,102.94
TUNÁPOLIS,4218756,CHAPECO,SBCH,83883,98.35
TUNÁPOLIS,4218756,AEROP. SANTO ANGELO - R,SBNM,-,151.32
TUNÁPOLIS,4218756,FOZ DO IGUACU (AEROPORTO),SBFI,83827,175.23
TURVO,4218806,CRICIUMA-SC (AER. FORQUILINHA,SBCN,-,34.24
TURVO,4218806,FORQUILHINHA,SBCM,-,34.24
TURVO,4218806,TORRES,SBTR,83948,49.77
UNIÃO DO OESTE,4218855,CHAPECO,SBCH,83883,41.25
UNIÃO DO OESTE,4218855,PASSO FUNDO,SBPF,83914,169.76
UNIÃO DO OESTE,4218855,CACADOR,SBCD,-,189.93
URUBICI,4218905,LAGES,SBLJ,-,74.72
URUBICI,4218905,CRICIUMA-SC (AER. FORQUILINHA,SBCN,-,77.33
URUBICI,4218905,FORQUILHINHA,SBCM,-,77.33