ACEGUÁ,4300034,BAGE (AEROPORTO),SBBG,83981,34.63
ACEGUÁ,4300034,PELOTAS,SBPK,83985,171.14
ACEGUÁ,4300034,RIO GRANDE,SBRG,83995,197.86
ÁGUA SANTA,4300059,PASSO FUNDO,SBPF,83914,27.61
ÁGUA SANTA,4300059,CHAPECO,SBCH,83883,135.1
ÁGUA SANTA,4300059,CAXIAS DO SUL - AER. CAMPO DOS B,SBCX,-,138.67
AGUDO,4300109,SANTA MARIA (AEROPORTO),SBSM,83937,47.39
AGUDO,4300109,CRUZ ALTA,SBCL,83912,114.69
AGUDO,4300109,PASSO FUNDO,SBPF,83914,174.45
AJURICABA,4300208,AEROP. SANTO ANGELO - R,SBNM,-,42.88
AJURICABA,4300208,CRUZ ALTA,SBCL,83912,48.56
AJURICABA,4300208,PASSO FUNDO,SBPF,83914,137.97
ALECRIM,4300307,AEROP. SANTO ANGELO - R,SBNM,-,91.37
ALECRIM,4300307,CRUZ ALTA,SBCL,83912,159
ALECRIM,4300307,CHAPECO,SBCH,83883,216.54
ALEGRETE,4300406,URUGUAIANA (AEROPORTO),SBUG,83928,114.28
ALEGRETE,4300406,SANTA MARIA (AEROPORTO),SBSM,83937,206.29
ALEGRETE,4300406,AEROP. SANTO ANGELO - R,SBNM,-,232.04
ALEGRIA,4300455,AEROP. SANTO ANGELO - R,SBNM,-,51.95
ALEGRIA,4300455,CRUZ ALTA,SBCL,83912,101.15
ALEGRIA,4300455,CHAPECO,SBCH,83883,156.44
ALMIRANTE TAMANDARÉ DO SUL,4300471,PASSO FUNDO,SBPF,83914,58.13
ALMIRANTE TAMANDARÉ DO SUL,4300471,CRUZ ALTA,SBCL,83912,87.62
ALMIRANTE TAMANDARÉ DO SUL,4300471,CHAPECO,SBCH,83883,113.67
ALPESTRE,4300505,CHAPECO,SBCH,83883,40.09
ALPESTRE,4300505,PASSO FUNDO,SBPF,83914,135.63
ALPESTRE,4300505,AEROP. SANTO ANGELO - R,SBNM,-,159.89
ALTO ALEGRE,4300554,CRUZ ALTA,SBCL,83912,62.68
ALTO ALEGRE,4300554,PASSO FUNDO,SBPF,83914,89.04
ALTO ALEGRE,4300554,SANTA MARIA (AEROPORTO),SBSM,83937,123.07
ALTO FELIZ,4300570,CAXIAS DO SUL - AER. CAMPO DOS B,SBCX,-,21.87
ALTO FELIZ,4300570,CANOAS,SBCO,83952,66.9
ALTO FELIZ,4300570,PORTO ALEGRE (AEROPORTO),SBPA,83971,71.96
ALVORADA,4300604,CANOAS,SBCO,83952,13.36
ALVORADA,4300604,PORTO ALEGRE (AEROPORTO),SBPA,83971,14.46
ALVORADA,4300604,CAXIAS DO SUL - AER. CAMPO DOS B,SBCX,-,89.44
AMARAL FERRADOR,4300638,PELOTAS,SBPK,83985,101.14
AMARAL FERRADOR,4300638,RIO GRANDE,SBRG,83995,136.37
AMARAL FERRADOR,4300638,PORTO ALEGRE (AEROPORTO),SBPA,83971,142.23
AMETISTA DO SUL,4300646,CHAPECO,SBCH,83883,58.05
AMETISTA DO SUL,4300646,PASSO FUNDO,SBPF,83914,130.07
AMETISTA DO SUL,4300646,AEROP. SANTO ANGELO - R,SBNM,-,139.06
ANDRÉ DA ROCHA,4300661,CAXIAS DO SUL - AER. CAMPO DOS B,SBCX,-,74.33
ANDRÉ DA ROCHA,4300661,PASSO FUNDO,SBPF,83914,89.31
ANDRÉ DA ROCHA,4300661,LAGES,SBLJ,-,150.48
ANTA GORDA,4300703,CAXIAS DO SUL - AER. CAMPO DOS B,SBCX,-,83.21
ANTA GORDA,4300703,PASSO FUNDO,SBPF,83914,86.54
ANTA GORDA,4300703,CANOAS,SBCO,83952,136.22
ANTÔNIO PRADO,4300802,CAXIAS DO SUL - AER. CAMPO DOS B,SBCX,-,37.7
ANTÔNIO PRADO,4300802,CANOAS,SBCO,83952,119.78
ANTÔNIO PRADO,4300802,PASSO FUNDO,SBPF,83914,121.44
ARAMBARÉ,4300851,PORTO ALEGRE (AEROPORTO),SBPA,83971,109.47
ARAMBARÉ,4300851,PELOTAS,SBPK,83985,114.11
ARAMBARÉ,4300851,CANOAS,SBCO,83952,115.35
ARARICÁ,4300877,CANOAS,SBCO,83952,46.77
ARARICÁ,4300877,PORTO ALEGRE (AEROPORTO),SBPA,83971,52.39
ARARICÁ,4300877,CAXIAS DO SUL - AER. CAMPO DOS B,SBCX,-,55.98
ARATIBA,4300901,CHAPECO,SBCH,83883,46.23
ARATIBA,4300901,PASSO FUNDO,SBPF,83914,95.96
ARATIBA,4300901,CACADOR,SBCD,-,151.75
ARROIO DO MEIO,4301008,CAXIAS DO SUL - AER. CAMPO DOS B,SBCX,-,77.91
ARROIO DO MEIO,4301008,CANOAS,SBCO,83952,102.38
ARROIO DO MEIO,4301008,PORTO ALEGRE (AEROPORTO),SBPA,83971,104.6
ARROIO DO SAL,4301057,TORRES,SBTR,83948,24.31
ARROIO DO SAL,4301057,CRICIUMA-SC (AER. FORQUILINHA,SBCN,-,99.98
ARROIO DO SAL,4301057,FORQUILHINHA,SBCM,-,99.98
ARROIO DO PADRE,4301073,PELOTAS,SBPK,83985,31.67
ARROIO DO PADRE,4301073,RIO GRANDE,SBRG,83995,71.03
ARROIO DO PADRE,4301073,BAGE (AEROPORTO),SBBG,83981,163.63
ARROIO DOS RATOS,4301107,PORTO ALEGRE (AEROPORTO),SBPA,83971,59.95
ARROIO DOS RATOS,4301107,CANOAS,SBCO,83952,63.91
ARROIO DOS RATOS,4301107,CAXIAS DO SUL - AER. CAMPO DOS B,SBCX,-,123.49
ARROIO DO TIGRE,4301206,SANTA MARIA (AEROPORTO),SBSM,83937,80.93
ARROIO DO TIGRE,4301206,CRUZ ALTA,SBCL,83912,87.93
ARROIO DO TIGRE,4301206,PASSO FUNDO,SBPF,83914,132.51
ARROIO GRANDE,4301305,PELOTAS,SBPK,83985,76.26
ARROIO GRANDE,4301305,RIO GRANDE,SBRG,83995,81.27
ARROIO GRANDE,4301305,BAGE (AEROPORTO),SBBG,83981,144.85
ARVOREZINHA,4301404,PASSO FUNDO,SBPF,83914,69.75
ARVOREZINHA,4301404,CAXIAS DO SUL - AER. CAMPO DOS B,SBCX,-,104.69
ARVOREZINHA,4301404,CRUZ ALTA,SBCL,83912,140.28
AUGUSTO PESTANA,4301503,AEROP. SANTO ANGELO - R,SBNM,-,33.43
AUGUSTO PESTANA,4301503,CRUZ ALTA,SBCL,83912,41.12
AUGUSTO PESTANA,4301503,SANTA MARIA (AEROPORTO),SBSM,83937,135.19
ÁUREA,4301552,PASSO FUNDO,SBPF,83914,65.11
ÁUREA,4301552,CHAPECO,SBCH,83883,87.04
ÁUREA,4301552,CACADOR,SBCD,-,153.35
BAGÉ,4301602,BAGE (AEROPORTO),SBBG,83981,18.73
BAGÉ,4301602,PELOTAS,SBPK,83985,168.68
BAGÉ,4301602,SANTA MARIA (AEROPORTO),SBSM,83937,171.37
BALNEÁRIO PINHAL,4301636,CANOAS,SBCO,83952,87.45
BALNEÁRIO PINHAL,4301636,PORTO ALEGRE (AEROPORTO),SBPA,83971,87.58
BALNEÁRIO PINHAL,4301636,TORRES,SBTR,83948,110.25
BARÃO,4301651,CAXIAS DO SUL - AER. CAMPO DOS B,SBCX,-,36.36
BARÃO,4301651,CANOAS,SBCO,83952,70.81
BARÃO,4301651,PORTO ALEGRE (AEROPORTO),SBPA,83971,74.97
BARÃO DE COTEGIPE,4301701,CHAPECO,SBCH,83883,54.73
BARÃO DE COTEGIPE,4301701,PASSO FUNDO,SBPF,83914,76.35
BARÃO DE COTEGIPE,4301701,CRUZ ALTA,SBCL,83912,165.61
BARÃO DO TRIUNFO,4301750,PORTO ALEGRE (AEROPORTO),SBPA,83971,76.16
BARÃO DO TRIUNFO,4301750,CANOAS,SBCO,83952,81.15
BARÃO DO TRIUNFO,4301750,CAXIAS DO SUL - AER. CAMPO DOS B,SBCX,-,147.93
BARRACÃO,4301800,PASSO FUNDO,SBPF,83914,105.27
BARRACÃO,4301800,LAGES,SBLJ,-,114.05
BARRACÃO,4301800,CACADOR,SBCD,-,116.5
BARRA DO GUARITA,4301859,CHAPECO,SBCH,83883,108.38
BARRA DO GUARITA,4301859,AEROP. SANTO ANGELO - R,SBNM,-,124.74
BARRA DO GUARITA,4301859,CRUZ ALTA,SBCL,83912,158.93
BARRA DO QUARAÍ,4301875,URUGUAIANA (AEROPORTO),SBUG,83928,52.23
BARRA DO QUARAÍ,4301875,BAGE (AEROPORTO),SBBG,83981,336.13
BARRA DO QUARAÍ,4301875,SANTA MARIA (AEROPORTO),SBSM,83937,353.54
BARRA DO RIBEIRO,4301909,PORTO ALEGRE (AEROPORTO),SBPA,83971,45.31
BARRA DO RIBEIRO,4301909,CANOAS,SBCO,83952,51.18
BARRA DO RIBEIRO,4301909,CAXIAS DO SUL - AER. CAMPO DOS B,SBCX,-,131.64
BARRA DO RIO AZUL,4301925,CHAPECO,SBCH,83883,40.07
BARRA DO RIO AZUL,4301925,PASSO FUNDO,SBPF,83914,94.35
BARRA DO RIO AZUL,4301925,CACADOR,SBCD,-,161.85
BARRA FUNDA,4301958,PASSO FUNDO,SBPF,83914,76.33
BARRA FUNDA,4301958,CHAPECO,SBCH,83883,94.45
BARRA FUNDA,4301958,CRUZ ALTA,SBCL,83912,97.35
BARROS CASSAL,4302006,PASSO FUNDO,SBPF,83914,99.29
BARROS CASSAL,4302006,CRUZ ALTA,SBCL,83912,112.21
BARROS CASSAL,4302006,SANTA MARIA (AEROPORTO),SBSM,83937,127.02
BENJAMIN CONSTANT DO SUL,4302055,CHAPECO,SBCH,83883,39.52
BENJAMIN CONSTANT DO SUL,4302055,PASSO FUNDO,SBPF,83914,90.5
BENJAMIN CONSTANT DO SUL,4302055,CRUZ ALTA,SBCL,83912,158.25
BENTO GONÇALVES,4302105,CAXIAS DO SUL - AER. CAMPO DOS B,SBCX,-,35
BENTO GONÇALVES,4302105,CANOAS,SBCO,83952,99.44
BENTO GONÇALVES,4302105,PORTO ALEGRE (AEROPORTO),SBPA,83971,103.97
BOA VISTA DAS MISSÕES,4302154,CHAPECO,SBCH,83883,91.83
BOA VISTA DAS MISSÕES,4302154,AEROP. SANTO ANGELO - R,SBNM,-,103.02
BOA VISTA DAS MISSÕES,4302154,CRUZ ALTA,SBCL,83912,106.29
BOA VISTA DO BURICÁ,4302204,AEROP. SANTO ANGELO - R,SBNM,-,66.51
BOA VISTA DO BURICÁ,4302204,CRUZ ALTA,SBCL,83912,116.94
BOA VISTA DO BURICÁ,4302204,CHAPECO,SBCH,83883,153.6
BOA VISTA DO CADEADO,4302220,CRUZ ALTA,SBCL,83912,23.36
BOA VISTA DO CADEADO,4302220,AEROP. SANTO ANGELO - R,SBNM,-,53.86
BOA VISTA DO CADEADO,4302220,SANTA MARIA (AEROPORTO),SBSM,83937,119.03
BOA VISTA DO INCRA,4302238,CRUZ ALTA,SBCL,83912,29.52
BOA VISTA DO INCRA,4302238,AEROP. SANTO ANGELO - R,SBNM,-,95.82
BOA VISTA DO INCRA,4302238,SANTA MARIA (AEROPORTO),SBSM,83937,97.75
BOA VISTA DO SUL,4302253,CAXIAS DO SUL - AER. CAMPO DOS B,SBCX,-,50.61
BOA VISTA DO SUL,4302253,CANOAS,SBCO,83952,83.43
BOA VISTA DO SUL,4302253,PORTO ALEGRE (AEROPORTO),SBPA,83971,86.82
BOM JESUS,4302303,LAGES,SBLJ,-,92.06
BOM JESUS,4302303,CRICIUMA-SC (AER. FORQUILINHA,SBCN,-,98.82
BOM JESUS,4302303,FORQUILHINHA,SBCM,-,98.82
BOM PRINCÍPIO,4302352,CAXIAS DO SUL - AER. CAMPO DOS B,SBCX,-,34.94
BOM PRINCÍPIO,4302352,CANOAS,SBCO,83952,57.24
BOM PRINCÍPIO,4302352,PORTO ALEGRE (AEROPORTO),SBPA,83971,61.85
BOM PROGRESSO,4302378,AEROP. SANTO ANGELO - R,SBNM,-,86.58
BOM PROGRESSO,4302378,CRUZ ALTA,SBCL,83912,123.11
BOM PROGRESSO,4302378,CHAPECO,SBCH,83883,125.27
BOM RETIRO DO SUL,4302402,CANOAS,SBCO,83952,82.44
BOM RETIRO DO SUL,4302402,PORTO ALEGRE (AEROPORTO),SBPA,83971,83.24
BOM RETIRO DO SUL,4302402,CAXIAS DO SUL - AER. CAMPO DOS B,SBCX,-,86.88
BOQUEIRÃO DO LEÃO,4302451,PASSO FUNDO,SBPF,83914,117.7
BOQUEIRÃO DO LEÃO,4302451,CAXIAS DO SUL - AER. CAMPO DOS B,SBCX,-,120.32
BOQUEIRÃO DO LEÃO,4302451,SANTA MARIA (AEROPORTO),SBSM,83937,132.66
BOSSOROCA,4302501,AEROP. SANTO ANGELO - R,SBNM,-,89.63
BOSSOROCA,4302501,CRUZ ALTA,SBCL,83912,133.87
BOSSOROCA,4302501,SANTA MARIA (AEROPORTO),SBSM,83937,170.52
BOZANO,4302584,CRUZ ALTA,SBCL,83912,34.02
BOZANO,4302584,AEROP. SANTO ANGELO - R,SBNM,-,42.06
BOZANO,4302584,PASSO FUNDO,SBPF,83914,139.62
BRAGA,4302600,AEROP. SANTO ANGELO - R,SBNM,-,87.38
BRAGA,4302600,CHAPECO,SBCH,83883,117.25
BRAGA,4302600,CRUZ ALTA,SBCL,83912,117.55
BROCHIER,4302659,CAXIAS DO SUL - AER. CAMPO DOS B,SBCX,-,57.02
BROCHIER,4302659,CANOAS,SBCO,83952,64.66
BROCHIER,4302659,PORTO ALEGRE (AEROPORTO),SBPA,83971,67.44
BUTIÁ,4302709,PORTO ALEGRE (AEROPORTO),SBPA,83971,82.87
BUTIÁ,4302709,CANOAS,SBCO,83952,86.26
BUTIÁ,4302709,CAXIAS DO SUL - AER. CAMPO DOS B,SBCX,-,135.28
CAÇAPAVA DO SUL,4302808,SANTA MARIA (AEROPORTO),SBSM,83937,99.42
CAÇAPAVA DO SUL,4302808,BAGE (AEROPORTO),SBBG,83981,106.78
CAÇAPAVA DO SUL,4302808,PELOTAS,SBPK,83985,166.21
CACEQUI,4302907,SANTA MARIA (AEROPORTO),SBSM,83937,108.66
CACEQUI,4302907,BAGE (AEROPORTO),SBBG,83981,174.89
CACEQUI,4302907,CRUZ ALTA,SBCL,83912,184.92
CACHOEIRA DO SUL,4303004,SANTA MARIA (AEROPORTO),SBSM,83937,87.45
CACHOEIRA DO SUL,4303004,BAGE (AEROPORTO),SBBG,83981,169.61
CACHOEIRA DO SUL,4303004,PORTO ALEGRE (AEROPORTO),SBPA,83971,176.21
CACHOEIRINHA,4303103,CANOAS,SBCO,83952,4.45
CACHOEIRINHA,4303103,PORTO ALEGRE (AEROPORTO),SBPA,83971,9.92
CACHOEIRINHA,4303103,CAXIAS DO SUL - AER. CAMPO DOS B,SBCX,-,80.9
CACIQUE DOBLE,4303202,PASSO FUNDO,SBPF,83914,80.38
CACIQUE DOBLE,4303202,CHAPECO,SBCH,83883,124.05
CACIQUE DOBLE,4303202,CACADOR,SBCD,-,136.62
CAIBATÉ,4303301,AEROP. SANTO ANGELO - R,SBNM,-,48.06
CAIBATÉ,4303301,CRUZ ALTA,SBCL,83912,108.19
CAIBATÉ,4303301,SANTA MARIA (AEROPORTO),SBSM,83937,179.76
CAIÇARA,4303400,CHAPECO,SBCH,83883,79.81
CAIÇARA,4303400,AEROP. SANTO ANGELO - R,SBNM,-,133.21
CAIÇARA,4303400,CRUZ ALTA,SBCL,83912,154.39
CAMAQUÃ,4303509,PELOTAS,SBPK,83985,101.96
CAMAQUÃ,4303509,PORTO ALEGRE (AEROPORTO),SBPA,83971,119.03
CAMAQUÃ,4303509,RIO GRANDE,SBRG,83995,124.31
CAMARGO,4303558,PASSO FUNDO,SBPF,83914,42.09
CAMARGO,4303558,CAXIAS DO SUL - AER. CAMPO DOS B,SBCX,-,120.39
CAMARGO,4303558,CRUZ ALTA,SBCL,83912,134.54
CAMBARÁ DO SUL,4303608,TORRES,SBTR,83948,50.81
CAMBARÁ DO SUL,4303608,CRICIUMA-SC (AER. FORQUILINHA,SBCN,-,79.48
CAMBARÁ DO SUL,4303608,FORQUILHINHA,SBCM,-,79.48
CAMPESTRE DA SERRA,4303673,CAXIAS DO SUL - AER. CAMPO DOS B,SBCX,-,53.29
CAMPESTRE DA SERRA,4303673,PASSO FUNDO,SBPF,83914,131.46
CAMPESTRE DA SERRA,4303673,LAGES,SBLJ,-,132.28
CAMPINA DAS MISSÕES,4303707,AEROP. SANTO ANGELO - R,SBNM,-,73.49
CAMPINA DAS MISSÕES,4303707,CRUZ ALTA,SBCL,83912,141.73
CAMPINA DAS MISSÕES,4303707,SANTA MARIA (AEROPORTO),SBSM,83937,224.39
CAMPINAS DO SUL,4303806,PASSO FUNDO,SBPF,83914,65.58
CAMPINAS DO SUL,4303806,CHAPECO,SBCH,83883,67.4
CAMPINAS DO SUL,4303806,CRUZ ALTA,SBCL,83912,135.68
CAMPO BOM,4303905,CANOAS,SBCO,83952,32.93
CAMPO BOM,4303905,PORTO ALEGRE (AEROPORTO),SBPA,83971,38.82
CAMPO BOM,4303905,CAXIAS DO SUL - AER. CAMPO DOS B,SBCX,-,53.8
CAMPO NOVO,4304002,AEROP. SANTO ANGELO - R,SBNM,-,75.02
CAMPO NOVO,4304002,CRUZ ALTA,SBCL,83912,109.17
CAMPO NOVO,4304002,CHAPECO,SBCH,83883,128.73
CAMPOS BORGES,4304101,CRUZ ALTA,SBCL,83912,61.18
CAMPOS BORGES,4304101,PASSO FUNDO,SBPF,83914,101.75
CAMPOS BORGES,4304101,SANTA MARIA (AEROPORTO),SBSM,83937,109.94
CANDELÁRIA,4304200,SANTA MARIA (AEROPORTO),SBSM,83937,85.69
CANDELÁRIA,4304200,CRUZ ALTA,SBCL,83912,141.44
CANDELÁRIA,4304200,PORTO ALEGRE (AEROPORTO),SBPA,83971,161.92
CÂNDIDO GODÓI,4304309,AEROP. SANTO ANGELO - R,SBNM,-,65.61
CÂNDIDO GODÓI,4304309,CRUZ ALTA,SBCL,83912,134.22
CÂNDIDO GODÓI,4304309,CHAPECO,SBCH,83883,220.98
CANDIOTA,4304358,BAGE (AEROPORTO),SBBG,83981,40.45
CANDIOTA,4304358,PELOTAS,SBPK,83985,135.28
CANDIOTA,4304358,RIO GRANDE,SBRG,83995,165.73
CANELA,4304408,CAXIAS DO SUL - AER. CAMPO DOS B,SBCX,-,42.75
CANELA,4304408,CANOAS,SBCO,83952,75.73
CANELA,4304408,PORTO ALEGRE (AEROPORTO),SBPA,83971,81.54
CANGUÇU,4304507,PELOTAS,SBPK,83985,64.51
CANGUÇU,4304507,RIO GRANDE,SBRG,83995,105.28
CANGUÇU,4304507,BAGE (AEROPORTO),SBBG,83981,139.02
CANOAS,4304606,CANOAS,SBCO,83952,2.27
CANOAS,4304606,PORTO ALEGRE (AEROPORTO),SBPA,83971,7.2
CANOAS,4304606,CAXIAS DO SUL - AER. CAMPO DOS B,SBCX,-,81.78
CANUDOS DO VALE,4304614,CAXIAS DO SUL - AER. CAMPO DOS B,SBCX,-,103.33
CANUDOS DO VALE,4304614,PASSO FUNDO,SBPF,83914,120.16
CANUDOS DO VALE,4304614,CANOAS,SBCO,83952,125.67
CAPÃO BONITO DO SUL,4304622,PASSO FUNDO,SBPF,83914,92.84
CAPÃO BONITO DO SUL,4304622,LAGES,SBLJ,-,116.54
CAPÃO BONITO DO SUL,4304622,CAXIAS DO SUL - AER. CAMPO DOS B,SBCX,-,118.19
CAPÃO DA CANOA,4304630,TORRES,SBTR,83948,48.97
CAPÃO DA CANOA,4304630,CANOAS,SBCO,83952,117.87
CAPÃO DA CANOA,4304630,PORTO ALEGRE (AEROPORTO),SBPA,83971,120.9
CAPÃO DO CIPÓ,4304655,AEROP. SANTO ANGELO - R,SBNM,-,86.58
CAPÃO DO CIPÓ,4304655,CRUZ ALTA,SBCL,83912,102.48
CAPÃO DO CIPÓ,4304655,SANTA MARIA (AEROPORTO),SBSM,83937,120.26
CAPÃO DO LEÃO,4304663,PELOTAS,SBPK,83985,23.1
CAPÃO DO LEÃO,4304663,RIO GRANDE,SBRG,83995,47.76
CAPÃO DO LEÃO,4304663,BAGE (AEROPORTO),SBBG,83981,158.28
CAPIVARI DO SUL,4304671,CANOAS,SBCO,83952,64.76
CAPIVARI DO SUL,4304671,PORTO ALEGRE (AEROPORTO),SBPA,83971,65.07
CAPIVARI DO SUL,4304671,TORRES,SBTR,83948,115.41
CAPELA DE SANTANA,4304689,CANOAS,SBCO,83952,33.73
CAPELA DE SANTANA,4304689,PORTO ALEGRE (AEROPORTO),SBPA,83971,37.35
CAPELA DE SANTANA,4304689,CAXIAS DO SUL - AER. CAMPO DOS B,SBCX,-,58.96
CAPITÃO,4304697,CAXIAS DO SUL - AER. CAMPO DOS B,SBCX,-,78.58
CAPITÃO,4304697,CANOAS,SBCO,83952,109.53
CAPITÃO,4304697,PORTO ALEGRE (AEROPORTO),SBPA,83971,111.99
CARAZINHO,4304705,PASSO FUNDO,SBPF,83914,52.4
CARAZINHO,4304705,CRUZ ALTA,SBCL,83912,81.9
CARAZINHO,4304705,AEROP. SANTO ANGELO - R,SBNM,-,127.89
CARAÁ,4304713,TORRES,SBTR,83948,75.51
CARAÁ,4304713,CANOAS,SBCO,83952,80.42
CARAÁ,4304713,PORTO ALEGRE (AEROPORTO),SBPA,83971,83.78
CARLOS BARBOSA,4304804,CAXIAS DO SUL - AER. CAMPO DOS B,SBCX,-,34.3
CARLOS BARBOSA,4304804,CANOAS,SBCO,83952,77.8
CARLOS BARBOSA,4304804,PORTO ALEGRE (AEROPORTO),SBPA,83971,82.04
CARLOS GOMES,4304853,PASSO FUNDO,SBPF,83914,72.28
CARLOS GOMES,4304853,CHAPECO,SBCH,83883,97.01
CARLOS GOMES,4304853,CACADOR,SBCD,-,142.61
CASCA,4304903,PASSO FUNDO,SBPF,83914,52.19
CASCA,4304903,CAXIAS DO SUL - AER. CAMPO DOS B,SBCX,-,102.03
CASCA,4304903,CRUZ ALTA,SBCL,83912,159.43
CASEIROS,4304952,PASSO FUNDO,SBPF,83914,58.11
CASEIROS,4304952,CAXIAS DO SUL - AER. CAMPO DOS B,SBCX,-,118.97
CASEIROS,4304952,LAGES,SBLJ,-,152.18
CATUÍPE,4305009,AEROP. SANTO ANGELO - R,SBNM,-,17.43
CATUÍPE,4305009,CRUZ ALTA,SBCL,83912,66.56
CATUÍPE,4305009,PASSO FUNDO,SBPF,83914,167.21
CAXIAS DO SUL,4305108,CAXIAS DO SUL - AER. CAMPO DOS B,SBCX,-,18.55
CAXIAS DO SUL,4305108,CANOAS,SBCO,83952,95.08
CAXIAS DO SUL,4305108,PORTO ALEGRE (AEROPORTO),SBPA,83971,100.85
CENTENÁRIO,4305116,PASSO FUNDO,SBPF,83914,61.77
CENTENÁRIO,4305116,CHAPECO,SBCH,83883,97.38
CENTENÁRIO,4305116,CACADOR,SBCD,-,153.28
CERRITO,4305124,PELOTAS,SBPK,83985,44.08
CERRITO,4305124,RIO GRANDE,SBRG,83995,74.93
CERRITO,4305124,BAGE (AEROPORTO),SBBG,83981,131.34
CERRO BRANCO,4305132,SANTA MARIA (AEROPORTO),SBSM,83937,68.88
CERRO BRANCO,4305132,CRUZ ALTA,SBCL,83912,125.42
CERRO BRANCO,4305132,PASSO FUNDO,SBPF,83914,166.19
CERRO GRANDE,4305157,CHAPECO,SBCH,83883,73.67
CERRO GRANDE,4305157,PASSO FUNDO,SBPF,83914,107.19
CERRO GRANDE,4305157,CRUZ ALTA,SBCL,83912,119.44
CERRO GRANDE DO SUL,4305173,PORTO ALEGRE (AEROPORTO),SBPA,83971,86.18
CERRO GRANDE DO SUL,4305173,CANOAS,SBCO,83952,91.67
CERRO GRANDE DO SUL,4305173,PELOTAS,SBPK,83985,137.47
CERRO LARGO,4305207,AEROP. SANTO ANGELO - R,SBNM,-,57.88
CERRO LARGO,4305207,CRUZ ALTA,SBCL,83912,124.48
CERRO LARGO,4305207,SANTA MARIA (AEROPORTO),SBSM,83937,203.56
CHAPADA,4305306,CRUZ ALTA,SBCL,83912,75.92
CHAPADA,4305306,PASSO FUNDO,SBPF,83914,78.8
CHAPADA,4305306,AEROP. SANTO ANGELO - R,SBNM,-,105.18
CHARQUEADAS,4305355,PORTO ALEGRE (AEROPORTO),SBPA,83971,37.33
CHARQUEADAS,4305355,CANOAS,SBCO,83952,39.52
CHARQUEADAS,4305355,CAXIAS DO SUL - AER. CAMPO DOS B,SBCX,-,95.27
CHARRUA,4305371,PASSO FUNDO,SBPF,83914,46.81
CHARRUA,4305371,CHAPECO,SBCH,83883,112.07
CHARRUA,4305371,CAXIAS DO SUL - AER. CAMPO DOS B,SBCX,-,160.95
CHIAPETTA,4305405,AEROP. SANTO ANGELO - R,SBNM,-,40.55
CHIAPETTA,4305405,CRUZ ALTA,SBCL,83912,77.67
CHIAPETTA,4305405,CHAPECO,SBCH,83883,154.94
CHUÍ,4305439,RIO GRANDE,SBRG,83995,220.22
CHUÍ,4305439,PELOTAS,SBPK,83985,237.68
CHUÍ,4305439,BAGE (AEROPORTO),SBBG,83981,261.32
CHUVISCA,4305447,PELOTAS,SBPK,83985,108.76
CHUVISCA,4305447,PORTO ALEGRE (AEROPORTO),SBPA,83971,118.2
CHUVISCA,4305447,CANOAS,SBCO,83952,123.63
CIDREIRA,4305454,CANOAS,SBCO,83952,86.67
CIDREIRA,4305454,PORTO ALEGRE (AEROPORTO),SBPA,83971,87.5
CIDREIRA,4305454,TORRES,SBTR,83948,100.46
CIRÍACO,4305504,PASSO FUNDO,SBPF,83914,41.78
CIRÍACO,4305504,CAXIAS DO SUL - AER. CAMPO DOS B,SBCX,-,119.06
CIRÍACO,4305504,CHAPECO,SBCH,83883,154.2
COLINAS,4305587,CAXIAS DO SUL - AER. CAMPO DOS B,SBCX,-,70.03
COLINAS,4305587,CANOAS,SBCO,83952,92.97
COLINAS,4305587,PORTO ALEGRE (AEROPORTO),SBPA,83971,95.37
COLORADO,4305603,CRUZ ALTA,SBCL,83912,62.01
COLORADO,4305603,PASSO FUNDO,SBPF,83914,69.24
COLORADO,4305603,AEROP. SANTO ANGELO - R,SBNM,-,117.54
CONDOR,4305702,CRUZ ALTA,SBCL,83912,52.64
CONDOR,4305702,AEROP. SANTO ANGELO - R,SBNM,-,67.25
CONDOR,4305702,PASSO FUNDO,SBPF,83914,114.43
CONSTANTINA,4305801,CHAPECO,SBCH,83883,69.79
CONSTANTINA,4305801,PASSO FUNDO,SBPF,83914,89.92
CONSTANTINA,4305801,CRUZ ALTA,SBCL,83912,120.45
COQUEIRO BAIXO,4305835,CAXIAS DO SUL - AER. CAMPO DOS B,SBCX,-,91.89
COQUEIRO BAIXO,4305835,PASSO FUNDO,SBPF,83914,104.11
COQUEIRO BAIXO,4305835,CANOAS,SBCO,83952,128.26
COQUEIROS DO SUL,4305850,PASSO FUNDO,SBPF,83914,43.93
COQUEIROS DO SUL,4305850,CRUZ ALTA,SBCL,83912,99.24
COQUEIROS DO SUL,4305850,CHAPECO,SBCH,83883,111.79
CORONEL BARROS,4305871,AEROP. SANTO ANGELO - R,SBNM,-,18.33
CORONEL BARROS,4305871,CRUZ ALTA,SBCL,83912,51.54
CORONEL BARROS,4305871,SANTA MARIA (AEROPORTO),SBSM,83937,150.5
CORONEL BICACO,4305900,AEROP. SANTO ANGELO - R,SBNM,-,73.43
CORONEL BICACO,4305900,CRUZ ALTA,SBCL,83912,92.58
CORONEL BICACO,4305900,CHAPECO,SBCH,83883,121.66
CORONEL PILAR,4305934,CAXIAS DO SUL - AER. CAMPO DOS B,SBCX,-,52.88
CORONEL PILAR,4305934,CANOAS,SBCO,83952,94.19
CORONEL PILAR,4305934,PORTO ALEGRE (AEROPORTO),SBPA,83971,97.68
COTIPORÃ,4305959,CAXIAS DO SUL - AER. CAMPO DOS B,SBCX,-,54.51
COTIPORÃ,4305959,PASSO FUNDO,SBPF,83914,103.76
COTIPORÃ,4305959,CANOAS,SBCO,83952,118.37
COXILHA,4305975,PASSO FUNDO,SBPF,83914,14.22
COXILHA,4305975,CHAPECO,SBCH,83883,115.23
COXILHA,4305975,CRUZ ALTA,SBCL,83912,136.29
CRISSIUMAL,4306007,AEROP. SANTO ANGELO - R,SBNM,-,87.04
CRISSIUMAL,4306007,CRUZ ALTA,SBCL,83912,137.47
CRISSIUMAL,4306007,CHAPECO,SBCH,83883,150.23
CRISTAL,4306056,PELOTAS,SBPK,83985,84.02
CRISTAL,4306056,RIO GRANDE,SBRG,83995,112.51
CRISTAL,4306056,PORTO ALEGRE (AEROPORTO),SBPA,83971,139.21
CRISTAL DO SUL,4306072,CHAPECO,SBCH,83883,66.39
CRISTAL DO SUL,4306072,PASSO FUNDO,SBPF,83914,128.12
CRISTAL DO SUL,4306072,AEROP. SANTO ANGELO - R,SBNM,-,129.86
CRUZ ALTA,4306106,CRUZ ALTA,SBCL,83912,8.9
CRUZ ALTA,4306106,AEROP. SANTO ANGELO - R,SBNM,-,76.45
CRUZ ALTA,4306106,SANTA MARIA (AEROPORTO),SBSM,83937,113.88
CRUZALTENSE,4306130,CHAPECO,SBCH,83883,55.37
CRUZALTENSE,4306130,PASSO FUNDO,SBPF,83914,75.81
CRUZALTENSE,4306130,CRUZ ALTA,SBCL,83912,145.61
CRUZEIRO DO SUL,4306205,CAXIAS DO SUL - AER. CAMPO DOS B,SBCX,-,90.95
CRUZEIRO DO SUL,4306205,CANOAS,SBCO,83952,96.62
CRUZEIRO DO SUL,4306205,PORTO ALEGRE (AEROPORTO),SBPA,83971,97.69
DAVID CANABARRO,4306304,PASSO FUNDO,SBPF,83914,53.92
DAVID CANABARRO,4306304,CAXIAS DO SUL - AER. CAMPO DOS B,SBCX,-,106.73
DAVID CANABARRO,4306304,CHAPECO,SBCH,83883,166.06
DERRUBADAS,4306320,AEROP. SANTO ANGELO - R,SBNM,-,117.73
DERRUBADAS,4306320,CHAPECO,SBCH,83883,121.61
DERRUBADAS,4306320,CRUZ ALTA,SBCL,83912,157.23
DEZESSEIS DE NOVEMBRO,4306353,AEROP. SANTO ANGELO - R,SBNM,-,89.39
DEZESSEIS DE NOVEMBRO,4306353,CRUZ ALTA,SBCL,83912,152.21
DEZESSEIS DE NOVEMBRO,4306353,SANTA MARIA (AEROPORTO),SBSM,83937,215.39
DILERMANDO DE AGUIAR,4306379,SANTA MARIA (AEROPORTO),SBSM,83937,45.91
DILERMANDO DE AGUIAR,4306379,CRUZ ALTA,SBCL,83912,142.53
DILERMANDO DE AGUIAR,4306379,AEROP. SANTO ANGELO - R,SBNM,-,171.66
DOIS IRMÃOS,4306403,CANOAS,SBCO,83952,39.54
DOIS IRMÃOS,4306403,CAXIAS DO SUL - AER. CAMPO DOS B,SBCX,-,45.11
DOIS IRMÃOS,4306403,PORTO ALEGRE (AEROPORTO),SBPA,83971,45.33
DOIS IRMÃOS DAS MISSÕES,4306429,AEROP. SANTO ANGELO - R,SBNM,-,93.47
DOIS IRMÃOS DAS MISSÕES,4306429,CHAPECO,SBCH,83883,101.68
DOIS IRMÃOS DAS MISSÕES,4306429,CRUZ ALTA,SBCL,83912,106.47
DOIS LAJEADOS,4306452,CAXIAS DO SUL - AER. CAMPO DOS B,SBCX,-,69.01
DOIS LAJEADOS,4306452,PASSO FUNDO,SBPF,83914,93.81
DOIS LAJEADOS,4306452,CANOAS,SBCO,83952,127.27
DOM FELICIANO,4306502,PORTO ALEGRE (AEROPORTO),SBPA,83971,119.68
DOM FELICIANO,4306502,CANOAS,SBCO,83952,124.46
DOM FELICIANO,4306502,PELOTAS,SBPK,83985,124.64
DOM PEDRO DE ALCÂNTARA,4306551,TORRES,SBTR,83948,12.3
DOM PEDRO DE ALCÂNTARA,4306551,CRICIUMA-SC (AER. FORQUILINHA,SBCN,-,83.54
DOM PEDRO DE ALCÂNTARA,4306551,FORQUILHINHA,SBCM,-,83.54
DOM PEDRITO,4306601,BAGE (AEROPORTO),SBBG,83981,63.03
DOM PEDRITO,4306601,SANTA MARIA (AEROPORTO),SBSM,83937,175.16
DOM PEDRITO,4306601,PELOTAS,SBPK,83985,233.56
DONA FRANCISCA,4306700,SANTA MARIA (AEROPORTO),SBSM,83937,38.52
DONA FRANCISCA,4306700,CRUZ ALTA,SBCL,83912,106.31
DONA FRANCISCA,4306700,AEROP. SANTO ANGELO - R,SBNM,-,164.32
DOUTOR MAURÍCIO CARDOSO,4306734,AEROP. SANTO ANGELO - R,SBNM,-,89.47
DOUTOR MAURÍCIO CARDOSO,4306734,CRUZ ALTA,SBCL,83912,147.95
DOUTOR MAURÍCIO CARDOSO,4306734,CHAPECO,SBCH,83883,172.23
DOUTOR RICARDO,4306759,CAXIAS DO SUL - AER. CAMPO DOS B,SBCX,-,78.27
DOUTOR RICARDO,4306759,PASSO FUNDO,SBPF,83914,99.79
DOUTOR RICARDO,4306759,CANOAS,SBCO,83952,124.47
ELDORADO DO SUL,4306767,PORTO ALEGRE (AEROPORTO),SBPA,83971,32.67
ELDORADO DO SUL,4306767,CANOAS,SBCO,83952,36.32
ELDORADO DO SUL,4306767,CAXIAS DO SUL - AER. CAMPO DOS B,SBCX,-,102.24
ENCANTADO,4306809,CAXIAS DO SUL - AER. CAMPO DOS B,SBCX,-,73.81
ENCANTADO,4306809,CANOAS,SBCO,83952,112.49
ENCANTADO,4306809,PASSO FUNDO,SBPF,83914,113.07
ENCRUZILHADA DO SUL,4306908,PELOTAS,SBPK,83985,125.52
ENCRUZILHADA DO SUL,4306908,SANTA MARIA (AEROPORTO),SBSM,83937,141.41
ENCRUZILHADA DO SUL,4306908,PORTO ALEGRE (AEROPORTO),SBPA,83971,160.3
ENGENHO VELHO,4306924,CHAPECO,SBCH,83883,66.03
ENGENHO VELHO,4306924,PASSO FUNDO,SBPF,83914,84.74
ENGENHO VELHO,4306924,CRUZ ALTA,SBCL,83912,125.06
ENTRE-IJUÍS,4306932,AEROP. SANTO ANGELO - R,SBNM,-,24.76
ENTRE-IJUÍS,4306932,CRUZ ALTA,SBCL,83912,71.09
ENTRE-IJUÍS,4306932,SANTA MARIA (AEROPORTO),SBSM,83937,151.8
ENTRE RIOS DO SUL,4306957,CHAPECO,SBCH,83883,43.63
ENTRE RIOS DO SUL,4306957,PASSO FUNDO,SBPF,83914,90.16
ENTRE RIOS DO SUL,4306957,CRUZ ALTA,SBCL,83912,150.32
EREBANGO,4306973,PASSO FUNDO,SBPF,83914,46.77
EREBANGO,4306973,CHAPECO,SBCH,83883,85.19
EREBANGO,4306973,CRUZ ALTA,SBCL,83912,153.94
ERECHIM,4307005,PASSO FUNDO,SBPF,83914,67.88
ERECHIM,4307005,CHAPECO,SBCH,83883,70.03
ERECHIM,4307005,CACADOR,SBCD,-,162.65
ERNESTINA,4307054,PASSO FUNDO,SBPF,83914,29.05
ERNESTINA,4307054,CRUZ ALTA,SBCL,83912,104.77
ERNESTINA,4307054,CHAPECO,SBCH,83883,144.01
HERVAL,4307104,BAGE (AEROPORTO),SBBG,83981,98.56
HERVAL,4307104,PELOTAS,SBPK,83985,106.58
HERVAL,4307104,RIO GRANDE,SBRG,83995,124.57
ERVAL GRANDE,4307203,CHAPECO,SBCH,83883,26.13
ERVAL GRANDE,4307203,PASSO FUNDO,SBPF,83914,102.94
ERVAL GRANDE,4307203,CRUZ ALTA,SBCL,83912,173.83
ERVAL SECO,4307302,CHAPECO,SBCH,83883,94.14
ERVAL SECO,4307302,AEROP. SANTO ANGELO - R,SBNM,-,105.67
ERVAL SECO,4307302,CRUZ ALTA,SBCL,83912,124.43
ESMERALDA,4307401,LAGES,SBLJ,-,92.03
ESMERALDA,4307401,PASSO FUNDO,SBPF,83914,116.16
ESMERALDA,4307401,CAXIAS DO SUL - AER. CAMPO DOS B,SBCX,-,129.23
ESPERANÇA DO SUL,4307450,AEROP. SANTO ANGELO - R,SBNM,-,105.82
ESPERANÇA DO SUL,4307450,CHAPECO,SBCH,83883,134.23
ESPERANÇA DO SUL,4307450,CRUZ ALTA,SBCL,83912,150.14
ESPUMOSO,4307500,CRUZ ALTA,SBCL,83912,79.19
ESPUMOSO,4307500,PASSO FUNDO,SBPF,83914,84.83
ESPUMOSO,4307500,SANTA MARIA (AEROPORTO),SBSM,83937,126.31
ESTAÇÃO,4307559,PASSO FUNDO,SBPF,83914,35.95
ESTAÇÃO,4307559,CHAPECO,SBCH,83883,96.36
ESTAÇÃO,4307559,CRUZ ALTA,SBCL,83912,150.08
ESTÂNCIA VELHA,4307609,CANOAS,SBCO,83952,37.69
ESTÂNCIA VELHA,4307609,PORTO ALEGRE (AEROPORTO),SBPA,83971,43.03
ESTÂNCIA VELHA,4307609,CAXIAS DO SUL - AER. CAMPO DOS B,SBCX,-,46.07
ESTEIO,4307708,CANOAS,SBCO,83952,10.41
ESTEIO,4307708,PORTO ALEGRE (AEROPORTO),SBPA,83971,15.11
ESTEIO,4307708,CAXIAS DO SUL - AER. CAMPO DOS B,SBCX,-,74.12
ESTRELA,4307807,CAXIAS DO SUL - AER. CAMPO DOS B,SBCX,-,79.44
ESTRELA,4307807,CANOAS,SBCO,83952,88.91
ESTRELA,4307807,PORTO ALEGRE (AEROPORTO),SBPA,83971,90.52
ESTRELA VELHA,4307815,SANTA MARIA (AEROPORTO),SBSM,83937,74.81
ESTRELA VELHA,4307815,CRUZ ALTA,SBCL,83912,77.76
ESTRELA VELHA,4307815,PASSO FUNDO,SBPF,83914,136.25
EUGÊNIO DE CASTRO,4307831,AEROP. SANTO ANGELO - R,SBNM,-,33.68
EUGÊNIO DE CASTRO,4307831,CRUZ ALTA,SBCL,83912,63.32
EUGÊNIO DE CASTRO,4307831,SANTA MARIA (AEROPORTO),SBSM,83937,138.81
FAGUNDES VARELA,4307864,CAXIAS DO SUL - AER. CAMPO DOS B,SBCX,-,62.8
FAGUNDES VARELA,4307864,PASSO FUNDO,SBPF,83914,92.68
FAGUNDES VARELA,4307864,CANOAS,SBCO,83952,130.4
FARROUPILHA,4307906,CAXIAS DO SUL - AER. CAMPO DOS B,SBCX,-,18.07
FARROUPILHA,4307906,CANOAS,SBCO,83952,84.89
FARROUPILHA,4307906,PORTO ALEGRE (AEROPORTO),SBPA,83971,89.86
FAXINAL DO SOTURNO,4308003,SANTA MARIA (AEROPORTO),SBSM,83937,29.18
FAXINAL DO SOTURNO,4308003,CRUZ ALTA,SBCL,83912,104.01
FAXINAL DO SOTURNO,4308003,AEROP. SANTO ANGELO - R,SBNM,-,158.87
FAXINALZINHO,4308052,CHAPECO,SBCH,83883,27.29
FAXINALZINHO,4308052,PASSO FUNDO,SBPF,83914,103.04
FAXINALZINHO,4308052,CRUZ ALTA,SBCL,83912,166.41
FAZENDA VILANOVA,4308078,CAXIAS DO SUL - AER. CAMPO DOS B,SBCX,-,77.1
FAZENDA VILANOVA,4308078,CANOAS,SBCO,83952,77.66
FAZENDA VILANOVA,4308078,PORTO ALEGRE (AEROPORTO),SBPA,83971,79.07
FELIZ,4308102,CAXIAS DO SUL - AER. CAMPO DOS B,SBCX,-,29.22
FELIZ,4308102,CANOAS,SBCO,83952,54.66
FELIZ,4308102,PORTO ALEGRE (AEROPORTO),SBPA,83971,60.03
FLORES DA CUNHA,4308201,CAXIAS DO SUL - AER. CAMPO DOS B,SBCX,-,19.17
FLORES DA CUNHA,4308201,CANOAS,SBCO,83952,102.37
FLORES DA CUNHA,4308201,PORTO ALEGRE (AEROPORTO),SBPA,83971,107.81
FLORIANO PEIXOTO,4308250,PASSO FUNDO,SBPF,83914,51.71
FLORIANO PEIXOTO,4308250,CHAPECO,SBCH,83883,101.75
FLORIANO PEIXOTO,4308250,CACADOR,SBCD,-,162.88
FONTOURA XAVIER,4308300,PASSO FUNDO,SBPF,83914,84.47
FONTOURA XAVIER,4308300,CAXIAS DO SUL - AER. CAMPO DOS B,SBCX,-,118.31
FONTOURA XAVIER,4308300,CRUZ ALTA,SBCL,83912,126.28
FORMIGUEIRO,4308409,SANTA MARIA (AEROPORTO),SBSM,83937,34.04
FORMIGUEIRO,4308409,CRUZ ALTA,SBCL,83912,149.94
FORMIGUEIRO,4308409,BAGE (AEROPORTO),SBBG,83981,166.79
FORQUETINHA,4308433,CAXIAS DO SUL - AER. CAMPO DOS B,SBCX,-,93.71
FORQUETINHA,4308433,CANOAS,SBCO,83952,114.62
FORQUETINHA,4308433,PORTO ALEGRE (AEROPORTO),SBPA,83971,116.3
FORTALEZA DOS VALOS,4308458,CRUZ ALTA,SBCL,83912,43.27
FORTALEZA DOS VALOS,4308458,SANTA MARIA (AEROPORTO),SBSM,83937,100.51
FORTALEZA DOS VALOS,4308458,AEROP. SANTO ANGELO - R,SBNM,-,111.66
FREDERICO WESTPHALEN,4308508,CHAPECO,SBCH,83883,72.11
FREDERICO WESTPHALEN,4308508,AEROP. SANTO ANGELO - R,SBNM,-,130.51
FREDERICO WESTPHALEN,4308508,PASSO FUNDO,SBPF,83914,143.16
GARIBALDI,4308607,CAXIAS DO SUL - AER. CAMPO DOS B,SBCX,-,39.21
GARIBALDI,4308607,CANOAS,SBCO,83952,89.46
GARIBALDI,4308607,PORTO ALEGRE (AEROPORTO),SBPA,83971,93.57
GARRUCHOS,4308656,AEROP. SANTO ANGELO - R,SBNM,-,134.08
GARRUCHOS,4308656,CRUZ ALTA,SBCL,83912,194.58
GARRUCHOS,4308656,URUGUAIANA (AEROPORTO),SBUG,83928,223.46
GAURAMA,4308706,PASSO FUNDO,SBPF,83914,75.44
GAURAMA,4308706,CHAPECO,SBCH,83883,75.55
GAURAMA,4308706,CACADOR,SBCD,-,148.45
GENERAL CÂMARA,4308805,PORTO ALEGRE (AEROPORTO),SBPA,83971,73.46
GENERAL CÂMARA,4308805,CANOAS,SBCO,83952,74.46
GENERAL CÂMARA,4308805,CAXIAS DO SUL - AER. CAMPO DOS B,SBCX,-,102.7
GENTIL,4308854,PASSO FUNDO,SBPF,83914,32.22
GENTIL,4308854,CAXIAS DO SUL - AER. CAMPO DOS B,SBCX,-,123.28
GENTIL,4308854,CHAPECO,SBCH,83883,152.87
GETÚLIO VARGAS,4308904,PASSO FUNDO,SBPF,83914,46.52
GETÚLIO VARGAS,4308904,CHAPECO,SBCH,83883,93.84
GETÚLIO VARGAS,4308904,CRUZ ALTA,SBCL,83912,163.76
GIRUÁ,4309001,AEROP. SANTO ANGELO - R,SBNM,-,29.53
GIRUÁ,4309001,CRUZ ALTA,SBCL,83912,95.56
GIRUÁ,4309001,CHAPECO,SBCH,83883,189.2
GLORINHA,4309050,CANOAS,SBCO,83952,37.26
GLORINHA,4309050,PORTO ALEGRE (AEROPORTO),SBPA,83971,40.51
GLORINHA,4309050,CAXIAS DO SUL - AER. CAMPO DOS B,SBCX,-,86.03
GRAMADO,4309100,CAXIAS DO SUL - AER. CAMPO DOS B,SBCX,-,34.24
GRAMADO,4309100,CANOAS,SBCO,83952,67.14
GRAMADO,4309100,PORTO ALEGRE (AEROPORTO),SBPA,83971,73.02
GRAMADO DOS LOUREIROS,4309126,CHAPECO,SBCH,83883,42.63
GRAMADO DOS LOUREIROS,4309126,PASSO FUNDO,SBPF,83914,106.41
GRAMADO DOS LOUREIROS,4309126,CRUZ ALTA,SBCL,83912,147.88
GRAMADO XAVIER,4309159,SANTA MARIA (AEROPORTO),SBSM,83937,116.71
GRAMADO XAVIER,4309159,PASSO FUNDO,SBPF,83914,118.49
GRAMADO XAVIER,4309159,CRUZ ALTA,SBCL,83912,121.76
GRAVATAÍ,4309209,CANOAS,SBCO,83952,20.32
GRAVATAÍ,4309209,PORTO ALEGRE (AEROPORTO),SBPA,83971,24.44
GRAVATAÍ,4309209,CAXIAS DO SUL - AER. CAMPO DOS B,SBCX,-,79.69
GUABIJU,4309258,PASSO FUNDO,SBPF,83914,74.93
GUABIJU,4309258,CAXIAS DO SUL - AER. CAMPO DOS B,SBCX,-,83.51
GUABIJU,4309258,CANOAS,SBCO,83952,160.4
GUAÍBA,4309308,PORTO ALEGRE (AEROPORTO),SBPA,83971,32.3
GUAÍBA,4309308,CANOAS,SBCO,83952,37.37
GUAÍBA,4309308,CAXIAS DO SUL - AER. CAMPO DOS B,SBCX,-,111.49
GUAPORÉ,4309407,PASSO FUNDO,SBPF,83914,79.04
GUAPORÉ,4309407,CAXIAS DO SUL - AER. CAMPO DOS B,SBCX,-,80.22
GUAPORÉ,4309407,CANOAS,SBCO,83952,142.04
GUARANI DAS MISSÕES,4309506,AEROP. SANTO ANGELO - R,SBNM,-,42.37
GUARANI DAS MISSÕES,4309506,CRUZ ALTA,SBCL,83912,109.32
GUARANI DAS MISSÕES,4309506,SANTA MARIA (AEROPORTO),SBSM,83937,192.93
HARMONIA,4309555,CAXIAS DO SUL - AER. CAMPO DOS B,SBCX,-,45.15
HARMONIA,4309555,CANOAS,SBCO,83952,52.1
HARMONIA,4309555,PORTO ALEGRE (AEROPORTO),SBPA,83971,56.09
HERVEIRAS,4309571,SANTA MARIA (AEROPORTO),SBSM,83937,104.27
HERVEIRAS,4309571,CRUZ ALTA,SBCL,83912,127.71
HERVEIRAS,4309571,PASSO FUNDO,SBPF,83914,136.58
HORIZONTINA,4309605,AEROP. SANTO ANGELO - R,SBNM,-,76.37
HORIZONTINA,4309605,CRUZ ALTA,SBCL,83912,134.16
HORIZONTINA,4309605,CHAPECO,SBCH,83883,168.83
HULHA NEGRA,4309654,BAGE (AEROPORTO),SBBG,83981,23.14
HULHA NEGRA,4309654,PELOTAS,SBPK,83985,150.78
HULHA NEGRA,4309654,RIO GRANDE,SBRG,83995,182.57
HUMAITÁ,4309704,AEROP. SANTO ANGELO - R,SBNM,-,79.73
HUMAITÁ,4309704,CRUZ ALTA,SBCL,83912,123.24
HUMAITÁ,4309704,CHAPECO,SBCH,83883,138.32
IBARAMA,4309753,SANTA MARIA (AEROPORTO),SBSM,83937,61.48
IBARAMA,4309753,CRUZ ALTA,SBCL,83912,97.32
IBARAMA,4309753,PASSO FUNDO,SBPF,83914,153.43
IBIAÇÁ,4309803,PASSO FUNDO,SBPF,83914,55.66
IBIAÇÁ,4309803,CAXIAS DO SUL - AER. CAMPO DOS B,SBCX,-,135.72
IBIAÇÁ,4309803,CHAPECO,SBCH,83883,138.72
IBIRAIARAS,4309902,PASSO FUNDO,SBPF,83914,70.12
IBIRAIARAS,4309902,CAXIAS DO SUL - AER. CAMPO DOS B,SBCX,-,100.95
IBIRAIARAS,4309902,LAGES,SBLJ,-,148.36
IBIRAPUITÃ,4309951,PASSO FUNDO,SBPF,83914,43.26
IBIRAPUITÃ,4309951,CRUZ ALTA,SBCL,83912,112.99
IBIRAPUITÃ,4309951,CAXIAS DO SUL - AER. CAMPO DOS B,SBCX,-,138.44
IBIRUBÁ,4310009,CRUZ ALTA,SBCL,83912,41.94
IBIRUBÁ,4310009,PASSO FUNDO,SBPF,83914,90.86
IBIRUBÁ,4310009,AEROP. SANTO ANGELO - R,SBNM,-,104.04
IGREJINHA,4310108,CANOAS,SBCO,83952,54.94
IGREJINHA,4310108,CAXIAS DO SUL - AER. CAMPO DOS B,SBCX,-,55.41
IGREJINHA,4310108,PORTO ALEGRE (AEROPORTO),SBPA,83971,60.5
IJUÍ,4310207,AEROP. SANTO ANGELO - R,SBNM,-,27.48
IJUÍ,4310207,CRUZ ALTA,SBCL,83912,44.89
IJUÍ,4310207,PASSO FUNDO,SBPF,83914,153.47
ILÓPOLIS,4310306,PASSO FUNDO,SBPF,83914,78.16
ILÓPOLIS,4310306,CAXIAS DO SUL - AER. CAMPO DOS B,SBCX,-,97.18
ILÓPOLIS,4310306,CRUZ ALTA,SBCL,83912,147
IMBÉ,4310330,TORRES,SBTR,83948,75.45
IMBÉ,4310330,CANOAS,SBCO,83952,100.09
IMBÉ,4310330,PORTO ALEGRE (AEROPORTO),SBPA,83971,102.19
IMIGRANTE,4310363,CAXIAS DO SUL - AER. CAMPO DOS B,SBCX,-,59.99
IMIGRANTE,4310363,CANOAS,SBCO,83952,90.42
IMIGRANTE,4310363,PORTO ALEGRE (AEROPORTO),SBPA,83971,93.39
INDEPENDÊNCIA,4310405,AEROP. SANTO ANGELO - R,SBNM,-,40.99
INDEPENDÊNCIA,4310405,CRUZ ALTA,SBCL,83912,98.97
INDEPENDÊNCIA,4310405,CHAPECO,SBCH,83883,171.9
INHACORÁ,4310413,AEROP. SANTO ANGELO - R,SBNM,-,43.26
INHACORÁ,4310413,CRUZ ALTA,SBCL,83912,91.4
INHACORÁ,4310413,CHAPECO,SBCH,83883,159.23
IPÊ,4310439,CAXIAS DO SUL - AER. CAMPO DOS B,SBCX,-,54.84
IPÊ,4310439,PASSO FUNDO,SBPF,83914,113.42
IPÊ,4310439,CANOAS,SBCO,83952,137.76
IPIRANGA DO SUL,4310462,PASSO FUNDO,SBPF,83914,36.52
IPIRANGA DO SUL,4310462,CHAPECO,SBCH,83883,92.45
IPIRANGA DO SUL,4310462,CRUZ ALTA,SBCL,83912,139.41
IRAÍ,4310504,CHAPECO,SBCH,83883,58.04
IRAÍ,4310504,PASSO FUNDO,SBPF,83914,142.96
IRAÍ,4310504,AEROP. SANTO ANGELO - R,SBNM,-,145.75
ITAARA,4310538,SANTA MARIA (AEROPORTO),SBSM,83937,17.02
ITAARA,4310538,CRUZ ALTA,SBCL,83912,106.46
ITAARA,4310538,AEROP. SANTO ANGELO - R,SBNM,-,150.64
ITACURUBI,4310553,AEROP. SANTO ANGELO - R,SBNM,-,122.87
ITACURUBI,4310553,CRUZ ALTA,SBCL,83912,163.82
ITACURUBI,4310553,SANTA MARIA (AEROPORTO),SBSM,83937,182.63
ITAPUCA,4310579,PASSO FUNDO,SBPF,83914,59.97
ITAPUCA,4310579,CAXIAS DO SUL - AER. CAMPO DOS B,SBCX,-,109.44
ITAPUCA,4310579,CRUZ ALTA,SBCL,83912,137.94
ITAQUI,4310603,URUGUAIANA (AEROPORTO),SBUG,83928,102.49
ITAQUI,4310603,AEROP. SANTO ANGELO - R,SBNM,-,221.9
ITAQUI,4310603,SANTA MARIA (AEROPORTO),SBSM,83937,246.15
ITATI,4310652,TORRES,SBTR,83948,43.88
ITATI,4310652,CAXIAS DO SUL - AER. CAMPO DOS B,SBCX,-,102.64
ITATI,4310652,CANOAS,SBCO,83952,109.59
ITATIBA DO SUL,4310702,CHAPECO,SBCH,83883,31.45
ITATIBA DO SUL,4310702,PASSO FUNDO,SBPF,83914,100.54
ITATIBA DO SUL,4310702,CACADOR,SBCD,-,166.06
IVORÁ,4310751,SANTA MARIA (AEROPORTO),SBSM,83937,25.61
IVORÁ,4310751,CRUZ ALTA,SBCL,83912,98.22
IVORÁ,4310751,AEROP. SANTO ANGELO - R,SBNM,-,149.58
IVOTI,4310801,CANOAS,SBCO,83952,41.42
IVOTI,4310801,CAXIAS DO SUL - AER. CAMPO DOS B,SBCX,-,42.05
IVOTI,4310801,PORTO ALEGRE (AEROPORTO),SBPA,83971,47
JABOTICABA,4310850,CHAPECO,SBCH,83883,80.75
JABOTICABA,4310850,AEROP. SANTO ANGELO - R,SBNM,-,114
JABOTICABA,4310850,PASSO FUNDO,SBPF,83914,114.83
JACUIZINHO,4310876,CRUZ ALTA,SBCL,83912,72.78
JACUIZINHO,4310876,SANTA MARIA (AEROPORTO),SBSM,83937,101.14
JACUIZINHO,4310876,PASSO FUNDO,SBPF,83914,109.84
JACUTINGA,4310900,PASSO FUNDO,SBPF,83914,55.6
JACUTINGA,4310900,CHAPECO,SBCH,83883,74.15
JACUTINGA,4310900,CRUZ ALTA,SBCL,83912,139.43
JAGUARÃO,4311007,PELOTAS,SBPK,83985,121.97
JAGUARÃO,4311007,RIO GRANDE,SBRG,83995,125.87
JAGUARÃO,4311007,BAGE (AEROPORTO),SBBG,83981,136.41
JAGUARI,4311106,SANTA MARIA (AEROPORTO),SBSM,83937,96.24
JAGUARI,4311106,CRUZ ALTA,SBCL,83912,137.41
JAGUARI,4311106,AEROP. SANTO ANGELO - R,SBNM,-,140.14
JAQUIRANA,4311122,TORRES,SBTR,83948,75.86
JAQUIRANA,4311122,CAXIAS DO SUL - AER. CAMPO DOS B,SBCX,-,84.34
JAQUIRANA,4311122,CRICIUMA-SC (AER. FORQUILINHA,SBCN,-,95.14
JARI,4311130,SANTA MARIA (AEROPORTO),SBSM,83937,74.95
JARI,4311130,CRUZ ALTA,SBCL,83912,100.18
JARI,4311130,AEROP. SANTO ANGELO - R,SBNM,-,114.34
JÓIA,4311155,AEROP. SANTO ANGELO - R,SBNM,-,55.25
JÓIA,4311155,CRUZ ALTA,SBCL,83912,56.19
JÓIA,4311155,SANTA MARIA (AEROPORTO),SBSM,83937,114.81
JÚLIO DE CASTILHOS,4311205,SANTA MARIA (AEROPORTO),SBSM,83937,51.54
JÚLIO DE CASTILHOS,4311205,CRUZ ALTA,SBCL,83912,70.05
JÚLIO DE CASTILHOS,4311205,AEROP. SANTO ANGELO - R,SBNM,-,120.94
LAGOA BONITA DO SUL,4311239,SANTA MARIA (AEROPORTO),SBSM,83937,68
LAGOA BONITA DO SUL,4311239,CRUZ ALTA,SBCL,83912,111.16
LAGOA BONITA DO SUL,4311239,PASSO FUNDO,SBPF,83914,155.63
LAGOÃO,4311254,SANTA MARIA (AEROPORTO),SBSM,83937,103.34
LAGOÃO,4311254,CRUZ ALTA,SBCL,83912,104.04
LAGOÃO,4311254,PASSO FUNDO,SBPF,83914,118.55
LAGOA DOS TRÊS CANTOS,4311270,PASSO FUNDO,SBPF,83914,60.87
LAGOA DOS TRÊS CANTOS,4311270,CRUZ ALTA,SBCL,83912,75.06
LAGOA DOS TRÊS CANTOS,4311270,AEROP. SANTO ANGELO - R,SBNM,-,134.87
LAGOA VERMELHA,4311304,PASSO FUNDO,SBPF,83914,81.17
LAGOA VERMELHA,4311304,CAXIAS DO SUL - AER. CAMPO DOS B,SBCX,-,112.65
LAGOA VERMELHA,4311304,LAGES,SBLJ,-,129.84
LAJEADO,4311403,CAXIAS DO SUL - AER. CAMPO DOS B,SBCX,-,86.18
LAJEADO,4311403,CANOAS,SBCO,83952,98.43
LAJEADO,4311403,PORTO ALEGRE (AEROPORTO),SBPA,83971,99.92
LAJEADO DO BUGRE,4311429,CHAPECO,SBCH,83883,82.98
LAJEADO DO BUGRE,4311429,PASSO FUNDO,SBPF,83914,105.35
LAJEADO DO BUGRE,4311429,CRUZ ALTA,SBCL,83912,109.91
LAVRAS DO SUL,4311502,BAGE (AEROPORTO),SBBG,83981,67.65
LAVRAS DO SUL,4311502,SANTA MARIA (AEROPORTO),SBSM,83937,124.86
LAVRAS DO SUL,4311502,PELOTAS,SBPK,83985,202.87
LIBERATO SALZANO,4311601,CHAPECO,SBCH,83883,60.74
LIBERATO SALZANO,4311601,PASSO FUNDO,SBPF,83914,106.13
LIBERATO SALZANO,4311601,CRUZ ALTA,SBCL,83912,131.14
LINDOLFO COLLOR,4311627,CANOAS,SBCO,83952,41.23
LINDOLFO COLLOR,4311627,CAXIAS DO SUL - AER. CAMPO DOS B,SBCX,-,42.91
LINDOLFO COLLOR,4311627,PORTO ALEGRE (AEROPORTO),SBPA,83971,46.48
LINHA NOVA,4311643,CAXIAS DO SUL - AER. CAMPO DOS B,SBCX,-,29.15
LINHA NOVA,4311643,CANOAS,SBCO,83952,54.86
LINHA NOVA,4311643,PORTO ALEGRE (AEROPORTO),SBPA,83971,60.2
MACHADINHO,4311700,PASSO FUNDO,SBPF,83914,97.71
MACHADINHO,4311700,CHAPECO,SBCH,83883,110.56
MACHADINHO,4311700,CACADOR,SBCD,-,116.26
MAÇAMBARÁ,4311718,URUGUAIANA (AEROPORTO),SBUG,83928,143.73
MAÇAMBARÁ,4311718,AEROP. SANTO ANGELO - R,SBNM,-,179.91
MAÇAMBARÁ,4311718,SANTA MARIA (AEROPORTO),SBSM,83937,213.76
MAMPITUBA,4311734,TORRES,SBTR,83948,28.21
MAMPITUBA,4311734,CRICIUMA-SC (AER. FORQUILINHA,SBCN,-,83.38
MAMPITUBA,4311734,FORQUILHINHA,SBCM,-,83.38
MANOEL VIANA,4311759,URUGUAIANA (AEROPORTO),SBUG,83928,146.46
MANOEL VIANA,4311759,SANTA MARIA (AEROPORTO),SBSM,83937,182.49
MANOEL VIANA,4311759,AEROP. SANTO ANGELO - R,SBNM,-,186.64
MAQUINÉ,4311775,TORRES,SBTR,83948,56.08
MAQUINÉ,4311775,CANOAS,SBCO,83952,97.37
MAQUINÉ,4311775,PORTO ALEGRE (AEROPORTO),SBPA,83971,101.26
MARATÁ,4311791,CAXIAS DO SUL - AER. CAMPO DOS B,SBCX,-,52.79
MARATÁ,4311791,CANOAS,SBCO,83952,59.26
MARATÁ,4311791,PORTO ALEGRE (AEROPORTO),SBPA,83971,62.41
MARAU,4311809,PASSO FUNDO,SBPF,83914,23.59
MARAU,4311809,CRUZ ALTA,SBCL,83912,131.49
MARAU,4311809,CAXIAS DO SUL - AER. CAMPO DOS B,SBCX,-,134.56
MARCELINO RAMOS,4311908,CHAPECO,SBCH,83883,80.92
MARCELINO RAMOS,4311908,PASSO FUNDO,SBPF,83914,93.56
MARCELINO RAMOS,4311908,CACADOR,SBCD,-,127.41
MARIANA PIMENTEL,4311981,PORTO ALEGRE (AEROPORTO),SBPA,83971,52.96
MARIANA PIMENTEL,4311981,CANOAS,SBCO,83952,58.16
MARIANA PIMENTEL,4311981,CAXIAS DO SUL - AER. CAMPO DOS B,SBCX,-,129.88
MARIANO MORO,4312005,CHAPECO,SBCH,83883,54.9
MARIANO MORO,4312005,PASSO FUNDO,SBPF,83914,102.17
MARIANO MORO,4312005,CACADOR,SBCD,-,137.67
MARQUES DE SOUZA,4312054,CAXIAS DO SUL - AER. CAMPO DOS B,SBCX,-,94.61
MARQUES DE SOUZA,4312054,PASSO FUNDO,SBPF,83914,116.9
MARQUES DE SOUZA,4312054,CANOAS,SBCO,83952,121.39
MATA,4312104,SANTA MARIA (AEROPORTO),SBSM,83937,77
MATA,4312104,CRUZ ALTA,SBCL,83912,131.67
MATA,4312104,AEROP. SANTO ANGELO - R,SBNM,-,144.04
MATO CASTELHANO,4312138,PASSO FUNDO,SBPF,83914,13.22
MATO CASTELHANO,4312138,CHAPECO,SBCH,83883,135.83
MATO CASTELHANO,4312138,CRUZ ALTA,SBCL,83912,142.45
MATO LEITÃO,4312153,CAXIAS DO SUL - AER. CAMPO DOS B,SBCX,-,99.43
MATO LEITÃO,4312153,CANOAS,SBCO,83952,106.27
MATO LEITÃO,4312153,PORTO ALEGRE (AEROPORTO),SBPA,83971,107.15
MATO QUEIMADO,4312179,AEROP. SANTO ANGELO - R,SBNM,-,47.68
MATO QUEIMADO,4312179,CRUZ ALTA,SBCL,83912,111.85
MATO QUEIMADO,4312179,SANTA MARIA (AEROPORTO),SBSM,83937,188.71
MAXIMILIANO DE ALMEIDA,4312203,PASSO FUNDO,SBPF,83914,87.91
MAXIMILIANO DE ALMEIDA,4312203,CHAPECO,SBCH,83883,99.61
MAXIMILIANO DE ALMEIDA,4312203,CACADOR,SBCD,-,126.66
MINAS DO LEÃO,4312252,PORTO ALEGRE (AEROPORTO),SBPA,83971,87.79
MINAS DO LEÃO,4312252,CANOAS,SBCO,83952,90.41
MINAS DO LEÃO,4312252,CAXIAS DO SUL - AER. CAMPO DOS B,SBCX,-,130.35
MIRAGUAÍ,4312302,AEROP. SANTO ANGELO - R,SBNM,-,96.08
MIRAGUAÍ,4312302,CHAPECO,SBCH,83883,113.73
MIRAGUAÍ,4312302,CRUZ ALTA,SBCL,83912,127.47
MONTAURI,4312351,PASSO FUNDO,SBPF,83914,54.12
MONTAURI,4312351,CAXIAS DO SUL - AER. CAMPO DOS B,SBCX,-,103.14
MONTAURI,4312351,CRUZ ALTA,SBCL,83912,151.36
MONTE ALEGRE DOS CAMPOS,4312377,CAXIAS DO SUL - AER. CAMPO DOS B,SBCX,-,66.49
MONTE ALEGRE DOS CAMPOS,4312377,LAGES,SBLJ,-,114.51
MONTE ALEGRE DOS CAMPOS,4312377,TORRES,SBTR,83948,127.07
MONTE BELO DO SUL,4312385,CAXIAS DO SUL - AER. CAMPO DOS B,SBCX,-,46.33
MONTE BELO DO SUL,4312385,CANOAS,SBCO,83952,102.35
MONTE BELO DO SUL,4312385,PORTO ALEGRE (AEROPORTO),SBPA,83971,106.41
MONTENEGRO,4312401,CANOAS,SBCO,83952,43.44
MONTENEGRO,4312401,PORTO ALEGRE (AEROPORTO),SBPA,83971,45.71
MONTENEGRO,4312401,CAXIAS DO SUL - AER. CAMPO DOS B,SBCX,-,64.53
MORMAÇO,4312427,PASSO FUNDO,SBPF,83914,59.08
MORMAÇO,4312427,CRUZ ALTA,SBCL,83912,91.82
MORMAÇO,4312427,SANTA MARIA (AEROPORTO),SBSM,83937,152.21
MORRINHOS DO SUL,4312443,TORRES,SBTR,83948,21.78
MORRINHOS DO SUL,4312443,CRICIUMA-SC (AER. FORQUILINHA,SBCN,-,86.13
MORRINHOS DO SUL,4312443,FORQUILHINHA,SBCM,-,86.13
MORRO REDONDO,4312450,PELOTAS,SBPK,83985,30.59
MORRO REDONDO,4312450,RIO GRANDE,SBRG,83995,67.76
MORRO REDONDO,4312450,BAGE (AEROPORTO),SBBG,83981,143.35
MORRO REUTER,4312476,CAXIAS DO SUL - AER. CAMPO DOS B,SBCX,-,37.7
MORRO REUTER,4312476,CANOAS,SBCO,83952,48.42
MORRO REUTER,4312476,PORTO ALEGRE (AEROPORTO),SBPA,83971,54.25
MOSTARDAS,4312500,PORTO ALEGRE (AEROPORTO),SBPA,83971,104
MOSTARDAS,4312500,CANOAS,SBCO,83952,108.38
MOSTARDAS,4312500,PELOTAS,SBPK,83985,180.06
MUÇUM,4312609,CAXIAS DO SUL - AER. CAMPO DOS B,SBCX,-,62.15
MUÇUM,4312609,CANOAS,SBCO,83952,110.69
MUÇUM,4312609,PASSO FUNDO,SBPF,83914,111
MUITOS CAPÕES,4312617,CAXIAS DO SUL - AER. CAMPO DOS B,SBCX,-,90.65
MUITOS CAPÕES,4312617,PASSO FUNDO,SBPF,83914,108.73
MUITOS CAPÕES,4312617,LAGES,SBLJ,-,115.01
MULITERNO,4312625,PASSO FUNDO,SBPF,83914,54.83
MULITERNO,4312625,CAXIAS DO SUL - AER. CAMPO DOS B,SBCX,-,113.16
MULITERNO,4312625,LAGES,SBLJ,-,158.99
NÃO-ME-TOQUE,4312658,PASSO FUNDO,SBPF,83914,53.73
NÃO-ME-TOQUE,4312658,CRUZ ALTA,SBCL,83912,78.05
NÃO-ME-TOQUE,4312658,AEROP. SANTO ANGELO - R,SBNM,-,133.28
NICOLAU VERGUEIRO,4312674,PASSO FUNDO,SBPF,83914,32.25
NICOLAU VERGUEIRO,4312674,CRUZ ALTA,SBCL,83912,113.12
NICOLAU VERGUEIRO,4312674,CAXIAS DO SUL - AER. CAMPO DOS B,SBCX,-,144.78
NONOAI,4312708,CHAPECO,SBCH,83883,32.41
NONOAI,4312708,PASSO FUNDO,SBPF,83914,110.81
NONOAI,4312708,CRUZ ALTA,SBCL,83912,158.02
NOVA ALVORADA,4312757,PASSO FUNDO,SBPF,83914,53.2
NOVA ALVORADA,4312757,CAXIAS DO SUL - AER. CAMPO DOS B,SBCX,-,110.92
NOVA ALVORADA,4312757,CRUZ ALTA,SBCL,83912,139.63
NOVA ARAÇÁ,4312807,PASSO FUNDO,SBPF,83914,72.56
NOVA ARAÇÁ,4312807,CAXIAS DO SUL - AER. CAMPO DOS B,SBCX,-,82.1
NOVA ARAÇÁ,4312807,CANOAS,SBCO,83952,155.43
NOVA BASSANO,4312906,CAXIAS DO SUL - AER. CAMPO DOS B,SBCX,-,76.82
NOVA BASSANO,4312906,PASSO FUNDO,SBPF,83914,77.24
NOVA BASSANO,4312906,CANOAS,SBCO,83952,147.82
NOVA BOA VISTA,4312955,PASSO FUNDO,SBPF,83914,69.5
NOVA BOA VISTA,4312955,CRUZ ALTA,SBCL,83912,93.02
NOVA BOA VISTA,4312955,CHAPECO,SBCH,83883,101.12
NOVA BRÉSCIA,4313003,CAXIAS DO SUL - AER. CAMPO DOS B,SBCX,-,83.1
NOVA BRÉSCIA,4313003,PASSO FUNDO,SBPF,83914,111.75
NOVA BRÉSCIA,4313003,CANOAS,SBCO,83952,117.91
NOVA CANDELÁRIA,4313011,AEROP. SANTO ANGELO - R,SBNM,-,75.14
NOVA CANDELÁRIA,4313011,CRUZ ALTA,SBCL,83912,126.04
NOVA CANDELÁRIA,4313011,CHAPECO,SBCH,83883,152.71
NOVA ESPERANÇA DO SUL,4313037,SANTA MARIA (AEROPORTO),SBSM,83937,114.05
NOVA ESPERANÇA DO SUL,4313037,AEROP. SANTO ANGELO - R,SBNM,-,141.12
NOVA ESPERANÇA DO SUL,4313037,CRUZ ALTA,SBCL,83912,146.66
NOVA HARTZ,4313060,CANOAS,SBCO,83952,48.05
NOVA HARTZ,4313060,CAXIAS DO SUL - AER. CAMPO DOS B,SBCX,-,51.7
NOVA HARTZ,4313060,PORTO ALEGRE (AEROPORTO),SBPA,83971,53.79
NOVA PÁDUA,4313086,CAXIAS DO SUL - AER. CAMPO DOS B,SBCX,-,25.71
NOVA PÁDUA,4313086,CANOAS,SBCO,83952,106.7
NOVA PÁDUA,4313086,PORTO ALEGRE (AEROPORTO),SBPA,83971,111.94
NOVA PALMA,4313102,SANTA MARIA (AEROPORTO),SBSM,83937,42.05
NOVA PALMA,4313102,CRUZ ALTA,SBCL,83912,91.1
NOVA PALMA,4313102,AEROP. SANTO ANGELO - R,SBNM,-,148.73
NOVA PETRÓPOLIS,4313201,CAXIAS DO SUL - AER. CAMPO DOS B,SBCX,-,21.88
NOVA PETRÓPOLIS,4313201,CANOAS,SBCO,83952,64.01
NOVA PETRÓPOLIS,4313201,PORTO ALEGRE (AEROPORTO),SBPA,83971,69.75
NOVA PRATA,4313300,CAXIAS DO SUL - AER. CAMPO DOS B,SBCX,-,64.19
NOVA PRATA,4313300,PASSO FUNDO,SBPF,83914,90.55
NOVA PRATA,4313300,CANOAS,SBCO,83952,139.49
NOVA RAMADA,4313334,AEROP. SANTO ANGELO - R,SBNM,-,50.49
NOVA RAMADA,4313334,CRUZ ALTA,SBCL,83912,62.39
NOVA RAMADA,4313334,PASSO FUNDO,SBPF,83914,136.07
NOVA ROMA DO SUL,4313359,CAXIAS DO SUL - AER. CAMPO DOS B,SBCX,-,32.31
NOVA ROMA DO SUL,4313359,CANOAS,SBCO,83952,109.72
NOVA ROMA DO SUL,4313359,PORTO ALEGRE (AEROPORTO),SBPA,83971,114.74
NOVA SANTA RITA,4313375,CANOAS,SBCO,83952,17.7
NOVA SANTA RITA,4313375,PORTO ALEGRE (AEROPORTO),SBPA,83971,20.81
NOVA SANTA RITA,4313375,CAXIAS DO SUL - AER. CAMPO DOS B,SBCX,-,71.98
NOVO CABRAIS,4313391,SANTA MARIA (AEROPORTO),SBSM,83937,68.2
NOVO CABRAIS,4313391,CRUZ ALTA,SBCL,83912,138.73
NOVO CABRAIS,4313391,PORTO ALEGRE (AEROPORTO),SBPA,83971,177.97
NOVO HAMBURGO,4313409,CANOAS,SBCO,83952,23.71
NOVO HAMBURGO,4313409,PORTO ALEGRE (AEROPORTO),SBPA,83971,29.57
NOVO HAMBURGO,4313409,CAXIAS DO SUL - AER. CAMPO DOS B,SBCX,-,63.05
NOVO MACHADO,4313425,AEROP. SANTO ANGELO - R,SBNM,-,88.31
NOVO MACHADO,4313425,CRUZ ALTA,SBCL,83912,151.66
NOVO MACHADO,4313425,CHAPECO,SBCH,83883,190.06
NOVO TIRADENTES,4313441,CHAPECO,SBCH,83883,68.72
NOVO TIRADENTES,4313441,PASSO FUNDO,SBPF,83914,112.29
NOVO TIRADENTES,4313441,CRUZ ALTA,SBCL,83912,126.07
NOVO XINGU,4313466,CHAPECO,SBCH,83883,78.29
NOVO XINGU,4313466,PASSO FUNDO,SBPF,83914,91.04
NOVO XINGU,4313466,CRUZ ALTA,SBCL,83912,111.91
NOVO BARREIRO,4313490,PASSO FUNDO,SBPF,83914,86.46
NOVO BARREIRO,4313490,CRUZ ALTA,SBCL,83912,94.21
NOVO BARREIRO,4313490,CHAPECO,SBCH,83883,96.04
OSÓRIO,4313508,TORRES,SBTR,83948,79.77
OSÓRIO,4313508,CANOAS,SBCO,83952,86.37
OSÓRIO,4313508,PORTO ALEGRE (AEROPORTO),SBPA,83971,88.78
PAIM FILHO,4313607,PASSO FUNDO,SBPF,83914,79.78
PAIM FILHO,4313607,CHAPECO,SBCH,83883,109.74
PAIM FILHO,4313607,CACADOR,SBCD,-,134.27
PALMARES DO SUL,4313656,PORTO ALEGRE (AEROPORTO),SBPA,83971,80.15
PALMARES DO SUL,4313656,CANOAS,SBCO,83952,81.51
PALMARES DO SUL,4313656,TORRES,SBTR,83948,132.22
PALMEIRA DAS MISSÕES,4313706,CRUZ ALTA,SBCL,83912,79.61
PALMEIRA DAS MISSÕES,4313706,AEROP. SANTO ANGELO - R,SBNM,-,85.53
PALMEIRA DAS MISSÕES,4313706,PASSO FUNDO,SBPF,83914,108.81
PALMITINHO,4313805,CHAPECO,SBCH,83883,93.38
PALMITINHO,4313805,AEROP. SANTO ANGELO - R,SBNM,-,119.39
PALMITINHO,4313805,CRUZ ALTA,SBCL,83912,144.8
PANAMBI,4313904,CRUZ ALTA,SBCL,83912,34.57
PANAMBI,4313904,AEROP. SANTO ANGELO - R,SBNM,-,65.21
PANAMBI,4313904,PASSO FUNDO,SBPF,83914,115.63
PANTANO GRANDE,4313953,PORTO ALEGRE (AEROPORTO),SBPA,83971,119.01
PANTANO GRANDE,4313953,CANOAS,SBCO,83952,122.34
PANTANO GRANDE,4313953,SANTA MARIA (AEROPORTO),SBSM,83937,141.25
PARAÍ,4314001,PASSO FUNDO,SBPF,83914,65.68
PARAÍ,4314001,CAXIAS DO SUL - AER. CAMPO DOS B,SBCX,-,89.23
PARAÍ,4314001,CANOAS,SBCO,83952,162.36
PARAÍSO DO SUL,4314027,SANTA MARIA (AEROPORTO),SBSM,83937,55.92
PARAÍSO DO SUL,4314027,CRUZ ALTA,SBCL,83912,127.39
PARAÍSO DO SUL,4314027,PASSO FUNDO,SBPF,83914,178.36
PARECI NOVO,4314035,CANOAS,SBCO,83952,45.57
PARECI NOVO,4314035,PORTO ALEGRE (AEROPORTO),SBPA,83971,49.26
PARECI NOVO,4314035,CAXIAS DO SUL - AER. CAMPO DOS B,SBCX,-,51.46
PAROBÉ,4314050,CANOAS,SBCO,83952,42.77
PAROBÉ,4314050,PORTO ALEGRE (AEROPORTO),SBPA,83971,48.26
PAROBÉ,4314050,CAXIAS DO SUL - AER. CAMPO DOS B,SBCX,-,60.12
PASSA SETE,4314068,SANTA MARIA (AEROPORTO),SBSM,83937,86.11
PASSA SETE,4314068,CRUZ ALTA,SBCL,83912,114.61
PASSA SETE,4314068,PASSO FUNDO,SBPF,83914,142.33
PASSO DO SOBRADO,4314076,PORTO ALEGRE (AEROPORTO),SBPA,83971,107.13
PASSO DO SOBRADO,4314076,CANOAS,SBCO,83952,107.79
PASSO DO SOBRADO,4314076,CAXIAS DO SUL - AER. CAMPO DOS B,SBCX,-,120.45
PASSO FUNDO,4314100,PASSO FUNDO,SBPF,83914,12.17
PASSO FUNDO,4314100,CRUZ ALTA,SBCL,83912,119.16
PASSO FUNDO,4314100,CHAPECO,SBCH,83883,128.45
PAULO BENTO,4314134,PASSO FUNDO,SBPF,83914,60.36
PAULO BENTO,4314134,CHAPECO,SBCH,83883,69.97
PAULO BENTO,4314134,CRUZ ALTA,SBCL,83912,156.16
PAVERAMA,4314159,CAXIAS DO SUL - AER. CAMPO DOS B,SBCX,-,67.2
PAVERAMA,4314159,CANOAS,SBCO,83952,70.09
PAVERAMA,4314159,PORTO ALEGRE (AEROPORTO),SBPA,83971,72.12
PEDRAS ALTAS,4314175,BAGE (AEROPORTO),SBBG,83981,65.23
PEDRAS ALTAS,4314175,PELOTAS,SBPK,83985,129.36
PEDRAS ALTAS,4314175,RIO GRANDE,SBRG,83995,153.38
PEDRO OSÓRIO,4314209,PELOTAS,SBPK,83985,57.85
PEDRO OSÓRIO,4314209,RIO GRANDE,SBRG,83995,75.07
PEDRO OSÓRIO,4314209,BAGE (AEROPORTO),SBBG,83981,134.52
PEJUÇARA,4314308,CRUZ ALTA,SBCL,83912,19.53
PEJUÇARA,4314308,AEROP. SANTO ANGELO - R,SBNM,-,60.01
PEJUÇARA,4314308,PASSO FUNDO,SBPF,83914,125.73
PELOTAS,4314407,PELOTAS,SBPK,83985,15.45
PELOTAS,4314407,RIO GRANDE,SBRG,83995,54.69
PELOTAS,4314407,BAGE (AEROPORTO),SBBG,83981,170.08
PICADA CAFÉ,4314423,CAXIAS DO SUL - AER. CAMPO DOS B,SBCX,-,33.32
PICADA CAFÉ,4314423,CANOAS,SBCO,83952,50.81
PICADA CAFÉ,4314423,PORTO ALEGRE (AEROPORTO),SBPA,83971,56.51
PINHAL,4314456,CHAPECO,SBCH,83883,71.26
PINHAL,4314456,PASSO FUNDO,SBPF,83914,119.71
PINHAL,4314456,AEROP. SANTO ANGELO - R,SBNM,-,123.45
PINHAL DA SERRA,4314464,LAGES,SBLJ,-,92.77
PINHAL DA SERRA,4314464,PASSO FUNDO,SBPF,83914,117.54
PINHAL DA SERRA,4314464,CACADOR,SBCD,-,122.74
PINHAL GRANDE,4314472,SANTA MARIA (AEROPORTO),SBSM,83937,59.16
PINHAL GRANDE,4314472,CRUZ ALTA,SBCL,83912,77.99
PINHAL GRANDE,4314472,AEROP. SANTO ANGELO - R,SBNM,-,139.73
PINHEIRINHO DO VALE,4314498,CHAPECO,SBCH,83883,95.95
PINHEIRINHO DO VALE,4314498,AEROP. SANTO ANGELO - R,SBNM,-,127.92
PINHEIRINHO DO VALE,4314498,CRUZ ALTA,SBCL,83912,156.62
PINHEIRO MACHADO,4314506,BAGE (AEROPORTO),SBBG,83981,67.13
PINHEIRO MACHADO,4314506,PELOTAS,SBPK,83985,108.46
PINHEIRO MACHADO,4314506,RIO GRANDE,SBRG,83995,143.48
PIRAPÓ,4314555,AEROP. SANTO ANGELO - R,SBNM,-,107.63
PIRAPÓ,4314555,CRUZ ALTA,SBCL,83912,172.61
PIRAPÓ,4314555,SANTA MARIA (AEROPORTO),SBSM,83937,237.47
PIRATINI,4314605,PELOTAS,SBPK,83985,79.66
PIRATINI,4314605,BAGE (AEROPORTO),SBBG,83981,96.72
PIRATINI,4314605,RIO GRANDE,SBRG,83995,116.39
PLANALTO,4314704,CHAPECO,SBCH,83883,46.29
PLANALTO,4314704,PASSO FUNDO,SBPF,83914,125.47
PLANALTO,4314704,AEROP. SANTO ANGELO - R,SBNM,-,149.5
POÇO DAS ANTAS,4314753,CAXIAS DO SUL - AER. CAMPO DOS B,SBCX,-,52.28
POÇO DAS ANTAS,4314753,CANOAS,SBCO,83952,73.2
POÇO DAS ANTAS,4314753,PORTO ALEGRE (AEROPORTO),SBPA,83971,76.36
PONTÃO,4314779,PASSO FUNDO,SBPF,83914,38.69
PONTÃO,4314779,CHAPECO,SBCH,83883,100.84
PONTÃO,4314779,CRUZ ALTA,SBCL,83912,114.69
PONTE PRETA,4314787,CHAPECO,SBCH,83883,60.48
PONTE PRETA,4314787,PASSO FUNDO,SBPF,83914,68.48
PONTE PRETA,4314787,CRUZ ALTA,SBCL,83912,152.58
PORTÃO,4314803,CANOAS,SBCO,83952,29.07
PORTÃO,4314803,PORTO ALEGRE (AEROPORTO),SBPA,83971,33.9
PORTÃO,4314803,CAXIAS DO SUL - AER. CAMPO DOS B,SBCX,-,56.26
PORTO ALEGRE,4314902,PORTO ALEGRE (AEROPORTO),SBPA,83971,11.35
PORTO ALEGRE,4314902,CANOAS,SBCO,83952,17.03
PORTO ALEGRE,4314902,CAXIAS DO SUL - AER. CAMPO DOS B,SBCX,-,100.31
PORTO LUCENA,4315008,AEROP. SANTO ANGELO - R,SBNM,-,90.32
PORTO LUCENA,4315008,CRUZ ALTA,SBCL,83912,158.79
PORTO LUCENA,4315008,CHAPECO,SBCH,83883,239.55
PORTO MAUÁ,4315057,AEROP. SANTO ANGELO - R,SBNM,-,89.25
PORTO MAUÁ,4315057,CRUZ ALTA,SBCL,83912,155.11
PORTO MAUÁ,4315057,CHAPECO,SBCH,83883,202.88
PORTO VERA CRUZ,4315073,AEROP. SANTO ANGELO - R,SBNM,-,91.02
PORTO VERA CRUZ,4315073,CRUZ ALTA,SBCL,83912,159.58
PORTO VERA CRUZ,4315073,CHAPECO,SBCH,83883,229.78
PORTO XAVIER,4315107,AEROP. SANTO ANGELO - R,SBNM,-,102.54
PORTO XAVIER,4315107,CRUZ ALTA,SBCL,83912,169.83
PORTO XAVIER,4315107,SANTA MARIA (AEROPORTO),SBSM,83937,243.46
POUSO NOVO,4315131,PASSO FUNDO,SBPF,83914,101.53
POUSO NOVO,4315131,CAXIAS DO SUL - AER. CAMPO DOS B,SBCX,-,101.97
POUSO NOVO,4315131,CANOAS,SBCO,83952,136.52
PRESIDENTE LUCENA,4315149,CAXIAS DO SUL - AER. CAMPO DOS B,SBCX,-,36.59
PRESIDENTE LUCENA,4315149,CANOAS,SBCO,83952,46.88
PRESIDENTE LUCENA,4315149,PORTO ALEGRE (AEROPORTO),SBPA,83971,52.38
PROGRESSO,4315156,PASSO FUNDO,SBPF,83914,108.29
PROGRESSO,4315156,CAXIAS DO SUL - AER. CAMPO DOS B,SBCX,-,110.53
PROGRESSO,4315156,CANOAS,SBCO,83952,138.88
PROTÁSIO ALVES,4315172,CAXIAS DO SUL - AER. CAMPO DOS B,SBCX,-,59.55
PROTÁSIO ALVES,4315172,PASSO FUNDO,SBPF,83914,98.53
PROTÁSIO ALVES,4315172,CANOAS,SBCO,83952,138.79
PUTINGA,4315206,PASSO FUNDO,SBPF,83914,88.45
PUTINGA,4315206,CAXIAS DO SUL - AER. CAMPO DOS B,SBCX,-,95.95
PUTINGA,4315206,CANOAS,SBCO,83952,140.77
QUARAÍ,4315305,URUGUAIANA (AEROPORTO),SBUG,83928,100.96
QUARAÍ,4315305,BAGE (AEROPORTO),SBBG,83981,229.38
QUARAÍ,4315305,SANTA MARIA (AEROPORTO),SBSM,83937,244.22
QUATRO IRMÃOS,4315313,PASSO FUNDO,SBPF,83914,47.35
QUATRO IRMÃOS,4315313,CHAPECO,SBCH,83883,81.66
QUATRO IRMÃOS,4315313,CRUZ ALTA,SBCL,83912,141.01
QUEVEDOS,4315321,SANTA MARIA (AEROPORTO),SBSM,83937,57.74
QUEVEDOS,4315321,CRUZ ALTA,SBCL,83912,88.1
QUEVEDOS,4315321,AEROP. SANTO ANGELO - R,SBNM,-,116.05
QUINZE DE NOVEMBRO,4315354,CRUZ ALTA,SBCL,83912,49.18
QUINZE DE NOVEMBRO,4315354,PASSO FUNDO,SBPF,83914,95.32
QUINZE DE NOVEMBRO,4315354,AEROP. SANTO ANGELO - R,SBNM,-,116.25
REDENTORA,4315404,AEROP. SANTO ANGELO - R,SBNM,-,93.77
REDENTORA,4315404,CHAPECO,SBCH,83883,107.09
REDENTORA,4315404,CRUZ ALTA,SBCL,83912,117.59
RELVADO,4315453,CAXIAS DO SUL - AER. CAMPO DOS B,SBCX,-,86.67
RELVADO,4315453,PASSO FUNDO,SBPF,83914,99.81
RELVADO,4315453,CANOAS,SBCO,83952,128.25
RESTINGA SECA,4315503,SANTA MARIA (AEROPORTO),SBSM,83937,36.39
RESTINGA SECA,4315503,CRUZ ALTA,SBCL,83912,134.76
RESTINGA SECA,4315503,BAGE (AEROPORTO),SBBG,83981,188.73
RIO DOS ÍNDIOS,4315552,CHAPECO,SBCH,83883,24.88
RIO DOS ÍNDIOS,4315552,PASSO FUNDO,SBPF,83914,123.35
RIO DOS ÍNDIOS,4315552,CRUZ ALTA,SBCL,83912,168.64
RIO GRANDE,4315602,RIO GRANDE,SBRG,83995,37.59
RIO GRANDE,4315602,PELOTAS,SBPK,83985,55.71
RIO GRANDE,4315602,BAGE (AEROPORTO),SBBG,83981,186.95
RIO PARDO,4315701,PORTO ALEGRE (AEROPORTO),SBPA,83971,122.01
RIO PARDO,4315701,CANOAS,SBCO,83952,124.21
RIO PARDO,4315701,SANTA MARIA (AEROPORTO),SBSM,83937,126.35
RIOZINHO,4315750,TORRES,SBTR,83948,71.27
RIOZINHO,4315750,CANOAS,SBCO,83952,81.36
RIOZINHO,4315750,PORTO ALEGRE (AEROPORTO),SBPA,83971,85.69
ROCA SALES,4315800,CAXIAS DO SUL - AER. CAMPO DOS B,SBCX,-,62.11
ROCA SALES,4315800,CANOAS,SBCO,83952,100.12
ROCA SALES,4315800,PORTO ALEGRE (AEROPORTO),SBPA,83971,103.25
RODEIO BONITO,4315909,CHAPECO,SBCH,83883,61.72
RODEIO BONITO,4315909,PASSO FUNDO,SBPF,83914,120.48
RODEIO BONITO,4315909,AEROP. SANTO ANGELO - R,SBNM,-,133.13
ROLADOR,4315958,AEROP. SANTO ANGELO - R,SBNM,-,65.07
ROLADOR,4315958,CRUZ ALTA,SBCL,83912,127.66
ROLADOR,4315958,SANTA MARIA (AEROPORTO),SBSM,83937,196.7
ROLANTE,4316006,CANOAS,SBCO,83952,68.27
ROLANTE,4316006,PORTO ALEGRE (AEROPORTO),SBPA,83971,72.9
ROLANTE,4316006,CAXIAS DO SUL - AER. CAMPO DOS B,SBCX,-,77.69
RONDA ALTA,4316105,PASSO FUNDO,SBPF,83914,63.82
RONDA ALTA,4316105,CHAPECO,SBCH,83883,76.14
RONDA ALTA,4316105,CRUZ ALTA,SBCL,83912,123.45
RONDINHA,4316204,PASSO FUNDO,SBPF,83914,72.17
RONDINHA,4316204,CHAPECO,SBCH,83883,81.12
RONDINHA,4316204,CRUZ ALTA,SBCL,83912,112.55
ROQUE GONZALES,4316303,AEROP. SANTO ANGELO - R,SBNM,-,92.85
ROQUE GONZALES,4316303,CRUZ ALTA,SBCL,83912,158.7
ROQUE GONZALES,4316303,SANTA MARIA (AEROPORTO),SBSM,83937,228.66
ROSÁRIO DO SUL,4316402,BAGE (AEROPORTO),SBBG,83981,150.61
ROSÁRIO DO SUL,4316402,SANTA MARIA (AEROPORTO),SBSM,83937,151.57
ROSÁRIO DO SUL,4316402,URUGUAIANA (AEROPORTO),SBUG,83928,193.9
SAGRADA FAMÍLIA,4316428,CHAPECO,SBCH,83883,78.84
SAGRADA FAMÍLIA,4316428,PASSO FUNDO,SBPF,83914,99.12
SAGRADA FAMÍLIA,4316428,CRUZ ALTA,SBCL,83912,112.28
SALDANHA MARINHO,4316436,CRUZ ALTA,SBCL,83912,56.28
SALDANHA MARINHO,4316436,PASSO FUNDO,SBPF,83914,76.4
SALDANHA MARINHO,4316436,AEROP. SANTO ANGELO - R,SBNM,-,106.04
SALTO DO JACUÍ,4316451,CRUZ ALTA,SBCL,83912,59.17
SALTO DO JACUÍ,4316451,SANTA MARIA (AEROPORTO),SBSM,83937,84.36
SALTO DO JACUÍ,4316451,AEROP. SANTO ANGELO - R,SBNM,-,125.87
SALVADOR DAS MISSÕES,4316477,AEROP. SANTO ANGELO - R,SBNM,-,67.59
SALVADOR DAS MISSÕES,4316477,CRUZ ALTA,SBCL,83912,134.19
SALVADOR DAS MISSÕES,4316477,SANTA MARIA (AEROPORTO),SBSM,83937,211.19
SALVADOR DO SUL,4316501,CAXIAS DO SUL - AER. CAMPO DOS B,SBCX,-,44.85
SALVADOR DO SUL,4316501,CANOAS,SBCO,83952,66.15
SALVADOR DO SUL,4316501,PORTO ALEGRE (AEROPORTO),SBPA,83971,69.82
SANANDUVA,4316600,PASSO FUNDO,SBPF,83914,61.31
SANANDUVA,4316600,CHAPECO,SBCH,83883,125.76
SANANDUVA,4316600,LAGES,SBLJ,-,150.73
SANTA BÁRBARA DO SUL,4316709,CRUZ ALTA,SBCL,83912,41.98
SANTA BÁRBARA DO SUL,4316709,AEROP. SANTO ANGELO - R,SBNM,-,87.44
SANTA BÁRBARA DO SUL,4316709,PASSO FUNDO,SBPF,83914,94.45
SANTA CECÍLIA DO SUL,4316733,PASSO FUNDO,SBPF,83914,43
SANTA CECÍLIA DO SUL,4316733,CAXIAS DO SUL - AER. CAMPO DOS B,SBCX,-,133.01
SANTA CECÍLIA DO SUL,4316733,CHAPECO,SBCH,83883,139.61
SANTA CLARA DO SUL,4316758,CAXIAS DO SUL - AER. CAMPO DOS B,SBCX,-,96.55
SANTA CLARA DO SUL,4316758,CANOAS,SBCO,83952,109.73
SANTA CLARA DO SUL,4316758,PORTO ALEGRE (AEROPORTO),SBPA,83971,110.98
SANTA CRUZ DO SUL,4316808,SANTA MARIA (AEROPORTO),SBSM,83937,124.4
SANTA CRUZ DO SUL,4316808,PORTO ALEGRE (AEROPORTO),SBPA,83971,125.74
SANTA CRUZ DO SUL,4316808,CANOAS,SBCO,83952,126.09
SANTA MARIA,4316907,SANTA MARIA (AEROPORTO),SBSM,83937,13.96
SANTA MARIA,4316907,CRUZ ALTA,SBCL,83912,130.23
SANTA MARIA,4316907,AEROP. SANTO ANGELO - R,SBNM,-,171.76
SANTA MARIA DO HERVAL,4316956,CAXIAS DO SUL - AER. CAMPO DOS B,SBCX,-,37.28
SANTA MARIA DO HERVAL,4316956,CANOAS,SBCO,83952,55.94
SANTA MARIA DO HERVAL,4316956,PORTO ALEGRE (AEROPORTO),SBPA,83971,61.82
SANTA MARGARIDA DO SUL,4316972,SANTA MARIA (AEROPORTO),SBSM,83937,81.88
SANTA MARGARIDA DO SUL,4316972,BAGE (AEROPORTO),SBBG,83981,112.22
SANTA MARGARIDA DO SUL,4316972,CRUZ ALTA,SBCL,83912,199.49
SANTANA DA BOA VISTA,4317004,BAGE (AEROPORTO),SBBG,83981,109.46
SANTANA DA BOA VISTA,4317004,PELOTAS,SBPK,83985,128.7
SANTANA DA BOA VISTA,4317004,SANTA MARIA (AEROPORTO),SBSM,83937,131.9
SANT'ANA DO LIVRAMENTO,4317103,BAGE (AEROPORTO),SBBG,83981,154.79
SANT'ANA DO LIVRAMENTO,4317103,URUGUAIANA (AEROPORTO),SBUG,83928,176.65
SANT'ANA DO LIVRAMENTO,4317103,SANTA MARIA (AEROPORTO),SBSM,83937,211.79
SANTA ROSA,4317202,AEROP. SANTO ANGELO - R,SBNM,-,55.33
SANTA ROSA,4317202,CRUZ ALTA,SBCL,83912,122.32
SANTA ROSA,4317202,CHAPECO,SBCH,83883,197.83
SANTA TEREZA,4317251,CAXIAS DO SUL - AER. CAMPO DOS B,SBCX,-,51.74
SANTA TEREZA,4317251,CANOAS,SBCO,83952,102.88
SANTA TEREZA,4317251,PORTO ALEGRE (AEROPORTO),SBPA,83971,106.68
SANTA VITÓRIA DO PALMAR,4317301,RIO GRANDE,SBRG,83995,153.86
SANTA VITÓRIA DO PALMAR,4317301,PELOTAS,SBPK,83985,172.5
SANTA VITÓRIA DO PALMAR,4317301,BAGE (AEROPORTO),SBBG,83981,224.15
SANTIAGO,4317400,AEROP. SANTO ANGELO - R,SBNM,-,113.23
SANTIAGO,4317400,SANTA MARIA (AEROPORTO),SBSM,83937,125
SANTIAGO,4317400,CRUZ ALTA,SBCL,83912,128.96
SANTO ÂNGELO,4317509,AEROP. SANTO ANGELO - R,SBNM,-,12.69
SANTO ÂNGELO,4317509,CRUZ ALTA,SBCL,83912,80.19
SANTO ÂNGELO,4317509,SANTA MARIA (AEROPORTO),SBSM,83937,173.39
SANTO ANTÔNIO DO PALMA,4317558,PASSO FUNDO,SBPF,83914,41.67
SANTO ANTÔNIO DO PALMA,4317558,CAXIAS DO SUL - AER. CAMPO DOS B,SBCX,-,112.44
SANTO ANTÔNIO DO PALMA,4317558,CRUZ ALTA,SBCL,83912,156.13
SANTO ANTÔNIO DA PATRULHA,4317608,CANOAS,SBCO,83952,57.49
SANTO ANTÔNIO DA PATRULHA,4317608,PORTO ALEGRE (AEROPORTO),SBPA,83971,60.44
SANTO ANTÔNIO DA PATRULHA,4317608,CAXIAS DO SUL - AER. CAMPO DOS B,SBCX,-,95.85
SANTO ANTÔNIO DAS MISSÕES,4317707,AEROP. SANTO ANGELO - R,SBNM,-,125.37
SANTO ANTÔNIO DAS MISSÕES,4317707,CRUZ ALTA,SBCL,83912,178.97
SANTO ANTÔNIO DAS MISSÕES,4317707,URUGUAIANA (AEROPORTO),SBUG,83928,210.01
SANTO ANTÔNIO DO PLANALTO,4317756,PASSO FUNDO,SBPF,83914,36.74
SANTO ANTÔNIO DO PLANALTO,4317756,CRUZ ALTA,SBCL,83912,94.44
SANTO ANTÔNIO DO PLANALTO,4317756,CHAPECO,SBCH,83883,137.31
SANTO AUGUSTO,4317806,AEROP. SANTO ANGELO - R,SBNM,-,57.58
SANTO AUGUSTO,4317806,CRUZ ALTA,SBCL,83912,82.25
SANTO AUGUSTO,4317806,CHAPECO,SBCH,83883,137.32
SANTO CRISTO,4317905,AEROP. SANTO ANGELO - R,SBNM,-,74.63
SANTO CRISTO,4317905,CRUZ ALTA,SBCL,83912,142.84
SANTO CRISTO,4317905,CHAPECO,SBCH,83883,214.68
SANTO EXPEDITO DO SUL,4317954,PASSO FUNDO,SBPF,83914,75.05
SANTO EXPEDITO DO SUL,4317954,CHAPECO,SBCH,83883,132.94
SANTO EXPEDITO DO SUL,4317954,LAGES,SBLJ,-,136.69
SÃO BORJA,4318002,URUGUAIANA (AEROPORTO),SBUG,83928,164.41
SÃO BORJA,4318002,AEROP. SANTO ANGELO - R,SBNM,-,167.55
SÃO BORJA,4318002,CRUZ ALTA,SBCL,83912,214.66
SÃO DOMINGOS DO SUL,4318051,PASSO FUNDO,SBPF,83914,55.38
SÃO DOMINGOS DO SUL,4318051,CAXIAS DO SUL - AER. CAMPO DOS B,SBCX,-,99.52
SÃO DOMINGOS DO SUL,4318051,CRUZ ALTA,SBCL,83912,169.37
SÃO FRANCISCO DE ASSIS,4318101,SANTA MARIA (AEROPORTO),SBSM,83937,141.67
SÃO FRANCISCO DE ASSIS,4318101,AEROP. SANTO ANGELO - R,SBNM,-,160.99
SÃO FRANCISCO DE ASSIS,4318101,CRUZ ALTA,SBCL,83912,174.45
SÃO FRANCISCO DE PAULA,4318200,CAXIAS DO SUL - AER. CAMPO DOS B,SBCX,-,60.11
SÃO FRANCISCO DE PAULA,4318200,TORRES,SBTR,83948,82.3
SÃO FRANCISCO DE PAULA,4318200,CANOAS,SBCO,83952,101.09
SÃO GABRIEL,4318309,SANTA MARIA (AEROPORTO),SBSM,83937,91.21
SÃO GABRIEL,4318309,BAGE (AEROPORTO),SBBG,83981,121.73
SÃO GABRIEL,4318309,CRUZ ALTA,SBCL,83912,200.42
SÃO JERÔNIMO,4318408,PORTO ALEGRE (AEROPORTO),SBPA,83971,78.21
SÃO JERÔNIMO,4318408,CANOAS,SBCO,83952,82.39
SÃO JERÔNIMO,4318408,CAXIAS DO SUL - AER. CAMPO DOS B,SBCX,-,140.25
SÃO JOÃO DA URTIGA,4318424,PASSO FUNDO,SBPF,83914,69.91
SÃO JOÃO DA URTIGA,4318424,CHAPECO,SBCH,83883,110.96
SÃO JOÃO DA URTIGA,4318424,CACADOR,SBCD,-,144.26
SÃO JOÃO DO POLÊSINE,4318432,SANTA MARIA (AEROPORTO),SBSM,83937,23.36
SÃO JOÃO DO POLÊSINE,4318432,CRUZ ALTA,SBCL,83912,111.48
SÃO JOÃO DO POLÊSINE,4318432,AEROP. SANTO ANGELO - R,SBNM,-,165.07
SÃO JORGE,4318440,PASSO FUNDO,SBPF,83914,66.34
SÃO JORGE,4318440,CAXIAS DO SUL - AER. CAMPO DOS B,SBCX,-,93.51
SÃO JORGE,4318440,LAGES,SBLJ,-,162.02
SÃO JOSÉ DAS MISSÕES,4318457,CHAPECO,SBCH,83883,86.87
SÃO JOSÉ DAS MISSÕES,4318457,PASSO FUNDO,SBPF,83914,93.65
SÃO JOSÉ DAS MISSÕES,4318457,CRUZ ALTA,SBCL,83912,103.56
SÃO JOSÉ DO HERVAL,4318465,PASSO FUNDO,SBPF,83914,90.75
SÃO JOSÉ DO HERVAL,4318465,CAXIAS DO SUL - AER. CAMPO DOS B,SBCX,-,107.35
SÃO JOSÉ DO HERVAL,4318465,CRUZ ALTA,SBCL,83912,137.87
SÃO JOSÉ DO HORTÊNCIO,4318481,CAXIAS DO SUL - AER. CAMPO DOS B,SBCX,-,38.03
SÃO JOSÉ DO HORTÊNCIO,4318481,CANOAS,SBCO,83952,47.25
SÃO JOSÉ DO HORTÊNCIO,4318481,PORTO ALEGRE (AEROPORTO),SBPA,83971,52.35
SÃO JOSÉ DO INHACORÁ,4318499,AEROP. SANTO ANGELO - R,SBNM,-,59.24
SÃO JOSÉ DO INHACORÁ,4318499,CRUZ ALTA,SBCL,83912,111.6
SÃO JOSÉ DO INHACORÁ,4318499,CHAPECO,SBCH,83883,158.64
SÃO JOSÉ DO NORTE,4318507,RIO GRANDE,SBRG,83995,48.75
SÃO JOSÉ DO NORTE,4318507,PELOTAS,SBPK,83985,63.23
SÃO JOSÉ DO NORTE,4318507,PORTO ALEGRE (AEROPORTO),SBPA,83971,201.42
SÃO JOSÉ DO OURO,4318606,PASSO FUNDO,SBPF,83914,92.29
SÃO JOSÉ DO OURO,4318606,LAGES,SBLJ,-,126.02
SÃO JOSÉ DO OURO,4318606,CACADOR,SBCD,-,126.77
SÃO JOSÉ DO SUL,4318614,CAXIAS DO SUL - AER. CAMPO DOS B,SBCX,-,48.61
SÃO JOSÉ DO SUL,4318614,CANOAS,SBCO,83952,55.09
SÃO JOSÉ DO SUL,4318614,PORTO ALEGRE (AEROPORTO),SBPA,83971,58.67
SÃO JOSÉ DOS AUSENTES,4318622,CRICIUMA-SC (AER. FORQUILINHA,SBCN,-,53.45
SÃO JOSÉ DOS AUSENTES,4318622,FORQUILHINHA,SBCM,-,53.45
SÃO JOSÉ DOS AUSENTES,4318622,TORRES,SBTR,83948,81.39
SÃO LEOPOLDO,4318705,CANOAS,SBCO,83952,24.23
SÃO LEOPOLDO,4318705,PORTO ALEGRE (AEROPORTO),SBPA,83971,29.85
SÃO LEOPOLDO,4318705,CAXIAS DO SUL - AER. CAMPO DOS B,SBCX,-,59.24
SÃO LOURENÇO DO SUL,4318804,PELOTAS,SBPK,83985,57.46
SÃO LOURENÇO DO SUL,4318804,RIO GRANDE,SBRG,83995,87.44
SÃO LOURENÇO DO SUL,4318804,PORTO ALEGRE (AEROPORTO),SBPA,83971,164.78
SÃO LUIZ GONZAGA,4318903,AEROP. SANTO ANGELO - R,SBNM,-,72.47
SÃO LUIZ GONZAGA,4318903,CRUZ ALTA,SBCL,83912,128.3
SÃO LUIZ GONZAGA,4318903,SANTA MARIA (AEROPORTO),SBSM,83937,185.32
SÃO MARCOS,4319000,CAXIAS DO SUL - AER. CAMPO DOS B,SBCX,-,28.61
SÃO MARCOS,4319000,CANOAS,SBCO,83952,110.05
SÃO MARCOS,4319000,PORTO ALEGRE (AEROPORTO),SBPA,83971,115.75
SÃO MARTINHO,4319109,AEROP. SANTO ANGELO - R,SBNM,-,63.82
SÃO MARTINHO,4319109,CRUZ ALTA,SBCL,83912,106
SÃO MARTINHO,4319109,CHAPECO,SBCH,83883,143.09
SÃO MARTINHO DA SERRA,4319125,SANTA MARIA (AEROPORTO),SBSM,83937,32.69
SÃO MARTINHO DA SERRA,4319125,CRUZ ALTA,SBCL,83912,97.96
SÃO MARTINHO DA SERRA,4319125,AEROP. SANTO ANGELO - R,SBNM,-,136.77
SÃO MIGUEL DAS MISSÕES,4319158,AEROP. SANTO ANGELO - R,SBNM,-,56.46
SÃO MIGUEL DAS MISSÕES,4319158,CRUZ ALTA,SBCL,83912,90.06
SÃO MIGUEL DAS MISSÕES,4319158,SANTA MARIA (AEROPORTO),SBSM,83937,141.13
SÃO NICOLAU,4319208,AEROP. SANTO ANGELO - R,SBNM,-,105.88
SÃO NICOLAU,4319208,CRUZ ALTA,SBCL,83912,168.03
SÃO NICOLAU,4319208,SANTA MARIA (AEROPORTO),SBSM,83937,226.13
SÃO PAULO DAS MISSÕES,4319307,AEROP. SANTO ANGELO - R,SBNM,-,84.96
SÃO PAULO DAS MISSÕES,4319307,CRUZ ALTA,SBCL,83912,152.37
SÃO PAULO DAS MISSÕES,4319307,SANTA MARIA (AEROPORTO),SBSM,83937,229.09
SÃO PEDRO DA SERRA,4319356,CAXIAS DO SUL - AER. CAMPO DOS B,SBCX,-,40.06
SÃO PEDRO DA SERRA,4319356,CANOAS,SBCO,83952,68.41
SÃO PEDRO DA SERRA,4319356,PORTO ALEGRE (AEROPORTO),SBPA,83971,72.36
SÃO PEDRO DAS MISSÕES,4319364,CHAPECO,SBCH,83883,91.36
SÃO PEDRO DAS MISSÕES,4319364,CRUZ ALTA,SBCL,83912,101.08
SÃO PEDRO DAS MISSÕES,4319364,PASSO FUNDO,SBPF,83914,103.43
SÃO PEDRO DO BUTIÁ,4319372,AEROP. SANTO ANGELO - R,SBNM,-,72.85
SÃO PEDRO DO BUTIÁ,4319372,CRUZ ALTA,SBCL,83912,138.61
SÃO PEDRO DO BUTIÁ,4319372,SANTA MARIA (AEROPORTO),SBSM,83937,212.2
SÃO PEDRO DO SUL,4319406,SANTA MARIA (AEROPORTO),SBSM,83937,53.33
SÃO PEDRO DO SUL,4319406,CRUZ ALTA,SBCL,83912,125.51
SÃO PEDRO DO SUL,4319406,AEROP. SANTO ANGELO - R,SBNM,-,149.34
SÃO SEBASTIÃO DO CAÍ,4319505,CANOAS,SBCO,83952,44.14
SÃO SEBASTIÃO DO CAÍ,4319505,CAXIAS DO SUL - AER. CAMPO DOS B,SBCX,-,45.86
SÃO SEBASTIÃO DO CAÍ,4319505,PORTO ALEGRE (AEROPORTO),SBPA,83971,48.57
SÃO SEPÉ,4319604,SANTA MARIA (AEROPORTO),SBSM,83937,51.31
SÃO SEPÉ,4319604,BAGE (AEROPORTO),SBBG,83981,142.13
SÃO SEPÉ,4319604,CRUZ ALTA,SBCL,83912,171.94
SÃO VALENTIM,4319703,CHAPECO,SBCH,83883,48.39
SÃO VALENTIM,4319703,PASSO FUNDO,SBPF,83914,80.61
SÃO VALENTIM,4319703,CRUZ ALTA,SBCL,83912,157.27
SÃO VALENTIM DO SUL,4319711,CAXIAS DO SUL - AER. CAMPO DOS B,SBCX,-,58.6
SÃO VALENTIM DO SUL,4319711,PASSO FUNDO,SBPF,83914,105.59
SÃO VALENTIM DO SUL,4319711,CANOAS,SBCO,83952,115.5
SÃO VALÉRIO DO SUL,4319737,AEROP. SANTO ANGELO - R,SBNM,-,56.06
SÃO VALÉRIO DO SUL,4319737,CRUZ ALTA,SBCL,83912,94.9
SÃO VALÉRIO DO SUL,4319737,CHAPECO,SBCH,83883,144.44
SÃO VENDELINO,4319752,CAXIAS DO SUL - AER. CAMPO DOS B,SBCX,-,27.66
SÃO VENDELINO,4319752,CANOAS,SBCO,83952,66.43
SÃO VENDELINO,4319752,PORTO ALEGRE (AEROPORTO),SBPA,83971,71.16
SÃO VICENTE DO SUL,4319802,SANTA MARIA (AEROPORTO),SBSM,83937,101.81
SÃO VICENTE DO SUL,4319802,CRUZ ALTA,SBCL,83912,164.26
SÃO VICENTE DO SUL,4319802,AEROP. SANTO ANGELO - R,SBNM,-,169.91
SAPIRANGA,4319901,CANOAS,SBCO,83952,40.17
SAPIRANGA,4319901,PORTO ALEGRE (AEROPORTO),SBPA,83971,46.05
SAPIRANGA,4319901,CAXIAS DO SUL - AER. CAMPO DOS B,SBCX,-,49.52
SAPUCAIA DO SUL,4320008,CANOAS,SBCO,83952,14.19
SAPUCAIA DO SUL,4320008,PORTO ALEGRE (AEROPORTO),SBPA,83971,20.07
SAPUCAIA DO SUL,4320008,CAXIAS DO SUL - AER. CAMPO DOS B,SBCX,-,70.81
SARANDI,4320107,PASSO FUNDO,SBPF,83914,65.35
SARANDI,4320107,CHAPECO,SBCH,83883,92.96
SARANDI,4320107,CRUZ ALTA,SBCL,83912,102.96
SEBERI,4320206,CHAPECO,SBCH,83883,79.9
SEBERI,4320206,AEROP. SANTO ANGELO - R,SBNM,-,116.65
SEBERI,4320206,CRUZ ALTA,SBCL,83912,127.66
SEDE NOVA,4320230,AEROP. SANTO ANGELO - R,SBNM,-,72.87
SEDE NOVA,4320230,CRUZ ALTA,SBCL,83912,115.11
SEDE NOVA,4320230,CHAPECO,SBCH,83883,139.02
SEGREDO,4320263,SANTA MARIA (AEROPORTO),SBSM,83937,87.88
SEGREDO,4320263,CRUZ ALTA,SBCL,83912,94.91
SEGREDO,4320263,PASSO FUNDO,SBPF,83914,128.65
SELBACH,4320305,CRUZ ALTA,SBCL,83912,60.81
SELBACH,4320305,PASSO FUNDO,SBPF,83914,78.73
SELBACH,4320305,AEROP. SANTO ANGELO - R,SBNM,-,124.66
SENADOR SALGADO FILHO,4320321,AEROP. SANTO ANGELO - R,SBNM,-,44.93
SENADOR SALGADO FILHO,4320321,CRUZ ALTA,SBCL,83912,113.54
SENADOR SALGADO FILHO,4320321,SANTA MARIA (AEROPORTO),SBSM,83937,204.97
SENTINELA DO SUL,4320354,PORTO ALEGRE (AEROPORTO),SBPA,83971,81.23
SENTINELA DO SUL,4320354,CANOAS,SBCO,83952,86.99
SENTINELA DO SUL,4320354,PELOTAS,SBPK,83985,139.79
SERAFINA CORRÊA,4320404,PASSO FUNDO,SBPF,83914,63.32
SERAFINA CORRÊA,4320404,CAXIAS DO SUL - AER. CAMPO DOS B,SBCX,-,91.75
SERAFINA CORRÊA,4320404,CANOAS,SBCO,83952,158.53
SÉRIO,4320453,CAXIAS DO SUL - AER. CAMPO DOS B,SBCX,-,105.45
SÉRIO,4320453,CANOAS,SBCO,83952,122.39
SÉRIO,4320453,PORTO ALEGRE (AEROPORTO),SBPA,83971,123.63
SERTÃO,4320503,PASSO FUNDO,SBPF,83914,26.71
SERTÃO,4320503,CHAPECO,SBCH,83883,103.97
SERTÃO,4320503,CRUZ ALTA,SBCL,83912,143.51
SERTÃO SANTANA,4320552,PORTO ALEGRE (AEROPORTO),SBPA,83971,68.18
SERTÃO SANTANA,4320552,CANOAS,SBCO,83952,73.7
SERTÃO SANTANA,4320552,CAXIAS DO SUL - AER. CAMPO DOS B,SBCX,-,147.43
SETE DE SETEMBRO,4320578,AEROP. SANTO ANGELO - R,SBNM,-,31.62
SETE DE SETEMBRO,4320578,CRUZ ALTA,SBCL,83912,99.91
SETE DE SETEMBRO,4320578,SANTA MARIA (AEROPORTO),SBSM,83937,190.08
SEVERIANO DE ALMEIDA,4320602,CHAPECO,SBCH,83883,63.74
SEVERIANO DE ALMEIDA,4320602,PASSO FUNDO,SBPF,83914,95.23
SEVERIANO DE ALMEIDA,4320602,CACADOR,SBCD,-,136.62
SILVEIRA MARTINS,4320651,SANTA MARIA (AEROPORTO),SBSM,83937,15.78
SILVEIRA MARTINS,4320651,CRUZ ALTA,SBCL,83912,111.58
SILVEIRA MARTINS,4320651,AEROP. SANTO ANGELO - R,SBNM,-,162.4
SINIMBU,4320677,SANTA MARIA (AEROPORTO),SBSM,83937,113.56
SINIMBU,4320677,PASSO FUNDO,SBPF,83914,134.89
SINIMBU,4320677,CRUZ ALTA,SBCL,83912,135.11
SOBRADINHO,4320701,SANTA MARIA (AEROPORTO),SBSM,83937,74.54
SOBRADINHO,4320701,CRUZ ALTA,SBCL,83912,112.8
SOBRADINHO,4320701,PASSO FUNDO,SBPF,83914,151.22
SOLEDADE,4320800,PASSO FUNDO,SBPF,83914,68.58
SOLEDADE,4320800,CRUZ ALTA,SBCL,83912,106.2
SOLEDADE,4320800,CAXIAS DO SUL - AER. CAMPO DOS B,SBCX,-,137.93
TABAÍ,4320859,CANOAS,SBCO,83952,64.25
TABAÍ,4320859,PORTO ALEGRE (AEROPORTO),SBPA,83971,65.52
TABAÍ,4320859,CAXIAS DO SUL - AER. CAMPO DOS B,SBCX,-,74.54
TAPEJARA,4320909,PASSO FUNDO,SBPF,83914,37.98
TAPEJARA,4320909,CHAPECO,SBCH,83883,121.96
TAPEJARA,4320909,CAXIAS DO SUL - AER. CAMPO DOS B,SBCX,-,150.64
TAPERA,4321006,PASSO FUNDO,SBPF,83914,68.68
TAPERA,4321006,CRUZ ALTA,SBCL,83912,72.57
TAPERA,4321006,AEROP. SANTO ANGELO - R,SBNM,-,135.41
TAPES,4321105,PORTO ALEGRE (AEROPORTO),SBPA,83971,78.28
TAPES,4321105,CANOAS,SBCO,83952,84.17
TAPES,4321105,PELOTAS,SBPK,83985,144.68
TAQUARA,4321204,CANOAS,SBCO,83952,48.45
TAQUARA,4321204,PORTO ALEGRE (AEROPORTO),SBPA,83971,53.57
TAQUARA,4321204,CAXIAS DO SUL - AER. CAMPO DOS B,SBCX,-,66.19
TAQUARI,4321303,CANOAS,SBCO,83952,69.58
TAQUARI,4321303,PORTO ALEGRE (AEROPORTO),SBPA,83971,69.81
TAQUARI,4321303,CAXIAS DO SUL - AER. CAMPO DOS B,SBCX,-,87.44
TAQUARUÇU DO SUL,4321329,CHAPECO,SBCH,83883,86.41
TAQUARUÇU DO SUL,4321329,AEROP. SANTO ANGELO - R,SBNM,-,116.98
TAQUARUÇU DO SUL,4321329,CRUZ ALTA,SBCL,83912,136.2
TAVARES,4321352,RIO GRANDE,SBRG,83995,125.39
TAVARES,4321352,PELOTAS,SBPK,83985,128.47
TAVARES,4321352,PORTO ALEGRE (AEROPORTO),SBPA,83971,143.32
TENENTE PORTELA,4321402,AEROP. SANTO ANGELO - R,SBNM,-,107.45
TENENTE PORTELA,4321402,CHAPECO,SBCH,83883,111.47
TENENTE PORTELA,4321402,CRUZ ALTA,SBCL,83912,140.71
TERRA DE AREIA,4321436,TORRES,SBTR,83948,42.97
TERRA DE AREIA,4321436,CANOAS,SBCO,83952,111.47
TERRA DE AREIA,4321436,PORTO ALEGRE (AEROPORTO),SBPA,83971,115.28
TEUTÔNIA,4321451,CAXIAS DO SUL - AER. CAMPO DOS B,SBCX,-,65.35
TEUTÔNIA,4321451,CANOAS,SBCO,83952,80.68
TEUTÔNIA,4321451,PORTO ALEGRE (AEROPORTO),SBPA,83971,83.07
TIO HUGO,4321469,PASSO FUNDO,SBPF,83914,45.37
TIO HUGO,4321469,CRUZ ALTA,SBCL,83912,97.77
TIO HUGO,4321469,CAXIAS DO SUL - AER. CAMPO DOS B,SBCX,-,154.39
TIRADENTES DO SUL,4321477,AEROP. SANTO ANGELO - R,SBNM,-,100.35
TIRADENTES DO SUL,4321477,CHAPECO,SBCH,83883,145.82
TIRADENTES DO SUL,4321477,CRUZ ALTA,SBCL,83912,149.28
TOROPI,4321493,SANTA MARIA (AEROPORTO),SBSM,83937,64.43
TOROPI,4321493,CRUZ ALTA,SBCL,83912,115.62
TOROPI,4321493,AEROP. SANTO ANGELO - R,SBNM,-,134.04
TORRES,4321501,TORRES,SBTR,83948,4.27
TORRES,4321501,CRICIUMA-SC (AER. FORQUILINHA,SBCN,-,77.63
TORRES,4321501,FORQUILHINHA,SBCM,-,77.63
TRAMANDAÍ,4321600,CANOAS,SBCO,83952,85.33
TRAMANDAÍ,4321600,PORTO ALEGRE (AEROPORTO),SBPA,83971,86.53
TRAMANDAÍ,4321600,TORRES,SBTR,83948,95.89
TRAVESSEIRO,4321626,CAXIAS DO SUL - AER. CAMPO DOS B,SBCX,-,88.41
TRAVESSEIRO,4321626,CANOAS,SBCO,83952,117.04
TRAVESSEIRO,4321626,PASSO FUNDO,SBPF,83914,117.25
TRÊS ARROIOS,4321634,CHAPECO,SBCH,83883,62.95
TRÊS ARROIOS,4321634,PASSO FUNDO,SBPF,83914,85.48
TRÊS ARROIOS,4321634,CACADOR,SBCD,-,146.96
TRÊS CACHOEIRAS,4321667,TORRES,SBTR,83948,26.48
TRÊS CACHOEIRAS,4321667,CRICIUMA-SC (AER. FORQUILINHA,SBCN,-,99.09
TRÊS CACHOEIRAS,4321667,FORQUILHINHA,SBCM,-,99.09
TRÊS COROAS,4321709,CAXIAS DO SUL - AER. CAMPO DOS B,SBCX,-,49.58
TRÊS COROAS,4321709,CANOAS,SBCO,83952,64.46
TRÊS COROAS,4321709,PORTO ALEGRE (AEROPORTO),SBPA,83971,70.15
TRÊS DE MAIO,4321808,AEROP. SANTO ANGELO - R,SBNM,-,60.56
TRÊS DE MAIO,4321808,CRUZ ALTA,SBCL,83912,119.28
TRÊS DE MAIO,4321808,CHAPECO,SBCH,83883,171.12
TRÊS FORQUILHAS,4321832,TORRES,SBTR,83948,35.29
TRÊS FORQUILHAS,4321832,CRICIUMA-SC (AER. FORQUILINHA,SBCN,-,101.89
TRÊS FORQUILHAS,4321832,FORQUILHINHA,SBCM,-,101.89
TRÊS PALMEIRAS,4321857,CHAPECO,SBCH,83883,56.63
TRÊS PALMEIRAS,4321857,PASSO FUNDO,SBPF,83914,86.2
TRÊS PALMEIRAS,4321857,CRUZ ALTA,SBCL,83912,135.21
TRÊS PASSOS,4321907,AEROP. SANTO ANGELO - R,SBNM,-,95.19
TRÊS PASSOS,4321907,CHAPECO,SBCH,83883,129.11
TRÊS PASSOS,4321907,CRUZ ALTA,SBCL,83912,136.1
TRINDADE DO SUL,4321956,CHAPECO,SBCH,83883,49.7
TRINDADE DO SUL,4321956,PASSO FUNDO,SBPF,83914,97.84
TRINDADE DO SUL,4321956,CRUZ ALTA,SBCL,83912,140.51
TRIUNFO,4322004,CANOAS,SBCO,83952,42.11
TRIUNFO,4322004,PORTO ALEGRE (AEROPORTO),SBPA,83971,42.2
TRIUNFO,4322004,CAXIAS DO SUL - AER. CAMPO DOS B,SBCX,-,81.07
TUCUNDUVA,4322103,AEROP. SANTO ANGELO - R,SBNM,-,74.68
TUCUNDUVA,4322103,CRUZ ALTA,SBCL,83912,137.02
TUCUNDUVA,4322103,CHAPECO,SBCH,83883,182.8
TUNAS,4322152,CRUZ ALTA,SBCL,83912,87.46
TUNAS,4322152,SANTA MARIA (AEROPORTO),SBSM,83937,103.23
TUNAS,4322152,PASSO FUNDO,SBPF,83914,110.66
TUPANCI DO SUL,4322186,PASSO FUNDO,SBPF,83914,85.5
TUPANCI DO SUL,4322186,LAGES,SBLJ,-,124.74
TUPANCI DO SUL,4322186,CACADOR,SBCD,-,141.24
TUPANCIRETÃ,4322202,CRUZ ALTA,SBCL,83912,58.57
TUPANCIRETÃ,4322202,SANTA MARIA (AEROPORTO),SBSM,83937,83.11
TUPANCIRETÃ,4322202,AEROP. SANTO ANGELO - R,SBNM,-,85.06
TUPANDI,4322251,CAXIAS DO SUL - AER. CAMPO DOS B,SBCX,-,38.84
TUPANDI,4322251,CANOAS,SBCO,83952,59.18
TUPANDI,4322251,PORTO ALEGRE (AEROPORTO),SBPA,83971,63.41
TUPARENDI,4322301,AEROP. SANTO ANGELO - R,SBNM,-,73.17
TUPARENDI,4322301,CRUZ ALTA,SBCL,83912,138.94
TUPARENDI,4322301,CHAPECO,SBCH,83883,196.74
TURUÇU,4322327,PELOTAS,SBPK,83985,31.59
TURUÇU,4322327,RIO GRANDE,SBRG,83995,60.91
TURUÇU,4322327,BAGE (AEROPORTO),SBBG,83981,186.41
UBIRETAMA,4322343,AEROP. SANTO ANGELO - R,SBNM,-,53.26
UBIRETAMA,4322343,CRUZ ALTA,SBCL,83912,121.65
UBIRETAMA,4322343,SANTA MARIA (AEROPORTO),SBSM,83937,208.43
UNIÃO DA SERRA,4322350,PASSO FUNDO,SBPF,83914,65.42
UNIÃO DA SERRA,4322350,CAXIAS DO SUL - AER. CAMPO DOS B,SBCX,-,94.69
UNIÃO DA SERRA,4322350,CRUZ ALTA,SBCL,83912,154.74
UNISTALDA,4322376,AEROP. SANTO ANGELO - R,SBNM,-,131.11
UNISTALDA,4322376,SANTA MARIA (AEROPORTO),SBSM,83937,158.82
UNISTALDA,4322376,CRUZ ALTA,SBCL,83912,159.46
URUGUAIANA,4322400,URUGUAIANA (AEROPORTO),SBUG,83928,29.06
URUGUAIANA,4322400,SANTA MARIA (AEROPORTO),SBSM,83937,292.72
URUGUAIANA,4322400,BAGE (AEROPORTO),SBBG,83981,302.79
VACARIA,4322509,LAGES,SBLJ,-,91.07
VACARIA,4322509,CAXIAS DO SUL - AER. CAMPO DOS B,SBCX,-,95.6
VACARIA,4322509,PASSO FUNDO,SBPF,83914,138.31
VALE VERDE,4322525,PORTO ALEGRE (AEROPORTO),SBPA,83971,92.76
VALE VERDE,4322525,CANOAS,SBCO,83952,93.73
VALE VERDE,4322525,CAXIAS DO SUL - AER. CAMPO DOS B,SBCX,-,114.29
VALE DO SOL,4322533,SANTA MARIA (AEROPORTO),SBSM,83937,98.81
VALE DO SOL,4322533,CRUZ ALTA,SBCL,83912,138.08
VALE DO SOL,4322533,CAXIAS DO SUL - AER. CAMPO DOS B,SBCX,-,152.34
VALE REAL,4322541,CAXIAS DO SUL - AER. CAMPO DOS B,SBCX,-,19.99
VALE REAL,4322541,CANOAS,SBCO,83952,66.71
VALE REAL,4322541,PORTO ALEGRE (AEROPORTO),SBPA,83971,71.89
VANINI,4322558,PASSO FUNDO,SBPF,83914,55.27
VANINI,4322558,CAXIAS DO SUL - AER. CAMPO DOS B,SBCX,-,101.51
VANINI,4322558,LAGES,SBLJ,-,171.75
VENÂNCIO AIRES,4322608,CAXIAS DO SUL - AER. CAMPO DOS B,SBCX,-,106.93
VENÂNCIO AIRES,4322608,CANOAS,SBCO,83952,108.93
VENÂNCIO AIRES,4322608,PORTO ALEGRE (AEROPORTO),SBPA,83971,109.39
VERA CRUZ,4322707,SANTA MARIA (AEROPORTO),SBSM,83937,113.56
VERA CRUZ,4322707,PORTO ALEGRE (AEROPORTO),SBPA,83971,135.59
VERA CRUZ,4322707,CANOAS,SBCO,83952,136.14
VERANÓPOLIS,4322806,CAXIAS DO SUL - AER. CAMPO DOS B,SBCX,-,44.69
VERANÓPOLIS,4322806,PASSO FUNDO,SBPF,83914,109.85
VERANÓPOLIS,4322806,CANOAS,SBCO,83952,116.36
VESPASIANO CORREA,4322855,CAXIAS DO SUL - AER. CAMPO DOS B,SBCX,-,67.75
VESPASIANO CORREA,4322855,PASSO FUNDO,SBPF,83914,101.71
VESPASIANO CORREA,4322855,CANOAS,SBCO,83952,119.9
VIADUTOS,4322905,PASSO FUNDO,SBPF,83914,82.27
VIADUTOS,4322905,CHAPECO,SBCH,83883,82.97
VIADUTOS,4322905,CACADOR,SBCD,-,137.23
VIAMÃO,4323002,PORTO ALEGRE (AEROPORTO),SBPA,83971,34.28
VIAMÃO,4323002,CANOAS,SBCO,83952,36.12
VIAMÃO,4323002,CAXIAS DO SUL - AER. CAMPO DOS B,SBCX,-,111.55
VICENTE DUTRA,4323101,CHAPECO,SBCH,83883,71.14
VICENTE DUTRA,4323101,AEROP. SANTO ANGELO - R,SBNM,-,144.46
VICENTE DUTRA,4323101,PASSO FUNDO,SBPF,83914,158.86
VICTOR GRAEFF,4323200,PASSO FUNDO,SBPF,83914,48.14
VICTOR GRAEFF,4323200,CRUZ ALTA,SBCL,83912,89.8
VICTOR GRAEFF,4323200,AEROP. SANTO ANGELO - R,SBNM,-,148.57
VILA FLORES,4323309,CAXIAS DO SUL - AER. CAMPO DOS B,SBCX,-,52.4
VILA FLORES,4323309,PASSO FUNDO,SBPF,83914,101.8
VILA FLORES,4323309,CANOAS,SBCO,83952,127.45
VILA LÂNGARO,4323358,PASSO FUNDO,SBPF,83914,22.81
VILA LÂNGARO,4323358,CHAPECO,SBCH,83883,122.63
VILA LÂNGARO,4323358,CAXIAS DO SUL - AER. CAMPO DOS B,SBCX,-,151.66
VILA MARIA,4323408,PASSO FUNDO,SBPF,83914,38.45
VILA MARIA,4323408,CAXIAS DO SUL - AER. CAMPO DOS B,SBCX,-,118.49
VILA MARIA,4323408,CRUZ ALTA,SBCL,83912,141.67
VILA NOVA DO SUL,4323457,SANTA MARIA (AEROPORTO),SBSM,83937,71.7
VILA NOVA DO SUL,4323457,BAGE (AEROPORTO),SBBG,83981,117.26
VILA NOVA DO SUL,4323457,CRUZ ALTA,SBCL,83912,192.7
VISTA ALEGRE,4323507,CHAPECO,SBCH,83883,85.72
VISTA ALEGRE,4323507,AEROP. SANTO ANGELO - R,SBNM,-,123.66
VISTA ALEGRE,4323507,CRUZ ALTA,SBCL,83912,145.5
VISTA ALEGRE DO PRATA,4323606,CAXIAS DO SUL - AER. CAMPO DOS B,SBCX,-,72.18
VISTA ALEGRE DO PRATA,4323606,PASSO FUNDO,SBPF,83914,83
VISTA ALEGRE DO PRATA,4323606,CANOAS,SBCO,83952,139.72
VISTA GAÚCHA,4323705,CHAPECO,SBCH,83883,102.98
VISTA GAÚCHA,4323705,AEROP. SANTO ANGELO - R,SBNM,-,120.97
VISTA GAÚCHA,4323705,CRUZ ALTA,SBCL,83912,152.14
VITÓRIA DAS MISSÕES,4323754,AEROP. SANTO ANGELO - R,SBNM,-,31.34
VITÓRIA DAS MISSÕES,4323754,CRUZ ALTA,SBCL,83912,88.79
VITÓRIA DAS MISSÕES,4323754,SANTA MARIA (AEROPORTO),SBSM,83937,166.26
WESTFALIA,4323770,CAXIAS DO SUL - AER. CAMPO DOS B,SBCX,-,59.13
WESTFALIA,4323770,CANOAS,SBCO,83952,83.18
WESTFALIA,4323770,PORTO ALEGRE (AEROPORTO),SBPA,83971,86.04
XANGRI-LÁ,4323804,TORRES,SBTR,83948,64.21
XANGRI-LÁ,4323804,CANOAS,SBCO,83952,104.78
XANGRI-LÁ,4323804,PORTO ALEGRE (AEROPORTO),SBPA,83971,107.41
LAGOA MIRIM,4300001,RIO GRANDE,SBRG,83995,116.45
LAGOA MIRIM,4300001,PELOTAS,SBPK,83985,129.36
LAGOA MIRIM,4300001,BAGE (AEROPORTO),SBBG,83981,187.04
LAGOA DOS PATOS,4300002,PELOTAS,SBPK,83985,118.21
LAGOA DOS PATOS,4300002,PORTO ALEGRE (AEROPORTO),SBPA,83971,119.17
LAGOA DOS PATOS,4300002,CANOAS,SBCO,83952,124.96