ADAMANTINA,3500105,PRESIDENTE PRUDENTE,SBDN,83716,77.36
ADAMANTINA,3500105,ARACATUBA,SBAU,83672,81.73
ADAMANTINA,3500105,URUBUPUNGA,SBUP,83617,101.42
ADOLFO,3500204,LINS,SBLN,83674,43.2
ADOLFO,3500204,SAO JOSE DO RIO PRET,SBSR,-,60.77
ADOLFO,3500204,ARACATUBA,SBAU,83672,82.19
AGUAÍ,3500303,PIRASSUNUNGA,SBYS,83671,30.14
AGUAÍ,3500303,POCOS DE CALDAS (AEROPORTO),SBPC,83644,53.43
AGUAÍ,3500303,SAO CARLOS,SBSA,83726,85.53
ÁGUAS DA PRATA,3500402,POCOS DE CALDAS (AEROPORTO),SBPC,83644,50.81
ÁGUAS DA PRATA,3500402,PIRASSUNUNGA,SBYS,83671,59.83
ÁGUAS DA PRATA,3500402,CAMPINAS (AEROPORTO),SBKP,83721,89.55
ÁGUAS DE LINDÓIA,3500501,SAO JOSE DOS CAMPOS (AEROPORTO),SBSJ,83829,82.77
ÁGUAS DE LINDÓIA,3500501,CAMPINAS (AEROPORTO),SBKP,83721,84.5
ÁGUAS DE LINDÓIA,3500501,SAO PAULO (AEROP. DE GUARULHOS),SBGR,83778,86.12
ÁGUAS DE SANTA BÁRBARA,3500550,BAURU (AEROPORTO),SBBU,83722,62.89
ÁGUAS DE SANTA BÁRBARA,3500550,MARILHA - SP,SBML,-,101.12
ÁGUAS DE SANTA BÁRBARA,3500550,ASSIS - S,SBAS,-,124.35
ÁGUAS DE SÃO PEDRO,3500600,SAO CARLOS,SBSA,83726,64.64
ÁGUAS DE SÃO PEDRO,3500600,CAMPINAS (AEROPORTO),SBKP,83721,89.2
ÁGUAS DE SÃO PEDRO,3500600,PIRASSUNUNGA,SBYS,83671,90.49
AGUDOS,3500709,BAURU (AEROPORTO),SBBU,83722,28.24
AGUDOS,3500709,MARILHA - SP,SBML,-,94.06
AGUDOS,3500709,GAVIAO PEIXOTO,SBGP,-,115.2
ALAMBARI,3500758,SAO ROQUE,SBRQ,83058,76.46
ALAMBARI,3500758,CAMPINAS (AEROPORTO),SBKP,83721,97.71
ALAMBARI,3500758,SAO PAULO (AEROPORTO CONGONHAS),SBSP,83780,126.57
ALFREDO MARCONDES,3500808,PRESIDENTE PRUDENTE,SBDN,83716,27.65
ALFREDO MARCONDES,3500808,ASSIS - S,SBAS,-,124.48
ALFREDO MARCONDES,3500808,URUBUPUNGA,SBUP,83617,127.27
ALTAIR,3500907,FRONTERA-MG,SBFT,-,29.63
ALTAIR,3500907,SAO JOSE DO RIO PRET,SBSR,-,43.57
ALTAIR,3500907,BARRETOS,SBBT,83625,51.57
ALTINÓPOLIS,3501004,RIBEIRAO PRETO,SBRP,83668,41.47
ALTINÓPOLIS,3501004,FRANCA,SBFC,83630,49.06
ALTINÓPOLIS,3501004,PIRASSUNUNGA,SBYS,83671,105.93
ALTO ALEGRE,3501103,LINS,SBLN,83674,46.15
ALTO ALEGRE,3501103,ARACATUBA,SBAU,83672,59.25
ALTO ALEGRE,3501103,MARILHA - SP,SBML,-,68.85
ALUMÍNIO,3501152,SAO ROQUE,SBRQ,83058,17.81
ALUMÍNIO,3501152,CAMPINAS (AEROPORTO),SBKP,83721,60.31
ALUMÍNIO,3501152,SAO PAULO (AEROPORTO CONGONHAS),SBSP,83780,68.69
ÁLVARES FLORENCE,3501202,FRONTERA-MG,SBFT,-,77.19
ÁLVARES FLORENCE,3501202,SAO JOSE DO RIO PRET,SBSR,-,78.41
ÁLVARES FLORENCE,3501202,ARACATUBA,SBAU,83672,107.42
ÁLVARES MACHADO,3501301,PRESIDENTE PRUDENTE,SBDN,83716,12.7
ÁLVARES MACHADO,3501301,ASSIS - S,SBAS,-,125.18
ÁLVARES MACHADO,3501301,LONDRINA (AEROPORTO),SBLO,83768,139.03
ÁLVARO DE CARVALHO,3501400,MARILHA - SP,SBML,-,21.94
ÁLVARO DE CARVALHO,3501400,LINS,SBLN,83674,46.54
ÁLVARO DE CARVALHO,3501400,BAURU (AEROPORTO),SBBU,83722,72.81
ALVINLÂNDIA,3501509,MARILHA - SP,SBML,-,34.34
ALVINLÂNDIA,3501509,BAURU (AEROPORTO),SBBU,83722,72.57
ALVINLÂNDIA,3501509,ASSIS - S,SBAS,-,73.46
AMERICANA,3501608,CAMPINAS (AEROPORTO),SBKP,83721,57.16
AMERICANA,3501608,SAO CARLOS,SBSA,83726,84.79
AMERICANA,3501608,PIRASSUNUNGA,SBYS,83671,90.51
AMÉRICO BRASILIENSE,3501707,ARARAQUARA-S,SBAQ,-,13.57
AMÉRICO BRASILIENSE,3501707,SAO CARLOS,SBSA,83726,37.02
AMÉRICO BRASILIENSE,3501707,GAVIAO PEIXOTO,SBGP,-,38.67
AMÉRICO DE CAMPOS,3501806,FRONTERA-MG,SBFT,-,61.49
AMÉRICO DE CAMPOS,3501806,SAO JOSE DO RIO PRET,SBSR,-,68.65
AMÉRICO DE CAMPOS,3501806,ARACATUBA,SBAU,83672,116.07
AMPARO,3501905,CAMPINAS (AEROPORTO),SBKP,83721,47.55
AMPARO,3501905,SAO PAULO (AEROP. DE GUARULHOS),SBGR,83778,87.29
AMPARO,3501905,SAO PAULO,SBXP,83781,91.37
ANALÂNDIA,3502002,SAO CARLOS,SBSA,83726,22.92
ANALÂNDIA,3502002,PIRASSUNUNGA,SBYS,83671,40.51
ANALÂNDIA,3502002,ARARAQUARA-S,SBAQ,-,58.89
ANDRADINA,3502101,URUBUPUNGA,SBUP,83617,25.25
ANDRADINA,3502101,ARACATUBA,SBAU,83672,99.03
ANDRADINA,3502101,PRESIDENTE PRUDENTE,SBDN,83716,149.93
ANGATUBA,3502200,SAO ROQUE,SBRQ,83058,136.85
ANGATUBA,3502200,BAURU (AEROPORTO),SBBU,83722,139.13
ANGATUBA,3502200,CAMPINAS (AEROPORTO),SBKP,83721,145.2
ANHEMBI,3502309,SAO CARLOS,SBSA,83726,92.23
ANHEMBI,3502309,BAURU (AEROPORTO),SBBU,83722,106.27
ANHEMBI,3502309,CAMPINAS (AEROPORTO),SBKP,83721,110.34
ANHUMAS,3502408,PRESIDENTE PRUDENTE,SBDN,83716,17.77
ANHUMAS,3502408,ASSIS - S,SBAS,-,99.4
ANHUMAS,3502408,LONDRINA (AEROPORTO),SBLO,83768,113.23
APARECIDA,3502507,GUARATINGUETA (AEROPORTO),SBGW,83708,17.41
APARECIDA,3502507,PINDAMONHANGABA,SBPW,83706,24.23
APARECIDA,3502507,TAUBATE-SP (BASE AVIACAO TAUBATE,SBTA,-,28.4
APARECIDA D'OESTE,3502606,URUBUPUNGA,SBUP,83617,76.25
APARECIDA D'OESTE,3502606,ARACATUBA,SBAU,83672,88.89
APARECIDA D'OESTE,3502606,SAO JOSE DO RIO PRET,SBSR,-,162.55
APIAÍ,3502705,CURITIBA,SBBI,83842,116.44
APIAÍ,3502705,PARANAGUA,SBPG,83844,125.73
APIAÍ,3502705,CURITIBA (AEROPORTO),SBCT,83840,127.16
ARAÇARIGUAMA,3502754,SAO ROQUE,SBRQ,83058,11.49
ARAÇARIGUAMA,3502754,SAO PAULO,SBXP,83781,46.48
ARAÇARIGUAMA,3502754,SAO PAULO (CAMPO DE MARTE),SBMT,83779,46.91
ARAÇATUBA,3502804,ARACATUBA,SBAU,83672,14.98
ARAÇATUBA,3502804,LINS,SBLN,83674,105.32
ARAÇATUBA,3502804,URUBUPUNGA,SBUP,83617,109.22
ARAÇOIABA DA SERRA,3502903,SAO ROQUE,SBRQ,83058,54.35
ARAÇOIABA DA SERRA,3502903,CAMPINAS (AEROPORTO),SBKP,83721,81.15
ARAÇOIABA DA SERRA,3502903,SAO PAULO (AEROPORTO CONGONHAS),SBSP,83780,104.57
ARAMINA,3503000,UBERABA (AEROPORTO),SBUR,83576,44.79
ARAMINA,3503000,FRANCA,SBFC,83630,62.9
ARAMINA,3503000,BARRETOS,SBBT,83625,94.74
ARANDU,3503109,BAURU (AEROPORTO),SBBU,83722,97.4
ARANDU,3503109,MARILHA - SP,SBML,-,141.49
ARANDU,3503109,ASSIS - S,SBAS,-,152.9
ARAPEÍ,3503158,RESENDE,SBRS,83738,23.68
ARAPEÍ,3503158,SANTA CRUZ (BORTOLOMEU GUSMAO AERO),SBSC,83115,78
ARAPEÍ,3503158,GUARATINGUETA (AEROPORTO),SBGW,83708,79.07
ARARAQUARA,3503208,ARARAQUARA-S,SBAQ,-,5.43
ARARAQUARA,3503208,GAVIAO PEIXOTO,SBGP,-,22.65
ARARAQUARA,3503208,SAO CARLOS,SBSA,83726,40.95
ARARAS,3503307,PIRASSUNUNGA,SBYS,83671,41.82
ARARAS,3503307,SAO CARLOS,SBSA,83726,67.39
ARARAS,3503307,CAMPINAS (AEROPORTO),SBKP,83721,75.5
ARCO-ÍRIS,3503356,MARILHA - SP,SBML,-,70.14
ARCO-ÍRIS,3503356,ARACATUBA,SBAU,83672,70.44
ARCO-ÍRIS,3503356,LINS,SBLN,83674,71.09
AREALVA,3503406,BAURU (AEROPORTO),SBBU,83722,30.28
AREALVA,3503406,GAVIAO PEIXOTO,SBGP,-,67.58
AREALVA,3503406,LINS,SBLN,83674,91.18
AREIAS,3503505,RESENDE,SBRS,83738,33.61
AREIAS,3503505,GUARATINGUETA (AEROPORTO),SBGW,83708,51.17
AREIAS,3503505,PINDAMONHANGABA,SBPW,83706,85.32
AREIÓPOLIS,3503604,BAURU (AEROPORTO),SBBU,83722,54.95
AREIÓPOLIS,3503604,GAVIAO PEIXOTO,SBGP,-,99.28
AREIÓPOLIS,3503604,SAO CARLOS,SBSA,83726,105.5
ARIRANHA,3503703,BARRETOS,SBBT,83625,70.46
ARIRANHA,3503703,GAVIAO PEIXOTO,SBGP,-,75.38
ARIRANHA,3503703,SAO JOSE DO RIO PRET,SBSR,-,77.75
ARTUR NOGUEIRA,3503802,CAMPINAS (AEROPORTO),SBKP,83721,48.87
ARTUR NOGUEIRA,3503802,PIRASSUNUNGA,SBYS,83671,68.43
ARTUR NOGUEIRA,3503802,SAO CARLOS,SBSA,83726,96.73
ARUJÁ,3503901,SAO PAULO (AEROP. DE GUARULHOS),SBGR,83778,14.31
ARUJÁ,3503901,SAO PAULO,SBXP,83781,31.81
ARUJÁ,3503901,SAO PAULO (CAMPO DE MARTE),SBMT,83779,32.79
ASPÁSIA,3503950,ARACATUBA,SBAU,83672,109.72
ASPÁSIA,3503950,URUBUPUNGA,SBUP,83617,111.4
ASPÁSIA,3503950,SAO JOSE DO RIO PRET,SBSR,-,154.31
ASSIS,3504008,ASSIS - S,SBAS,-,4.29
ASSIS,3504008,MARILHA - SP,SBML,-,69.69
ASSIS,3504008,LONDRINA (AEROPORTO),SBLO,83768,107.2
ATIBAIA,3504107,SAO PAULO (AEROP. DE GUARULHOS),SBGR,83778,35.13
ATIBAIA,3504107,SAO PAULO,SBXP,83781,41.83
ATIBAIA,3504107,SAO PAULO (CAMPO DE MARTE),SBMT,83779,44.05
AURIFLAMA,3504206,ARACATUBA,SBAU,83672,56.24
AURIFLAMA,3504206,URUBUPUNGA,SBUP,83617,104.38
AURIFLAMA,3504206,SAO JOSE DO RIO PRET,SBSR,-,123.97
AVAÍ,3504305,BAURU (AEROPORTO),SBBU,83722,29.33
AVAÍ,3504305,MARILHA - SP,SBML,-,62.16
AVAÍ,3504305,LINS,SBLN,83674,72.87
AVANHANDAVA,3504404,LINS,SBLN,83674,31.08
AVANHANDAVA,3504404,ARACATUBA,SBAU,83672,61.95
AVANHANDAVA,3504404,MARILHA - SP,SBML,-,80.14
AVARÉ,3504503,BAURU (AEROPORTO),SBBU,83722,85.59
AVARÉ,3504503,MARILHA - SP,SBML,-,145.01
AVARÉ,3504503,GAVIAO PEIXOTO,SBGP,-,153.17
BADY BASSITT,3504602,SAO JOSE DO RIO PRET,SBSR,-,9.94
BADY BASSITT,3504602,FRONTERA-MG,SBFT,-,71.26
BADY BASSITT,3504602,BARRETOS,SBBT,83625,89.32
BALBINOS,3504701,LINS,SBLN,83674,49.48
BALBINOS,3504701,BAURU (AEROPORTO),SBBU,83722,54.85
BALBINOS,3504701,MARILHA - SP,SBML,-,68.3
BÁLSAMO,3504800,SAO JOSE DO RIO PRET,SBSR,-,18.84
BÁLSAMO,3504800,FRONTERA-MG,SBFT,-,61.43
BÁLSAMO,3504800,BARRETOS,SBBT,83625,100.13
BANANAL,3504909,RESENDE,SBRS,83738,32.88
BANANAL,3504909,SANTA CRUZ (BORTOLOMEU GUSMAO AERO),SBSC,83115,65.86
BANANAL,3504909,GUARATINGUETA (AEROPORTO),SBGW,83708,89.2
BARÃO DE ANTONINA,3505005,TELEMACO BORBA,SBTL,-,136.83
BARÃO DE ANTONINA,3505005,ASSIS - S,SBAS,-,139.04
BARÃO DE ANTONINA,3505005,BAURU (AEROPORTO),SBBU,83722,149.61
BARBOSA,3505104,LINS,SBLN,83674,45.73
BARBOSA,3505104,ARACATUBA,SBAU,83672,55.82
BARBOSA,3505104,SAO JOSE DO RIO PRET,SBSR,-,76.69
BARIRI,3505203,BAURU (AEROPORTO),SBBU,83722,45.84
BARIRI,3505203,GAVIAO PEIXOTO,SBGP,-,46.57
BARIRI,3505203,ARARAQUARA-S,SBAQ,-,67.59
BARRA BONITA,3505302,BAURU (AEROPORTO),SBBU,83722,57.18
BARRA BONITA,3505302,GAVIAO PEIXOTO,SBGP,-,80.13
BARRA BONITA,3505302,SAO CARLOS,SBSA,83726,85.84
BARRA DO CHAPÉU,3505351,CURITIBA,SBBI,83842,107.3
BARRA DO CHAPÉU,3505351,CURITIBA (AEROPORTO),SBCT,83840,119.95
BARRA DO CHAPÉU,3505351,PONTA GROSSA,SBGS,83837,131.57
BARRA DO TURVO,3505401,PARANAGUA,SBPG,83844,70.82
BARRA DO TURVO,3505401,CURITIBA,SBBI,83842,98.83
BARRA DO TURVO,3505401,CURITIBA (AEROPORTO),SBCT,83840,102.55
BARRETOS,3505500,BARRETOS,SBBT,83625,9.09
BARRETOS,3505500,FRONTERA-MG,SBFT,-,60.9
BARRETOS,3505500,SAO JOSE DO RIO PRET,SBSR,-,84.08
BARRINHA,3505609,RIBEIRAO PRETO,SBRP,83668,35.64
BARRINHA,3505609,ARARAQUARA-S,SBAQ,-,62.89
BARRINHA,3505609,GAVIAO PEIXOTO,SBGP,-,67.49
BARUERI,3505708,SAO ROQUE,SBRQ,83058,15.64
BARUERI,3505708,SAO PAULO,SBXP,83781,36.66
BARUERI,3505708,SAO PAULO (CAMPO DE MARTE),SBMT,83779,36.94
BASTOS,3505807,PRESIDENTE PRUDENTE,SBDN,83716,75.25
BASTOS,3505807,ASSIS - S,SBAS,-,81.31
BASTOS,3505807,MARILHA - SP,SBML,-,88.55
BATATAIS,3505906,RIBEIRAO PRETO,SBRP,83668,34.67
BATATAIS,3505906,FRANCA,SBFC,83630,35.3
BATATAIS,3505906,BARRETOS,SBBT,83625,111.35
BAURU,3506003,BAURU (AEROPORTO),SBBU,83722,10.52
BAURU,3506003,MARILHA - SP,SBML,-,79.66
BAURU,3506003,LINS,SBLN,83674,90.3
BEBEDOURO,3506102,BARRETOS,SBBT,83625,41.15
BEBEDOURO,3506102,RIBEIRAO PRETO,SBRP,83668,79.39
BEBEDOURO,3506102,GAVIAO PEIXOTO,SBGP,-,92.94
BENTO DE ABREU,3506201,ARACATUBA,SBAU,83672,50.03
BENTO DE ABREU,3506201,URUBUPUNGA,SBUP,83617,94.26
BENTO DE ABREU,3506201,PRESIDENTE PRUDENTE,SBDN,83716,111.16
BERNARDINO DE CAMPOS,3506300,BAURU (AEROPORTO),SBBU,83722,90.22
BERNARDINO DE CAMPOS,3506300,MARILHA - SP,SBML,-,104.42
BERNARDINO DE CAMPOS,3506300,ASSIS - S,SBAS,-,107.88
BERTIOGA,3506359,SANTOS (AEROPORTO),SBST,83818,5.01
BERTIOGA,3506359,SAO PAULO (AEROPORTO CONGONHAS),SBSP,83780,50.03
BERTIOGA,3506359,SAO PAULO (CAMPO DE MARTE),SBMT,83779,58.29
BILAC,3506409,ARACATUBA,SBAU,83672,33.46
BILAC,3506409,LINS,SBLN,83674,79.88
BILAC,3506409,MARILHA - SP,SBML,-,101.51
BIRIGUI,3506508,ARACATUBA,SBAU,83672,16.66
BIRIGUI,3506508,LINS,SBLN,83674,77.24
BIRIGUI,3506508,MARILHA - SP,SBML,-,111.49
BIRITIBA-MIRIM,3506607,SANTOS (AEROPORTO),SBST,83818,44.25
BIRITIBA-MIRIM,3506607,SAO JOSE DOS CAMPOS (AEROPORTO),SBSJ,83829,46.35
BIRITIBA-MIRIM,3506607,SAO PAULO (AEROP. DE GUARULHOS),SBGR,83778,53.57
BOA ESPERANÇA DO SUL,3506706,GAVIAO PEIXOTO,SBGP,-,19.38
BOA ESPERANÇA DO SUL,3506706,ARARAQUARA-S,SBAQ,-,37.43
BOA ESPERANÇA DO SUL,3506706,SAO CARLOS,SBSA,83726,61.84
BOCAINA,3506805,GAVIAO PEIXOTO,SBGP,-,39.73
BOCAINA,3506805,ARARAQUARA-S,SBAQ,-,53.61
BOCAINA,3506805,BAURU (AEROPORTO),SBBU,83722,60.29
BOFETE,3506904,CAMPINAS (AEROPORTO),SBKP,83721,119.91
BOFETE,3506904,BAURU (AEROPORTO),SBBU,83722,120.73
BOFETE,3506904,SAO ROQUE,SBRQ,83058,126.57
BOITUVA,3507001,SAO ROQUE,SBRQ,83058,62.21
BOITUVA,3507001,CAMPINAS (AEROPORTO),SBKP,83721,65.22
BOITUVA,3507001,SAO PAULO,SBXP,83781,110.22
BOM JESUS DOS PERDÕES,3507100,SAO PAULO (AEROP. DE GUARULHOS),SBGR,83778,30.06
BOM JESUS DOS PERDÕES,3507100,SAO PAULO,SBXP,83781,41.69
BOM JESUS DOS PERDÕES,3507100,SAO PAULO (CAMPO DE MARTE),SBMT,83779,43.77
BOM SUCESSO DE ITARARÉ,3507159,CURITIBA,SBBI,83842,120.57
BOM SUCESSO DE ITARARÉ,3507159,PONTA GROSSA,SBGS,83837,133.59
BOM SUCESSO DE ITARARÉ,3507159,CURITIBA (AEROPORTO),SBCT,83840,133.75
BORÁ,3507209,ASSIS - S,SBAS,-,43.32
BORÁ,3507209,MARILHA - SP,SBML,-,60.47
BORÁ,3507209,PRESIDENTE PRUDENTE,SBDN,83716,95.65
BORACÉIA,3507308,BAURU (AEROPORTO),SBBU,83722,33.4
BORACÉIA,3507308,GAVIAO PEIXOTO,SBGP,-,59.92
BORACÉIA,3507308,ARARAQUARA-S,SBAQ,-,79.42
BORBOREMA,3507407,LINS,SBLN,83674,70.43
BORBOREMA,3507407,GAVIAO PEIXOTO,SBGP,-,71.6
BORBOREMA,3507407,BAURU (AEROPORTO),SBBU,83722,78.84
BOREBI,3507456,BAURU (AEROPORTO),SBBU,83722,41.03
BOREBI,3507456,MARILHA - SP,SBML,-,110.64
BOREBI,3507456,GAVIAO PEIXOTO,SBGP,-,118.17
BOTUCATU,3507506,BAURU (AEROPORTO),SBBU,83722,86.34
BOTUCATU,3507506,SAO CARLOS,SBSA,83726,112.16
BOTUCATU,3507506,GAVIAO PEIXOTO,SBGP,-,121.76
BRAGANÇA PAULISTA,3507605,SAO PAULO (AEROP. DE GUARULHOS),SBGR,83778,54.15
BRAGANÇA PAULISTA,3507605,CAMPINAS (AEROPORTO),SBKP,83721,58.07
BRAGANÇA PAULISTA,3507605,SAO PAULO,SBXP,83781,62.65
BRAÚNA,3507704,ARACATUBA,SBAU,83672,48.1
BRAÚNA,3507704,LINS,SBLN,83674,62.25
BRAÚNA,3507704,MARILHA - SP,SBML,-,81.93
BREJO ALEGRE,3507753,ARACATUBA,SBAU,83672,24.16
BREJO ALEGRE,3507753,LINS,SBLN,83674,72.03
BREJO ALEGRE,3507753,SAO JOSE DO RIO PRET,SBSR,-,93.35
BRODOWSKI,3507803,RIBEIRAO PRETO,SBRP,83668,16.63
BRODOWSKI,3507803,FRANCA,SBFC,83630,55.86
BRODOWSKI,3507803,ARARAQUARA-S,SBAQ,-,98.49
BROTAS,3507902,SAO CARLOS,SBSA,83726,35.52
BROTAS,3507902,ARARAQUARA-S,SBAQ,-,52.8
BROTAS,3507902,GAVIAO PEIXOTO,SBGP,-,64.84
BURI,3508009,SAO ROQUE,SBRQ,83058,150.65
BURI,3508009,BAURU (AEROPORTO),SBBU,83722,167
BURI,3508009,CAMPINAS (AEROPORTO),SBKP,83721,170.6
BURITAMA,3508108,ARACATUBA,SBAU,83672,25.44
BURITAMA,3508108,LINS,SBLN,83674,82.85
BURITAMA,3508108,SAO JOSE DO RIO PRET,SBSR,-,87.64
BURITIZAL,3508207,FRANCA,SBFC,83630,49.5
BURITIZAL,3508207,UBERABA (AEROPORTO),SBUR,83576,56.78
BURITIZAL,3508207,RIBEIRAO PRETO,SBRP,83668,101.56
CABRÁLIA PAULISTA,3508306,BAURU (AEROPORTO),SBBU,83722,36.13
CABRÁLIA PAULISTA,3508306,MARILHA - SP,SBML,-,66.21
CABRÁLIA PAULISTA,3508306,LINS,SBLN,83674,99.17
CABREÚVA,3508405,SAO ROQUE,SBRQ,83058,24.24
CABREÚVA,3508405,CAMPINAS (AEROPORTO),SBKP,83721,34.09
CABREÚVA,3508405,SAO PAULO,SBXP,83781,52.02
CAÇAPAVA,3508504,SAO JOSE DOS CAMPOS (AEROPORTO),SBSJ,83829,20.44
CAÇAPAVA,3508504,TAUBATE-SP (BASE AVIACAO TAUBATE,SBTA,-,23.38
CAÇAPAVA,3508504,PINDAMONHANGABA,SBPW,83706,28.25
CACHOEIRA PAULISTA,3508603,GUARATINGUETA (AEROPORTO),SBGW,83708,22.59
CACHOEIRA PAULISTA,3508603,PINDAMONHANGABA,SBPW,83706,58.21
CACHOEIRA PAULISTA,3508603,RESENDE,SBRS,83738,59.5
CACONDE,3508702,POCOS DE CALDAS (AEROPORTO),SBPC,83644,34.83
CACONDE,3508702,PIRASSUNUNGA,SBYS,83671,87.01
CACONDE,3508702,SAO JOSE DA BARRA - MG (AER. FUR,SBFU,-,100.41
CAFELÂNDIA,3508801,LINS,SBLN,83674,21.85
CAFELÂNDIA,3508801,MARILHA - SP,SBML,-,62.95
CAFELÂNDIA,3508801,BAURU (AEROPORTO),SBBU,83722,82.04
CAIABU,3508900,PRESIDENTE PRUDENTE,SBDN,83716,33.2
CAIABU,3508900,ASSIS - S,SBAS,-,109.83
CAIABU,3508900,ARACATUBA,SBAU,83672,122.75
CAIEIRAS,3509007,SAO JOSE DOS CAMPOS (AEROPORTO),SBSJ,83829,53.98
CAIEIRAS,3509007,SAO PAULO (AEROP. DE GUARULHOS),SBGR,83778,62.94
CAIEIRAS,3509007,SAO PAULO,SBXP,83781,77.43
CAIUÁ,3509106,PRESIDENTE PRUDENTE,SBDN,83716,71.29
CAIUÁ,3509106,URUBUPUNGA,SBUP,83617,119.66
CAIUÁ,3509106,ARACATUBA,SBAU,83672,177.84
CAJAMAR,3509205,SAO PAULO,SBXP,83781,27.73
CAJAMAR,3509205,SAO PAULO (CAMPO DE MARTE),SBMT,83779,28.83
CAJAMAR,3509205,SAO ROQUE,SBRQ,83058,30.47
CAJATI,3509254,PARANAGUA,SBPG,83844,89.35
CAJATI,3509254,CURITIBA,SBBI,83842,125.44
CAJATI,3509254,CURITIBA (AEROPORTO),SBCT,83840,128.62
CAJOBI,3509304,BARRETOS,SBBT,83625,41.31
CAJOBI,3509304,SAO JOSE DO RIO PRET,SBSR,-,59.13
CAJOBI,3509304,FRONTERA-MG,SBFT,-,75.47
CAJURU,3509403,RIBEIRAO PRETO,SBRP,83668,50.61
CAJURU,3509403,PIRASSUNUNGA,SBYS,83671,77.24
CAJURU,3509403,FRANCA,SBFC,83630,78.31
CAMPINA DO MONTE ALEGRE,3509452,SAO ROQUE,SBRQ,83058,130.08
CAMPINA DO MONTE ALEGRE,3509452,CAMPINAS (AEROPORTO),SBKP,83721,149.59
CAMPINA DO MONTE ALEGRE,3509452,BAURU (AEROPORTO),SBBU,83722,166.61
CAMPINAS,3509502,CAMPINAS (AEROPORTO),SBKP,83721,15.36
CAMPINAS,3509502,SAO ROQUE,SBRQ,83058,71.49
CAMPINAS,3509502,SAO PAULO,SBXP,83781,81.36
CAMPO LIMPO PAULISTA,3509601,SAO PAULO,SBXP,83781,36.12
CAMPO LIMPO PAULISTA,3509601,SAO PAULO (CAMPO DE MARTE),SBMT,83779,37.82
CAMPO LIMPO PAULISTA,3509601,CAMPINAS (AEROPORTO),SBKP,83721,39.41
CAMPOS DO JORDÃO,3509700,PINDAMONHANGABA,SBPW,83706,30.31
CAMPOS DO JORDÃO,3509700,GUARATINGUETA (AEROPORTO),SBGW,83708,34.92
CAMPOS DO JORDÃO,3509700,TAUBATE-SP (BASE AVIACAO TAUBATE,SBTA,-,36.65
CAMPOS NOVOS PAULISTA,3509809,ASSIS - S,SBAS,-,45.21
CAMPOS NOVOS PAULISTA,3509809,MARILHA - SP,SBML,-,48.74
CAMPOS NOVOS PAULISTA,3509809,BAURU (AEROPORTO),SBBU,83722,101.85
CANANÉIA,3509908,PARANAGUA,SBPG,83844,75.87
CANANÉIA,3509908,CURITIBA (AEROPORTO),SBCT,83840,129.47
CANANÉIA,3509908,CURITIBA,SBBI,83842,130.06
CANAS,3509957,GUARATINGUETA (AEROPORTO),SBGW,83708,16.02
CANAS,3509957,PINDAMONHANGABA,SBPW,83706,51.41
CANAS,3509957,TAUBATE-SP (BASE AVIACAO TAUBATE,SBTA,-,56.77
CÂNDIDO MOTA,3510005,ASSIS - S,SBAS,-,20.11
CÂNDIDO MOTA,3510005,MARILHA - SP,SBML,-,86.85
CÂNDIDO MOTA,3510005,LONDRINA (AEROPORTO),SBLO,83768,91.32
CÂNDIDO RODRIGUES,3510104,GAVIAO PEIXOTO,SBGP,-,52.94
CÂNDIDO RODRIGUES,3510104,ARARAQUARA-S,SBAQ,-,72.36
CÂNDIDO RODRIGUES,3510104,BARRETOS,SBBT,83625,85.08
CANITAR,3510153,ASSIS - S,SBAS,-,79.99
CANITAR,3510153,MARILHA - SP,SBML,-,94.34
CANITAR,3510153,BAURU (AEROPORTO),SBBU,83722,107.67
CAPÃO BONITO,3510203,SAO ROQUE,SBRQ,83058,132.36
CAPÃO BONITO,3510203,CAMPINAS (AEROPORTO),SBKP,83721,166.14
CAPÃO BONITO,3510203,PARANAGUA,SBPG,83844,166.22
CAPELA DO ALTO,3510302,SAO ROQUE,SBRQ,83058,62.82
CAPELA DO ALTO,3510302,CAMPINAS (AEROPORTO),SBKP,83721,81.46
CAPELA DO ALTO,3510302,SAO PAULO,SBXP,83781,113.61
CAPIVARI,3510401,CAMPINAS (AEROPORTO),SBKP,83721,38.77
CAPIVARI,3510401,SAO ROQUE,SBRQ,83058,39.05
CAPIVARI,3510401,SAO PAULO,SBXP,83781,81.61
CARAGUATATUBA,3510500,SAO JOSE DOS CAMPOS (AEROPORTO),SBSJ,83829,54.94
CARAGUATATUBA,3510500,TAUBATE-SP (BASE AVIACAO TAUBATE,SBTA,-,65.08
CARAGUATATUBA,3510500,PINDAMONHANGABA,SBPW,83706,71.9
CARAPICUÍBA,3510609,SAO PAULO (CAMPO DE MARTE),SBMT,83779,6.8
CARAPICUÍBA,3510609,SAO PAULO,SBXP,83781,8.25
CARAPICUÍBA,3510609,SAO PAULO (AEROPORTO CONGONHAS),SBSP,83780,8.68
CARDOSO,3510708,FRONTERA-MG,SBFT,-,83.56
CARDOSO,3510708,SAO JOSE DO RIO PRET,SBSR,-,99.53
CARDOSO,3510708,ARACATUBA,SBAU,83672,128.46
CASA BRANCA,3510807,PIRASSUNUNGA,SBYS,83671,30.58
CASA BRANCA,3510807,POCOS DE CALDAS (AEROPORTO),SBPC,83644,53.71
CASA BRANCA,3510807,SAO CARLOS,SBSA,83726,84.37
CÁSSIA DOS COQUEIROS,3510906,RIBEIRAO PRETO,SBRP,83668,66.82
CÁSSIA DOS COQUEIROS,3510906,PIRASSUNUNGA,SBYS,83671,80.58
CÁSSIA DOS COQUEIROS,3510906,FRANCA,SBFC,83630,81.63
CASTILHO,3511003,URUBUPUNGA,SBUP,83617,11.02
CASTILHO,3511003,ARACATUBA,SBAU,83672,121.15
CASTILHO,3511003,PRESIDENTE PRUDENTE,SBDN,83716,143.17
CATANDUVA,3511102,SAO JOSE DO RIO PRET,SBSR,-,58.5
CATANDUVA,3511102,BARRETOS,SBBT,83625,72.34
CATANDUVA,3511102,GAVIAO PEIXOTO,SBGP,-,91.74
CATIGUÁ,3511201,SAO JOSE DO RIO PRET,SBSR,-,46.4
CATIGUÁ,3511201,BARRETOS,SBBT,83625,71.21
CATIGUÁ,3511201,FRONTERA-MG,SBFT,-,87.91
CEDRAL,3511300,SAO JOSE DO RIO PRET,SBSR,-,19.17
CEDRAL,3511300,FRONTERA-MG,SBFT,-,71.41
CEDRAL,3511300,BARRETOS,SBBT,83625,78.64
CERQUEIRA CÉSAR,3511409,BAURU (AEROPORTO),SBBU,83722,82.62
CERQUEIRA CÉSAR,3511409,MARILHA - SP,SBML,-,126.19
CERQUEIRA CÉSAR,3511409,ASSIS - S,SBAS,-,142.16
CERQUILHO,3511508,CAMPINAS (AEROPORTO),SBKP,83721,68.39
CERQUILHO,3511508,SAO ROQUE,SBRQ,83058,74.81
CERQUILHO,3511508,SAO PAULO,SBXP,83781,121.17
CESÁRIO LANGE,3511607,CAMPINAS (AEROPORTO),SBKP,83721,83.78
CESÁRIO LANGE,3511607,SAO ROQUE,SBRQ,83058,86.8
CESÁRIO LANGE,3511607,SAO CARLOS,SBSA,83726,133.25
CHARQUEADA,3511706,SAO CARLOS,SBSA,83726,57.93
CHARQUEADA,3511706,PIRASSUNUNGA,SBYS,83671,76.2
CHARQUEADA,3511706,CAMPINAS (AEROPORTO),SBKP,83721,83.07
CLEMENTINA,3511904,ARACATUBA,SBAU,83672,48.87
CLEMENTINA,3511904,LINS,SBLN,83674,74.1
CLEMENTINA,3511904,MARILHA - SP,SBML,-,87.8
COLINA,3512001,BARRETOS,SBBT,83625,18.6
COLINA,3512001,FRONTERA-MG,SBFT,-,80.51
COLINA,3512001,SAO JOSE DO RIO PRET,SBSR,-,84.5
COLÔMBIA,3512100,BARRETOS,SBBT,83625,37.05
COLÔMBIA,3512100,FRONTERA-MG,SBFT,-,47.83
COLÔMBIA,3512100,SAO JOSE DO RIO PRET,SBSR,-,92.21
CONCHAL,3512209,PIRASSUNUNGA,SBYS,83671,46.59
CONCHAL,3512209,CAMPINAS (AEROPORTO),SBKP,83721,70.6
CONCHAL,3512209,SAO CARLOS,SBSA,83726,81.22
CONCHAS,3512308,CAMPINAS (AEROPORTO),SBKP,83721,91.96
CONCHAS,3512308,SAO CARLOS,SBSA,83726,106.28
CONCHAS,3512308,SAO ROQUE,SBRQ,83058,110.47
CORDEIRÓPOLIS,3512407,PIRASSUNUNGA,SBYS,83671,57.2
CORDEIRÓPOLIS,3512407,CAMPINAS (AEROPORTO),SBKP,83721,65.3
CORDEIRÓPOLIS,3512407,SAO CARLOS,SBSA,83726,69.45
COROADOS,3512506,ARACATUBA,SBAU,83672,30.35
COROADOS,3512506,LINS,SBLN,83674,65.83
COROADOS,3512506,MARILHA - SP,SBML,-,97.77
CORONEL MACEDO,3512605,BAURU (AEROPORTO),SBBU,83722,147.69
CORONEL MACEDO,3512605,TELEMACO BORBA,SBTL,-,156.38
CORONEL MACEDO,3512605,ASSIS - S,SBAS,-,161.18
CORUMBATAÍ,3512704,SAO CARLOS,SBSA,83726,35.91
CORUMBATAÍ,3512704,PIRASSUNUNGA,SBYS,83671,42.22
CORUMBATAÍ,3512704,ARARAQUARA-S,SBAQ,-,72.21
COSMÓPOLIS,3512803,CAMPINAS (AEROPORTO),SBKP,83721,37.31
COSMÓPOLIS,3512803,PIRASSUNUNGA,SBYS,83671,83.02
COSMÓPOLIS,3512803,SAO ROQUE,SBRQ,83058,94.64
COSMORAMA,3512902,SAO JOSE DO RIO PRET,SBSR,-,55.26
COSMORAMA,3512902,FRONTERA-MG,SBFT,-,64.5
COSMORAMA,3512902,ARACATUBA,SBAU,83672,102.22
COTIA,3513009,SAO ROQUE,SBRQ,83058,19.5
COTIA,3513009,SAO PAULO (AEROPORTO CONGONHAS),SBSP,83780,33.65
COTIA,3513009,SAO PAULO (CAMPO DE MARTE),SBMT,83779,36.31
CRAVINHOS,3513108,RIBEIRAO PRETO,SBRP,83668,24.51
CRAVINHOS,3513108,ARARAQUARA-S,SBAQ,-,64.72
CRAVINHOS,3513108,SAO CARLOS,SBSA,83726,76.73
CRISTAIS PAULISTA,3513207,FRANCA,SBFC,83630,23.49
CRISTAIS PAULISTA,3513207,UBERABA (AEROPORTO),SBUR,83576,89.51
CRISTAIS PAULISTA,3513207,RIBEIRAO PRETO,SBRP,83668,91.79
CRUZÁLIA,3513306,ASSIS - S,SBAS,-,34.93
CRUZÁLIA,3513306,LONDRINA (AEROPORTO),SBLO,83768,73.85
CRUZÁLIA,3513306,LONDRINA,SBXO,83766,82.69
CRUZEIRO,3513405,GUARATINGUETA (AEROPORTO),SBGW,83708,31.31
CRUZEIRO,3513405,RESENDE,SBRS,83738,55.84
CRUZEIRO,3513405,PINDAMONHANGABA,SBPW,83706,67.2
CUBATÃO,3513504,SANTOS (AEROPORTO),SBST,83818,12.85
CUBATÃO,3513504,SAO PAULO (AEROPORTO CONGONHAS),SBSP,83780,38.6
CUBATÃO,3513504,SAO PAULO (CAMPO DE MARTE),SBMT,83779,47.52
CUNHA,3513603,GUARATINGUETA (AEROPORTO),SBGW,83708,41.05
CUNHA,3513603,PINDAMONHANGABA,SBPW,83706,55.72
CUNHA,3513603,TAUBATE-SP (BASE AVIACAO TAUBATE,SBTA,-,57.03
DESCALVADO,3513702,SAO CARLOS,SBSA,83726,27.05
DESCALVADO,3513702,PIRASSUNUNGA,SBYS,83671,35.91
DESCALVADO,3513702,ARARAQUARA-S,SBAQ,-,49.88
DIADEMA,3513801,SAO PAULO (AEROPORTO CONGONHAS),SBSP,83780,0.64
DIADEMA,3513801,SAO PAULO (CAMPO DE MARTE),SBMT,83779,10.71
DIADEMA,3513801,SAO PAULO,SBXP,83781,12.92
DIRCE REIS,3513850,ARACATUBA,SBAU,83672,78.6
DIRCE REIS,3513850,URUBUPUNGA,SBUP,83617,105.34
DIRCE REIS,3513850,SAO JOSE DO RIO PRET,SBSR,-,133.85
DIVINOLÂNDIA,3513900,POCOS DE CALDAS (AEROPORTO),SBPC,83644,24.85
DIVINOLÂNDIA,3513900,PIRASSUNUNGA,SBYS,83671,72.89
DIVINOLÂNDIA,3513900,SAO JOSE DA BARRA - MG (AER. FUR,SBFU,-,115.84
DOBRADA,3514007,GAVIAO PEIXOTO,SBGP,-,28.61
DOBRADA,3514007,ARARAQUARA-S,SBAQ,-,39.53
DOBRADA,3514007,RIBEIRAO PRETO,SBRP,83668,75.24
DOIS CÓRREGOS,3514106,SAO CARLOS,SBSA,83726,64.06
DOIS CÓRREGOS,3514106,ARARAQUARA-S,SBAQ,-,69.76
DOIS CÓRREGOS,3514106,GAVIAO PEIXOTO,SBGP,-,69.87
DOLCINÓPOLIS,3514205,ARACATUBA,SBAU,83672,112.83
DOLCINÓPOLIS,3514205,URUBUPUNGA,SBUP,83617,131.87
DOLCINÓPOLIS,3514205,SAO JOSE DO RIO PRET,SBSR,-,140.19
DOURADO,3514304,GAVIAO PEIXOTO,SBGP,-,39.23
DOURADO,3514304,ARARAQUARA-S,SBAQ,-,40.73
DOURADO,3514304,SAO CARLOS,SBSA,83726,48.48
DRACENA,3514403,PRESIDENTE PRUDENTE,SBDN,83716,71.11
DRACENA,3514403,URUBUPUNGA,SBUP,83617,84.18
DRACENA,3514403,ARACATUBA,SBAU,83672,128.7
DUARTINA,3514502,BAURU (AEROPORTO),SBBU,83722,36.65
DUARTINA,3514502,MARILHA - SP,SBML,-,56.88
DUARTINA,3514502,LINS,SBLN,83674,87.43
DUMONT,3514601,RIBEIRAO PRETO,SBRP,83668,26.94
DUMONT,3514601,ARARAQUARA-S,SBAQ,-,64.84
DUMONT,3514601,GAVIAO PEIXOTO,SBGP,-,72.89
ECHAPORÃ,3514700,ASSIS - S,SBAS,-,32.63
ECHAPORÃ,3514700,MARILHA - SP,SBML,-,41.5
ECHAPORÃ,3514700,LINS,SBLN,83674,98.2
ELDORADO,3514809,PARANAGUA,SBPG,83844,117.59
ELDORADO,3514809,CURITIBA,SBBI,83842,142.21
ELDORADO,3514809,CURITIBA (AEROPORTO),SBCT,83840,147.99
ELIAS FAUSTO,3514908,CAMPINAS (AEROPORTO),SBKP,83721,26.84
ELIAS FAUSTO,3514908,SAO ROQUE,SBRQ,83058,55.95
ELIAS FAUSTO,3514908,SAO PAULO,SBXP,83781,90.18
ELISIÁRIO,3514924,SAO JOSE DO RIO PRET,SBSR,-,51.49
ELISIÁRIO,3514924,BARRETOS,SBBT,83625,82.33
ELISIÁRIO,3514924,LINS,SBLN,83674,88.65
EMBAÚBA,3514957,BARRETOS,SBBT,83625,48.65
EMBAÚBA,3514957,SAO JOSE DO RIO PRET,SBSR,-,59.28
EMBAÚBA,3514957,FRONTERA-MG,SBFT,-,81.81
EMBU,3515004,SAO PAULO (AEROPORTO CONGONHAS),SBSP,83780,22.52
EMBU,3515004,SAO PAULO (CAMPO DE MARTE),SBMT,83779,32.31
EMBU,3515004,SAO PAULO,SBXP,83781,34.27
EMBU-GUAÇU,3515103,SAO PAULO (AEROPORTO CONGONHAS),SBSP,83780,46.66
EMBU-GUAÇU,3515103,SANTOS (AEROPORTO),SBST,83818,48.42
EMBU-GUAÇU,3515103,SAO PAULO (CAMPO DE MARTE),SBMT,83779,57.72
EMILIANÓPOLIS,3515129,PRESIDENTE PRUDENTE,SBDN,83716,42.38
EMILIANÓPOLIS,3515129,URUBUPUNGA,SBUP,83617,111.75
EMILIANÓPOLIS,3515129,ARACATUBA,SBAU,83672,131.16
ENGENHEIRO COELHO,3515152,CAMPINAS (AEROPORTO),SBKP,83721,57.16
ENGENHEIRO COELHO,3515152,PIRASSUNUNGA,SBYS,83671,59.54
ENGENHEIRO COELHO,3515152,SAO CARLOS,SBSA,83726,88.42
ESPÍRITO SANTO DO PINHAL,3515186,POCOS DE CALDAS (AEROPORTO),SBPC,83644,44.45
ESPÍRITO SANTO DO PINHAL,3515186,PIRASSUNUNGA,SBYS,83671,59.68
ESPÍRITO SANTO DO PINHAL,3515186,CAMPINAS (AEROPORTO),SBKP,83721,95.89
ESPÍRITO SANTO DO TURVO,3515194,BAURU (AEROPORTO),SBBU,83722,53.71
ESPÍRITO SANTO DO TURVO,3515194,MARILHA - SP,SBML,-,74.15
ESPÍRITO SANTO DO TURVO,3515194,ASSIS - S,SBAS,-,104.71
ESTRELA D'OESTE,3515202,ARACATUBA,SBAU,83672,96.14
ESTRELA D'OESTE,3515202,SAO JOSE DO RIO PRET,SBSR,-,120.79
ESTRELA D'OESTE,3515202,FRONTERA-MG,SBFT,-,128.3
ESTRELA DO NORTE,3515301,PRESIDENTE PRUDENTE,SBDN,83716,41.8
ESTRELA DO NORTE,3515301,LONDRINA (AEROPORTO),SBLO,83768,108.64
ESTRELA DO NORTE,3515301,LONDRINA,SBXO,83766,111.51
EUCLIDES DA CUNHA PAULISTA,3515350,MARINGA,SBMG,83767,121.67
EUCLIDES DA CUNHA PAULISTA,3515350,PRESIDENTE PRUDENTE,SBDN,83716,125
EUCLIDES DA CUNHA PAULISTA,3515350,LONDRINA,SBXO,83766,173.12
FARTURA,3515400,ASSIS - S,SBAS,-,127.3
FARTURA,3515400,BAURU (AEROPORTO),SBBU,83722,127.54
FARTURA,3515400,MARILHA - SP,SBML,-,140.63
FERNANDÓPOLIS,3515509,ARACATUBA,SBAU,83672,96.61
FERNANDÓPOLIS,3515509,SAO JOSE DO RIO PRET,SBSR,-,109.02
FERNANDÓPOLIS,3515509,FRONTERA-MG,SBFT,-,114.98
FERNANDO PRESTES,3515608,GAVIAO PEIXOTO,SBGP,-,59.58
FERNANDO PRESTES,3515608,ARARAQUARA-S,SBAQ,-,79.97
FERNANDO PRESTES,3515608,BARRETOS,SBBT,83625,81.89
FERNÃO,3515657,MARILHA - SP,SBML,-,43.92
FERNÃO,3515657,BAURU (AEROPORTO),SBBU,83722,48.92
FERNÃO,3515657,LINS,SBLN,83674,80.22
FERRAZ DE VASCONCELOS,3515707,SAO ROQUE,SBRQ,83058,16.42
FERRAZ DE VASCONCELOS,3515707,CAMPINAS (AEROPORTO),SBKP,83721,54.99
FERRAZ DE VASCONCELOS,3515707,SAO PAULO,SBXP,83781,66.66
FLORA RICA,3515806,PRESIDENTE PRUDENTE,SBDN,83716,53.49
FLORA RICA,3515806,URUBUPUNGA,SBUP,83617,102.34
FLORA RICA,3515806,ARACATUBA,SBAU,83672,116.49
FLOREAL,3515905,ARACATUBA,SBAU,83672,58.61
FLOREAL,3515905,SAO JOSE DO RIO PRET,SBSR,-,79.98
FLOREAL,3515905,FRONTERA-MG,SBFT,-,110.51
FLÓRIDA PAULISTA,3516002,PRESIDENTE PRUDENTE,SBDN,83716,75.98
FLÓRIDA PAULISTA,3516002,ARACATUBA,SBAU,83672,89.17
FLÓRIDA PAULISTA,3516002,URUBUPUNGA,SBUP,83617,92.27
FLORÍNIA,3516101,ASSIS - S,SBAS,-,37.61
FLORÍNIA,3516101,LONDRINA (AEROPORTO),SBLO,83768,65.3
FLORÍNIA,3516101,LONDRINA,SBXO,83766,74.36
FRANCA,3516200,FRANCA,SBFC,83630,5.71
FRANCA,3516200,RIBEIRAO PRETO,SBRP,83668,74.6
FRANCA,3516200,UBERABA (AEROPORTO),SBUR,83576,106.78
FRANCISCO MORATO,3516309,SAO PAULO,SBXP,83781,30.9
FRANCISCO MORATO,3516309,SAO PAULO (CAMPO DE MARTE),SBMT,83779,32.98
FRANCISCO MORATO,3516309,SAO PAULO (AEROP. DE GUARULHOS),SBGR,83778,33.33
FRANCO DA ROCHA,3516408,SAO ROQUE,SBRQ,83058,31.44
FRANCO DA ROCHA,3516408,SAO PAULO (AEROPORTO CONGONHAS),SBSP,83780,56
FRANCO DA ROCHA,3516408,SAO PAULO (CAMPO DE MARTE),SBMT,83779,61.8
GABRIEL MONTEIRO,3516507,ARACATUBA,SBAU,83672,43.56
GABRIEL MONTEIRO,3516507,LINS,SBLN,83674,86.32
GABRIEL MONTEIRO,3516507,MARILHA - SP,SBML,-,100.64
GÁLIA,3516606,MARILHA - SP,SBML,-,38.67
GÁLIA,3516606,BAURU (AEROPORTO),SBBU,83722,52.11
GÁLIA,3516606,LINS,SBLN,83674,74.57
GARÇA,3516705,MARILHA - SP,SBML,-,24.35
GARÇA,3516705,LINS,SBLN,83674,62.71
GARÇA,3516705,BAURU (AEROPORTO),SBBU,83722,64.56
GASTÃO VIDIGAL,3516804,ARACATUBA,SBAU,83672,43.18
GASTÃO VIDIGAL,3516804,SAO JOSE DO RIO PRET,SBSR,-,83.53
GASTÃO VIDIGAL,3516804,LINS,SBLN,83674,107.13
GAVIÃO PEIXOTO,3516853,GAVIAO PEIXOTO,SBGP,-,5.5
GAVIÃO PEIXOTO,3516853,ARARAQUARA-S,SBAQ,-,32.64
GAVIÃO PEIXOTO,3516853,SAO CARLOS,SBSA,83726,64.49
GENERAL SALGADO,3516903,ARACATUBA,SBAU,83672,54.63
GENERAL SALGADO,3516903,SAO JOSE DO RIO PRET,SBSR,-,107.16
GENERAL SALGADO,3516903,URUBUPUNGA,SBUP,83617,121.37
GETULINA,3517000,LINS,SBLN,83674,31.47
GETULINA,3517000,MARILHA - SP,SBML,-,45.52
GETULINA,3517000,ARACATUBA,SBAU,83672,83.66
GLICÉRIO,3517109,ARACATUBA,SBAU,83672,33.45
GLICÉRIO,3517109,LINS,SBLN,83674,59.19
GLICÉRIO,3517109,MARILHA - SP,SBML,-,97.72
GUAIÇARA,3517208,LINS,SBLN,83674,10.56
GUAIÇARA,3517208,MARILHA - SP,SBML,-,69.16
GUAIÇARA,3517208,ARACATUBA,SBAU,83672,85.12
GUAIMBÊ,3517307,LINS,SBLN,83674,25.93
GUAIMBÊ,3517307,MARILHA - SP,SBML,-,34
GUAIMBÊ,3517307,BAURU (AEROPORTO),SBBU,83722,95.08
GUAÍRA,3517406,BARRETOS,SBBT,83625,38.48
GUAÍRA,3517406,UBERABA (AEROPORTO),SBUR,83576,73.14
GUAÍRA,3517406,FRONTERA-MG,SBFT,-,85.12
GUAPIAÇU,3517505,SAO JOSE DO RIO PRET,SBSR,-,22.85
GUAPIAÇU,3517505,FRONTERA-MG,SBFT,-,51.53
GUAPIAÇU,3517505,BARRETOS,SBBT,83625,63.89
GUAPIARA,3517604,PARANAGUA,SBPG,83844,145.49
GUAPIARA,3517604,CURITIBA,SBBI,83842,148.54
GUAPIARA,3517604,CURITIBA (AEROPORTO),SBCT,83840,158.04
GUARÁ,3517703,FRANCA,SBFC,83630,37.55
GUARÁ,3517703,RIBEIRAO PRETO,SBRP,83668,70.94
GUARÁ,3517703,UBERABA (AEROPORTO),SBUR,83576,81.75
GUARAÇAÍ,3517802,URUBUPUNGA,SBUP,83617,43.87
GUARAÇAÍ,3517802,ARACATUBA,SBAU,83672,88.25
GUARAÇAÍ,3517802,PRESIDENTE PRUDENTE,SBDN,83716,122.58
GUARACI,3517901,FRONTERA-MG,SBFT,-,21.21
GUARACI,3517901,BARRETOS,SBBT,83625,47.82
GUARACI,3517901,SAO JOSE DO RIO PRET,SBSR,-,62.77
GUARANI D'OESTE,3518008,ARACATUBA,SBAU,83672,118.76
GUARANI D'OESTE,3518008,FRONTERA-MG,SBFT,-,123.86
GUARANI D'OESTE,3518008,SAO JOSE DO RIO PRET,SBSR,-,127.92
GUARANTÃ,3518107,LINS,SBLN,83674,32.12
GUARANTÃ,3518107,MARILHA - SP,SBML,-,45.12
GUARANTÃ,3518107,BAURU (AEROPORTO),SBBU,83722,69.69
GUARARAPES,3518206,ARACATUBA,SBAU,83672,32.43
GUARARAPES,3518206,URUBUPUNGA,SBUP,83617,105.63
GUARARAPES,3518206,LINS,SBLN,83674,106.73
GUARAREMA,3518305,SAO JOSE DOS CAMPOS (AEROPORTO),SBSJ,83829,29.84
GUARAREMA,3518305,SAO PAULO (AEROP. DE GUARULHOS),SBGR,83778,41.79
GUARAREMA,3518305,SAO PAULO,SBXP,83781,57.7
GUARATINGUETÁ,3518404,GUARATINGUETA (AEROPORTO),SBGW,83708,4.08
GUARATINGUETÁ,3518404,PINDAMONHANGABA,SBPW,83706,32.22
GUARATINGUETÁ,3518404,TAUBATE-SP (BASE AVIACAO TAUBATE,SBTA,-,38.13
GUAREÍ,3518503,SAO ROQUE,SBRQ,83058,113.61
GUAREÍ,3518503,CAMPINAS (AEROPORTO),SBKP,83721,119.88
GUAREÍ,3518503,BAURU (AEROPORTO),SBBU,83722,145.58
GUARIBA,3518602,GAVIAO PEIXOTO,SBGP,-,45.08
GUARIBA,3518602,ARARAQUARA-S,SBAQ,-,45.81
GUARIBA,3518602,RIBEIRAO PRETO,SBRP,83668,56.54
GUARUJÁ,3518701,SANTOS (AEROPORTO),SBST,83818,6.33
GUARUJÁ,3518701,SAO PAULO (AEROPORTO CONGONHAS),SBSP,83780,53.89
GUARUJÁ,3518701,SAO PAULO (CAMPO DE MARTE),SBMT,83779,60.81
GUARULHOS,3518800,SAO PAULO (AEROP. DE GUARULHOS),SBGR,83778,1.57
GUARULHOS,3518800,SAO PAULO,SBXP,83781,18.53
GUARULHOS,3518800,SAO PAULO (CAMPO DE MARTE),SBMT,83779,19.87
GUATAPARÁ,3518859,ARARAQUARA-S,SBAQ,-,41.92
GUATAPARÁ,3518859,RIBEIRAO PRETO,SBRP,83668,42.57
GUATAPARÁ,3518859,GAVIAO PEIXOTO,SBGP,-,56.36
GUZOLÂNDIA,3518909,ARACATUBA,SBAU,83672,62.95
GUZOLÂNDIA,3518909,URUBUPUNGA,SBUP,83617,91
GUZOLÂNDIA,3518909,SAO JOSE DO RIO PRET,SBSR,-,137.98
HERCULÂNDIA,3519006,MARILHA - SP,SBML,-,52.44
HERCULÂNDIA,3519006,LINS,SBLN,83674,71.99
HERCULÂNDIA,3519006,ASSIS - S,SBAS,-,74.59
HOLAMBRA,3519055,CAMPINAS (AEROPORTO),SBKP,83721,41.19
HOLAMBRA,3519055,PIRASSUNUNGA,SBYS,83671,78.75
HOLAMBRA,3519055,SAO ROQUE,SBRQ,83058,98.69
HORTOLÂNDIA,3519071,CAMPINAS (AEROPORTO),SBKP,83721,12.63
HORTOLÂNDIA,3519071,SAO ROQUE,SBRQ,83058,67.16
HORTOLÂNDIA,3519071,SAO PAULO,SBXP,83781,88.11
IACANGA,3519105,BAURU (AEROPORTO),SBBU,83722,48.2
IACANGA,3519105,GAVIAO PEIXOTO,SBGP,-,67.23
IACANGA,3519105,LINS,SBLN,83674,77.3
IACRI,3519204,ARACATUBA,SBAU,83672,77.01
IACRI,3519204,MARILHA - SP,SBML,-,83.76
IACRI,3519204,LINS,SBLN,83674,91.11
IARAS,3519253,BAURU (AEROPORTO),SBBU,83722,55.49
IARAS,3519253,MARILHA - SP,SBML,-,109.72
IARAS,3519253,GAVIAO PEIXOTO,SBGP,-,137.28
IBATÉ,3519303,SAO CARLOS,SBSA,83726,17.8
IBATÉ,3519303,ARARAQUARA-S,SBAQ,-,19.89
IBATÉ,3519303,GAVIAO PEIXOTO,SBGP,-,43.54
IBIRÁ,3519402,SAO JOSE DO RIO PRET,SBSR,-,35.81
IBIRÁ,3519402,BARRETOS,SBBT,83625,84.62
IBIRÁ,3519402,LINS,SBLN,83674,86.09
IBIRAREMA,3519501,ASSIS - S,SBAS,-,43.39
IBIRAREMA,3519501,MARILHA - SP,SBML,-,72.39
IBIRAREMA,3519501,BAURU (AEROPORTO),SBBU,83722,117.14
IBITINGA,3519600,GAVIAO PEIXOTO,SBGP,-,46.19
IBITINGA,3519600,BAURU (AEROPORTO),SBBU,83722,62.91
IBITINGA,3519600,ARARAQUARA-S,SBAQ,-,74
IBIÚNA,3519709,SAO ROQUE,SBRQ,83058,32.51
IBIÚNA,3519709,SAO PAULO (AEROPORTO CONGONHAS),SBSP,83780,62.37
IBIÚNA,3519709,SAO PAULO (CAMPO DE MARTE),SBMT,83779,67.71
ICÉM,3519808,FRONTERA-MG,SBFT,-,9.16
ICÉM,3519808,SAO JOSE DO RIO PRET,SBSR,-,53.56
ICÉM,3519808,BARRETOS,SBBT,83625,65.61
IEPÊ,3519907,ASSIS - S,SBAS,-,62.3
IEPÊ,3519907,PRESIDENTE PRUDENTE,SBDN,83716,64.68
IEPÊ,3519907,LONDRINA (AEROPORTO),SBLO,83768,74.97
IGARAÇU DO TIETÊ,3520004,BAURU (AEROPORTO),SBBU,83722,56.37
IGARAÇU DO TIETÊ,3520004,GAVIAO PEIXOTO,SBGP,-,87.4
IGARAÇU DO TIETÊ,3520004,SAO CARLOS,SBSA,83726,92.73
IGARAPAVA,3520103,UBERABA (AEROPORTO),SBUR,83576,44.3
IGARAPAVA,3520103,FRANCA,SBFC,83630,63.24
IGARAPAVA,3520103,ARAXA-M,SBAX,-,92.57
IGARATÁ,3520202,SAO JOSE DOS CAMPOS (AEROPORTO),SBSJ,83829,29.88
IGARATÁ,3520202,SAO PAULO (AEROP. DE GUARULHOS),SBGR,83778,45.8
IGARATÁ,3520202,SAO PAULO,SBXP,83781,63.14
IGUAPE,3520301,SAO ROQUE,SBRQ,83058,120.07
IGUAPE,3520301,SAO PAULO (AEROPORTO CONGONHAS),SBSP,83780,134.32
IGUAPE,3520301,SANTOS (AEROPORTO),SBST,83818,139.88
ILHABELA,3520400,SAO JOSE DOS CAMPOS (AEROPORTO),SBSJ,83829,83.99
ILHABELA,3520400,TAUBATE-SP (BASE AVIACAO TAUBATE,SBTA,-,86.93
ILHABELA,3520400,PINDAMONHANGABA,SBPW,83706,93.16
ILHA COMPRIDA,3520426,PARANAGUA,SBPG,83844,107.17
ILHA COMPRIDA,3520426,CURITIBA (AEROPORTO),SBCT,83840,163.1
ILHA COMPRIDA,3520426,CURITIBA,SBBI,83842,163.77
ILHA SOLTEIRA,3520442,URUBUPUNGA,SBUP,83617,52.27
ILHA SOLTEIRA,3520442,ARACATUBA,SBAU,83672,116.07
ILHA SOLTEIRA,3520442,PRESIDENTE PRUDENTE,SBDN,83716,195.3
INDAIATUBA,3520509,SAO ROQUE,SBRQ,83058,16.04
INDAIATUBA,3520509,CAMPINAS (AEROPORTO),SBKP,83721,42.3
INDAIATUBA,3520509,SAO PAULO,SBXP,83781,56.09
INDIANA,3520608,PRESIDENTE PRUDENTE,SBDN,83716,18.16
INDIANA,3520608,ASSIS - S,SBAS,-,99.95
INDIANA,3520608,LONDRINA (AEROPORTO),SBLO,83768,132.66
INDIAPORÃ,3520707,FRONTERA-MG,SBFT,-,119.01
INDIAPORÃ,3520707,SAO JOSE DO RIO PRET,SBSR,-,130.62
INDIAPORÃ,3520707,ARACATUBA,SBAU,83672,132.44
INÚBIA PAULISTA,3520806,PRESIDENTE PRUDENTE,SBDN,83716,69.18
INÚBIA PAULISTA,3520806,ARACATUBA,SBAU,83672,86.93
INÚBIA PAULISTA,3520806,ASSIS - S,SBAS,-,112.03
IPAUSSU,3520905,ASSIS - S,SBAS,-,98.96
IPAUSSU,3520905,BAURU (AEROPORTO),SBBU,83722,99.66
IPAUSSU,3520905,MARILHA - SP,SBML,-,103.61
IPERÓ,3521002,SAO ROQUE,SBRQ,83058,53.53
IPERÓ,3521002,CAMPINAS (AEROPORTO),SBKP,83721,68.38
IPERÓ,3521002,SAO PAULO,SBXP,83781,103.45
IPEÚNA,3521101,SAO CARLOS,SBSA,83726,47.73
IPEÚNA,3521101,PIRASSUNUNGA,SBYS,83671,64.43
IPEÚNA,3521101,ARARAQUARA-S,SBAQ,-,81.65
IPIGUÁ,3521150,SAO JOSE DO RIO PRET,SBSR,-,29.59
IPIGUÁ,3521150,FRONTERA-MG,SBFT,-,49.15
IPIGUÁ,3521150,BARRETOS,SBBT,83625,97.69
IPORANGA,3521200,PARANAGUA,SBPG,83844,112.06
IPORANGA,3521200,CURITIBA,SBBI,83842,120.4
IPORANGA,3521200,CURITIBA (AEROPORTO),SBCT,83840,128.47
IPUÃ,3521309,BARRETOS,SBBT,83625,58.51
IPUÃ,3521309,FRANCA,SBFC,83630,68.7
IPUÃ,3521309,UBERABA (AEROPORTO),SBUR,83576,72.59
IRACEMÁPOLIS,3521408,CAMPINAS (AEROPORTO),SBKP,83721,59.33
IRACEMÁPOLIS,3521408,PIRASSUNUNGA,SBYS,83671,71.64
IRACEMÁPOLIS,3521408,SAO CARLOS,SBSA,83726,74.54
IRAPUÃ,3521507,SAO JOSE DO RIO PRET,SBSR,-,52.01
IRAPUÃ,3521507,LINS,SBLN,83674,57.65
IRAPUÃ,3521507,ARACATUBA,SBAU,83672,108.03
IRAPURU,3521606,PRESIDENTE PRUDENTE,SBDN,83716,77.82
IRAPURU,3521606,URUBUPUNGA,SBUP,83617,79.53
IRAPURU,3521606,ARACATUBA,SBAU,83672,102.88
ITABERÁ,3521705,TELEMACO BORBA,SBTL,-,161.04
ITABERÁ,3521705,CURITIBA,SBBI,83842,170.38
ITABERÁ,3521705,PONTA GROSSA,SBGS,83837,171.85
ITAÍ,3521804,BAURU (AEROPORTO),SBBU,83722,127.79
ITAÍ,3521804,MARILHA - SP,SBML,-,168.6
ITAÍ,3521804,ASSIS - S,SBAS,-,170.61
ITAJOBI,3521903,SAO JOSE DO RIO PRET,SBSR,-,71.51
ITAJOBI,3521903,LINS,SBLN,83674,80.14
ITAJOBI,3521903,GAVIAO PEIXOTO,SBGP,-,81.75
ITAJU,3522000,GAVIAO PEIXOTO,SBGP,-,45.65
ITAJU,3522000,BAURU (AEROPORTO),SBBU,83722,49.66
ITAJU,3522000,ARARAQUARA-S,SBAQ,-,70.82
ITANHAÉM,3522109,SANTOS (AEROPORTO),SBST,83818,103.24
ITANHAÉM,3522109,SAO PAULO (AEROPORTO CONGONHAS),SBSP,83780,132.57
ITANHAÉM,3522109,SAO PAULO (CAMPO DE MARTE),SBMT,83779,143.63
ITAÓCA,3522158,CURITIBA,SBBI,83842,95.23
ITAÓCA,3522158,PARANAGUA,SBPG,83844,105.15
ITAÓCA,3522158,CURITIBA (AEROPORTO),SBCT,83840,105.46
ITAPECERICA DA SERRA,3522208,SAO ROQUE,SBRQ,83058,29.38
ITAPECERICA DA SERRA,3522208,SAO PAULO (AEROPORTO CONGONHAS),SBSP,83780,47.74
ITAPECERICA DA SERRA,3522208,SAO PAULO (CAMPO DE MARTE),SBMT,83779,53.76
ITAPETININGA,3522307,SAO ROQUE,SBRQ,83058,103.12
ITAPETININGA,3522307,CAMPINAS (AEROPORTO),SBKP,83721,125.05
ITAPETININGA,3522307,SAO PAULO (AEROPORTO CONGONHAS),SBSP,83780,152.07
ITAPEVA,3522406,CURITIBA,SBBI,83842,169.16
ITAPEVA,3522406,BAURU (AEROPORTO),SBBU,83722,178.4
ITAPEVA,3522406,CURITIBA (AEROPORTO),SBCT,83840,181.1
ITAPEVI,3522505,SAO ROQUE,SBRQ,83058,18.95
ITAPEVI,3522505,SAO PAULO (AEROPORTO CONGONHAS),SBSP,83780,32.28
ITAPEVI,3522505,SAO PAULO (CAMPO DE MARTE),SBMT,83779,32.36
ITAPIRA,3522604,POCOS DE CALDAS (AEROPORTO),SBPC,83644,68.13
ITAPIRA,3522604,CAMPINAS (AEROPORTO),SBKP,83721,72.49
ITAPIRA,3522604,PIRASSUNUNGA,SBYS,83671,76.78
ITAPIRAPUÃ PAULISTA,3522653,CURITIBA,SBBI,83842,92.5
ITAPIRAPUÃ PAULISTA,3522653,CURITIBA (AEROPORTO),SBCT,83840,105.97
ITAPIRAPUÃ PAULISTA,3522653,PONTA GROSSA,SBGS,83837,112.48
ITÁPOLIS,3522703,GAVIAO PEIXOTO,SBGP,-,49.58
ITÁPOLIS,3522703,ARARAQUARA-S,SBAQ,-,76.22
ITÁPOLIS,3522703,BAURU (AEROPORTO),SBBU,83722,89.81
ITAPORANGA,3522802,TELEMACO BORBA,SBTL,-,140.8
ITAPORANGA,3522802,ASSIS - S,SBAS,-,154.01
ITAPORANGA,3522802,BAURU (AEROPORTO),SBBU,83722,155.6
ITAPUÍ,3522901,BAURU (AEROPORTO),SBBU,83722,38.74
ITAPUÍ,3522901,GAVIAO PEIXOTO,SBGP,-,61.77
ITAPUÍ,3522901,ARARAQUARA-S,SBAQ,-,77.28
ITAPURA,3523008,URUBUPUNGA,SBUP,83617,26.45
ITAPURA,3523008,ARACATUBA,SBAU,83672,120.68
ITAPURA,3523008,PRESIDENTE PRUDENTE,SBDN,83716,176.22
ITAQUAQUECETUBA,3523107,SAO JOSE DOS CAMPOS (AEROPORTO),SBSJ,83829,26.14
ITAQUAQUECETUBA,3523107,SAO PAULO (AEROP. DE GUARULHOS),SBGR,83778,39.06
ITAQUAQUECETUBA,3523107,SAO PAULO,SBXP,83781,56.51
ITARARÉ,3523206,TELEMACO BORBA,SBTL,-,139.13
ITARARÉ,3523206,PONTA GROSSA,SBGS,83837,143.26
ITARARÉ,3523206,CURITIBA,SBBI,83842,146.9
ITARIRI,3523305,SAO ROQUE,SBRQ,83058,86
ITARIRI,3523305,SAO PAULO (AEROPORTO CONGONHAS),SBSP,83780,90.29
ITARIRI,3523305,SANTOS (AEROPORTO),SBST,83818,95.43
ITATIBA,3523404,CAMPINAS (AEROPORTO),SBKP,83721,31.49
ITATIBA,3523404,SAO PAULO (AEROP. DE GUARULHOS),SBGR,83778,57.9
ITATIBA,3523404,SAO PAULO,SBXP,83781,58.43
ITATINGA,3523503,BAURU (AEROPORTO),SBBU,83722,103.16
ITATINGA,3523503,SAO CARLOS,SBSA,83726,148.15
ITATINGA,3523503,CAMPINAS (AEROPORTO),SBKP,83721,155.25
ITIRAPINA,3523602,SAO CARLOS,SBSA,83726,30.59
ITIRAPINA,3523602,ARARAQUARA-S,SBAQ,-,62.79
ITIRAPINA,3523602,PIRASSUNUNGA,SBYS,83671,63.86
ITIRAPUÃ,3523701,FRANCA,SBFC,83630,28.42
ITIRAPUÃ,3523701,RIBEIRAO PRETO,SBRP,83668,80.86
ITIRAPUÃ,3523701,SAO JOSE DA BARRA - MG (AER. FUR,SBFU,-,88.44
ITOBI,3523800,POCOS DE CALDAS (AEROPORTO),SBPC,83644,38.02
ITOBI,3523800,PIRASSUNUNGA,SBYS,83671,47.94
ITOBI,3523800,SAO CARLOS,SBSA,83726,102.41
ITU,3523909,SAO ROQUE,SBRQ,83058,29.05
ITU,3523909,CAMPINAS (AEROPORTO),SBKP,83721,38.19
ITU,3523909,SAO PAULO,SBXP,83781,71.24
ITUPEVA,3524006,CAMPINAS (AEROPORTO),SBKP,83721,14.82
ITUPEVA,3524006,SAO ROQUE,SBRQ,83058,46.49
ITUPEVA,3524006,SAO PAULO,SBXP,83781,60.83
ITUVERAVA,3524105,FRANCA,SBFC,83630,48.44
ITUVERAVA,3524105,UBERABA (AEROPORTO),SBUR,83576,64.39
ITUVERAVA,3524105,BARRETOS,SBBT,83625,86.88
JABORANDI,3524204,BARRETOS,SBBT,83625,20.63
JABORANDI,3524204,RIBEIRAO PRETO,SBRP,83668,85.09
JABORANDI,3524204,FRONTERA-MG,SBFT,-,89.56
JABOTICABAL,3524303,RIBEIRAO PRETO,SBRP,83668,54.79
JABOTICABAL,3524303,GAVIAO PEIXOTO,SBGP,-,62.43
JABOTICABAL,3524303,ARARAQUARA-S,SBAQ,-,66.7
JACAREÍ,3524402,SAO JOSE DOS CAMPOS (AEROPORTO),SBSJ,83829,14.85
JACAREÍ,3524402,SAO PAULO (AEROP. DE GUARULHOS),SBGR,83778,51.12
JACAREÍ,3524402,TAUBATE-SP (BASE AVIACAO TAUBATE,SBTA,-,58.09
JACI,3524501,SAO JOSE DO RIO PRET,SBSR,-,24.96
JACI,3524501,LINS,SBLN,83674,82.38
JACI,3524501,FRONTERA-MG,SBFT,-,85.07
JACUPIRANGA,3524600,PARANAGUA,SBPG,83844,94.96
JACUPIRANGA,3524600,CURITIBA,SBBI,83842,137.18
JACUPIRANGA,3524600,CURITIBA (AEROPORTO),SBCT,83840,139.41
JAGUARIÚNA,3524709,CAMPINAS (AEROPORTO),SBKP,83721,37.2
JAGUARIÚNA,3524709,PIRASSUNUNGA,SBYS,83671,85.46
JAGUARIÚNA,3524709,SAO ROQUE,SBRQ,83058,93.89
JALES,3524808,ARACATUBA,SBAU,83672,94.83
JALES,3524808,URUBUPUNGA,SBUP,83617,120.25
JALES,3524808,SAO JOSE DO RIO PRET,SBSR,-,133.14
JAMBEIRO,3524907,SAO JOSE DOS CAMPOS (AEROPORTO),SBSJ,83829,17.51
JAMBEIRO,3524907,TAUBATE-SP (BASE AVIACAO TAUBATE,SBTA,-,35.84
JAMBEIRO,3524907,PINDAMONHANGABA,SBPW,83706,42.45
JANDIRA,3525003,SAO ROQUE,SBRQ,83058,22.95
JANDIRA,3525003,SAO PAULO (CAMPO DE MARTE),SBMT,83779,28.29
JANDIRA,3525003,SAO PAULO (AEROPORTO CONGONHAS),SBSP,83780,28.46
JARDINÓPOLIS,3525102,RIBEIRAO PRETO,SBRP,83668,15.25
JARDINÓPOLIS,3525102,FRANCA,SBFC,83630,61.73
JARDINÓPOLIS,3525102,BARRETOS,SBBT,83625,92.63
JARINU,3525201,CAMPINAS (AEROPORTO),SBKP,83721,42.74
JARINU,3525201,SAO PAULO (AEROP. DE GUARULHOS),SBGR,83778,42.91
JARINU,3525201,SAO PAULO,SBXP,83781,44.58
JAÚ,3525300,BAURU (AEROPORTO),SBBU,83722,52.9
JAÚ,3525300,GAVIAO PEIXOTO,SBGP,-,60.75
JAÚ,3525300,ARARAQUARA-S,SBAQ,-,70.59
JERIQUARA,3525409,FRANCA,SBFC,83630,30.18
JERIQUARA,3525409,UBERABA (AEROPORTO),SBUR,83576,76.15
JERIQUARA,3525409,RIBEIRAO PRETO,SBRP,83668,89.08
JOANÓPOLIS,3525508,SAO JOSE DOS CAMPOS (AEROPORTO),SBSJ,83829,46.73
JOANÓPOLIS,3525508,SAO PAULO (AEROP. DE GUARULHOS),SBGR,83778,59.74
JOANÓPOLIS,3525508,TAUBATE-SP (BASE AVIACAO TAUBATE,SBTA,-,73.35
JOÃO RAMALHO,3525607,ASSIS - S,SBAS,-,53
JOÃO RAMALHO,3525607,PRESIDENTE PRUDENTE,SBDN,83716,65.92
JOÃO RAMALHO,3525607,MARILHA - SP,SBML,-,91.08
JOSÉ BONIFÁCIO,3525706,SAO JOSE DO RIO PRET,SBSR,-,50.86
JOSÉ BONIFÁCIO,3525706,LINS,SBLN,83674,64.6
JOSÉ BONIFÁCIO,3525706,ARACATUBA,SBAU,83672,67.67
JÚLIO MESQUITA,3525805,MARILHA - SP,SBML,-,26.45
JÚLIO MESQUITA,3525805,LINS,SBLN,83674,33.98
JÚLIO MESQUITA,3525805,BAURU (AEROPORTO),SBBU,83722,83.95
JUMIRIM,3525854,CAMPINAS (AEROPORTO),SBKP,83721,69.01
JUMIRIM,3525854,SAO ROQUE,SBRQ,83058,82.55
JUMIRIM,3525854,SAO CARLOS,SBSA,83726,120.3
JUNDIAÍ,3525904,CAMPINAS (AEROPORTO),SBKP,83721,27.14
JUNDIAÍ,3525904,SAO ROQUE,SBRQ,83058,39.99
JUNDIAÍ,3525904,SAO PAULO,SBXP,83781,48.5
JUNQUEIRÓPOLIS,3526001,URUBUPUNGA,SBUP,83617,73.66
JUNQUEIRÓPOLIS,3526001,PRESIDENTE PRUDENTE,SBDN,83716,81.14
JUNQUEIRÓPOLIS,3526001,ARACATUBA,SBAU,83672,110.01
JUQUIÁ,3526100,SAO ROQUE,SBRQ,83058,93.98
JUQUIÁ,3526100,SAO PAULO (AEROPORTO CONGONHAS),SBSP,83780,122.84
JUQUIÁ,3526100,SAO PAULO (CAMPO DE MARTE),SBMT,83779,130
JUQUITIBA,3526209,SAO ROQUE,SBRQ,83058,49.47
JUQUITIBA,3526209,SAO PAULO (AEROPORTO CONGONHAS),SBSP,83780,55.07
JUQUITIBA,3526209,SAO PAULO (CAMPO DE MARTE),SBMT,83779,63.82
LAGOINHA,3526308,TAUBATE-SP (BASE AVIACAO TAUBATE,SBTA,-,30.66
LAGOINHA,3526308,PINDAMONHANGABA,SBPW,83706,30.86
LAGOINHA,3526308,GUARATINGUETA (AEROPORTO),SBGW,83708,35.36
LARANJAL PAULISTA,3526407,CAMPINAS (AEROPORTO),SBKP,83721,76.43
LARANJAL PAULISTA,3526407,SAO ROQUE,SBRQ,83058,94.46
LARANJAL PAULISTA,3526407,SAO CARLOS,SBSA,83726,111.05
LAVÍNIA,3526506,ARACATUBA,SBAU,83672,62.61
LAVÍNIA,3526506,URUBUPUNGA,SBUP,83617,67.74
LAVÍNIA,3526506,PRESIDENTE PRUDENTE,SBDN,83716,122
LAVRINHAS,3526605,RESENDE,SBRS,83738,37.18
LAVRINHAS,3526605,GUARATINGUETA (AEROPORTO),SBGW,83708,45.56
LAVRINHAS,3526605,PINDAMONHANGABA,SBPW,83706,81.7
LEME,3526704,PIRASSUNUNGA,SBYS,83671,22.44
LEME,3526704,SAO CARLOS,SBSA,83726,57.4
LEME,3526704,POCOS DE CALDAS (AEROPORTO),SBPC,83644,86.78
LENÇÓIS PAULISTA,3526803,BAURU (AEROPORTO),SBBU,83722,46.83
LENÇÓIS PAULISTA,3526803,GAVIAO PEIXOTO,SBGP,-,109.84
LENÇÓIS PAULISTA,3526803,ARARAQUARA-S,SBAQ,-,120.88
LIMEIRA,3526902,CAMPINAS (AEROPORTO),SBKP,83721,53.93
LIMEIRA,3526902,PIRASSUNUNGA,SBYS,83671,66.61
LIMEIRA,3526902,SAO CARLOS,SBSA,83726,80.47
LINDÓIA,3527009,CAMPINAS (AEROPORTO),SBKP,83721,70.86
LINDÓIA,3527009,POCOS DE CALDAS (AEROPORTO),SBPC,83644,74.39
LINDÓIA,3527009,PIRASSUNUNGA,SBYS,83671,89.58
LINS,3527108,LINS,SBLN,83674,7.2
LINS,3527108,MARILHA - SP,SBML,-,63.75
LINS,3527108,ARACATUBA,SBAU,83672,96.53
LORENA,3527207,GUARATINGUETA (AEROPORTO),SBGW,83708,14.64
LORENA,3527207,PINDAMONHANGABA,SBPW,83706,47.36
LORENA,3527207,TAUBATE-SP (BASE AVIACAO TAUBATE,SBTA,-,52.25
LOURDES,3527256,ARACATUBA,SBAU,83672,28.82
LOURDES,3527256,SAO JOSE DO RIO PRET,SBSR,-,87.79
LOURDES,3527256,LINS,SBLN,83674,94.15
LOUVEIRA,3527306,CAMPINAS (AEROPORTO),SBKP,83721,21.12
LOUVEIRA,3527306,SAO ROQUE,SBRQ,83058,51.87
LOUVEIRA,3527306,SAO PAULO,SBXP,83781,56.26
LUCÉLIA,3527405,PRESIDENTE PRUDENTE,SBDN,83716,74.69
LUCÉLIA,3527405,ARACATUBA,SBAU,83672,81.65
LUCÉLIA,3527405,URUBUPUNGA,SBUP,83617,111.5
LUCIANÓPOLIS,3527504,MARILHA - SP,SBML,-,49.95
LUCIANÓPOLIS,3527504,BAURU (AEROPORTO),SBBU,83722,52.51
LUCIANÓPOLIS,3527504,LINS,SBLN,83674,91.68
LUÍS ANTÔNIO,3527603,ARARAQUARA-S,SBAQ,-,45.14
LUÍS ANTÔNIO,3527603,RIBEIRAO PRETO,SBRP,83668,48.14
LUÍS ANTÔNIO,3527603,SAO CARLOS,SBSA,83726,52.72
LUIZIÂNIA,3527702,ARACATUBA,SBAU,83672,61.06
LUIZIÂNIA,3527702,LINS,SBLN,83674,61.77
LUIZIÂNIA,3527702,MARILHA - SP,SBML,-,71.52
LUPÉRCIO,3527801,MARILHA - SP,SBML,-,29.51
LUPÉRCIO,3527801,ASSIS - S,SBAS,-,69.17
LUPÉRCIO,3527801,BAURU (AEROPORTO),SBBU,83722,77.37
LUTÉCIA,3527900,ASSIS - S,SBAS,-,34.46
LUTÉCIA,3527900,MARILHA - SP,SBML,-,50.41
LUTÉCIA,3527900,LINS,SBLN,83674,97.94
MACATUBA,3528007,BAURU (AEROPORTO),SBBU,83722,41.11
MACATUBA,3528007,GAVIAO PEIXOTO,SBGP,-,86.37
MACATUBA,3528007,ARARAQUARA-S,SBAQ,-,97.53
MACAUBAL,3528106,ARACATUBA,SBAU,83672,57.4
MACAUBAL,3528106,SAO JOSE DO RIO PRET,SBSR,-,59.82
MACAUBAL,3528106,LINS,SBLN,83674,95.39
MACEDÔNIA,3528205,FRONTERA-MG,SBFT,-,106.46
MACEDÔNIA,3528205,SAO JOSE DO RIO PRET,SBSR,-,112.84
MACEDÔNIA,3528205,ARACATUBA,SBAU,83672,117.72
MAGDA,3528304,ARACATUBA,SBAU,83672,62.83
MAGDA,3528304,SAO JOSE DO RIO PRET,SBSR,-,89.18
MAGDA,3528304,FRONTERA-MG,SBFT,-,114.89
MAIRINQUE,3528403,SAO ROQUE,SBRQ,83058,9.97
MAIRINQUE,3528403,CAMPINAS (AEROPORTO),SBKP,83721,59.37
MAIRINQUE,3528403,SAO PAULO (AEROPORTO CONGONHAS),SBSP,83780,60.77
MAIRIPORÃ,3528502,SAO PAULO (AEROP. DE GUARULHOS),SBGR,83778,15.67
MAIRIPORÃ,3528502,SAO PAULO,SBXP,83781,24.99
MAIRIPORÃ,3528502,SAO PAULO (CAMPO DE MARTE),SBMT,83779,27.07
MANDURI,3528601,BAURU (AEROPORTO),SBBU,83722,84.51
MANDURI,3528601,MARILHA - SP,SBML,-,115.43
MANDURI,3528601,ASSIS - S,SBAS,-,126.31
MARABÁ PAULISTA,3528700,PRESIDENTE PRUDENTE,SBDN,83716,64.72
MARABÁ PAULISTA,3528700,MARINGA,SBMG,83767,150.42
MARABÁ PAULISTA,3528700,URUBUPUNGA,SBUP,83617,155.96
MARACAÍ,3528809,ASSIS - S,SBAS,-,30.4
MARACAÍ,3528809,LONDRINA (AEROPORTO),SBLO,83768,83.6
MARACAÍ,3528809,PRESIDENTE PRUDENTE,SBDN,83716,87.79
MARAPOAMA,3528858,SAO JOSE DO RIO PRET,SBSR,-,57.38
MARAPOAMA,3528858,LINS,SBLN,83674,78.21
MARAPOAMA,3528858,BARRETOS,SBBT,83625,93.7
MARIÁPOLIS,3528908,PRESIDENTE PRUDENTE,SBDN,83716,51.72
MARIÁPOLIS,3528908,ARACATUBA,SBAU,83672,105.57
MARIÁPOLIS,3528908,URUBUPUNGA,SBUP,83617,116.54
MARÍLIA,3529005,MARILHA - SP,SBML,-,6.41
MARÍLIA,3529005,LINS,SBLN,83674,61.34
MARÍLIA,3529005,ASSIS - S,SBAS,-,69.57
MARINÓPOLIS,3529104,ARACATUBA,SBAU,83672,83.29
MARINÓPOLIS,3529104,URUBUPUNGA,SBUP,83617,84.93
MARINÓPOLIS,3529104,SAO JOSE DO RIO PRET,SBSR,-,152.86
MARTINÓPOLIS,3529203,PRESIDENTE PRUDENTE,SBDN,83716,31.66
MARTINÓPOLIS,3529203,ASSIS - S,SBAS,-,85.81
MARTINÓPOLIS,3529203,MARILHA - SP,SBML,-,123.83
MATÃO,3529302,GAVIAO PEIXOTO,SBGP,-,18.05
MATÃO,3529302,ARARAQUARA-S,SBAQ,-,37.45
MATÃO,3529302,SAO CARLOS,SBSA,83726,73.56
MAUÁ,3529401,SAO PAULO (AEROP. DE GUARULHOS),SBGR,83778,4.3
MAUÁ,3529401,SAO PAULO,SBXP,83781,14.38
MAUÁ,3529401,SAO PAULO (CAMPO DE MARTE),SBMT,83779,15.9
MENDONÇA,3529500,SAO JOSE DO RIO PRET,SBSR,-,47.8
MENDONÇA,3529500,LINS,SBLN,83674,55.52
MENDONÇA,3529500,ARACATUBA,SBAU,83672,89.89
MERIDIANO,3529609,ARACATUBA,SBAU,83672,85.15
MERIDIANO,3529609,SAO JOSE DO RIO PRET,SBSR,-,93.2
MERIDIANO,3529609,FRONTERA-MG,SBFT,-,105.74
MESÓPOLIS,3529658,ARACATUBA,SBAU,83672,132
MESÓPOLIS,3529658,URUBUPUNGA,SBUP,83617,136.41
MESÓPOLIS,3529658,FRONTERA-MG,SBFT,-,154.6
MIGUELÓPOLIS,3529708,UBERABA (AEROPORTO),SBUR,83576,48.22
MIGUELÓPOLIS,3529708,BARRETOS,SBBT,83625,67.78
MIGUELÓPOLIS,3529708,FRANCA,SBFC,83630,82.96
MINEIROS DO TIETÊ,3529807,BAURU (AEROPORTO),SBBU,83722,67.38
MINEIROS DO TIETÊ,3529807,SAO CARLOS,SBSA,83726,75.95
MINEIROS DO TIETÊ,3529807,GAVIAO PEIXOTO,SBGP,-,76.99
MIRACATU,3529906,SAO ROQUE,SBRQ,83058,80.1
MIRACATU,3529906,SAO PAULO (AEROPORTO CONGONHAS),SBSP,83780,100.63
MIRACATU,3529906,SAO PAULO (CAMPO DE MARTE),SBMT,83779,108.8
MIRA ESTRELA,3530003,FRONTERA-MG,SBFT,-,105
MIRA ESTRELA,3530003,SAO JOSE DO RIO PRET,SBSR,-,120.75
MIRA ESTRELA,3530003,ARACATUBA,SBAU,83672,134.91
MIRANDÓPOLIS,3530102,URUBUPUNGA,SBUP,83617,55.31
MIRANDÓPOLIS,3530102,ARACATUBA,SBAU,83672,72.88
MIRANDÓPOLIS,3530102,PRESIDENTE PRUDENTE,SBDN,83716,126.06
MIRANTE DO PARANAPANEMA,3530201,PRESIDENTE PRUDENTE,SBDN,83716,61.38
MIRANTE DO PARANAPANEMA,3530201,MARINGA,SBMG,83767,125.71
MIRANTE DO PARANAPANEMA,3530201,LONDRINA (AEROPORTO),SBLO,83768,140.47
MIRASSOL,3530300,SAO JOSE DO RIO PRET,SBSR,-,12.18
MIRASSOL,3530300,FRONTERA-MG,SBFT,-,68.02
MIRASSOL,3530300,BARRETOS,SBBT,83625,98.59
MIRASSOLÂNDIA,3530409,SAO JOSE DO RIO PRET,SBSR,-,24.23
MIRASSOLÂNDIA,3530409,FRONTERA-MG,SBFT,-,47.74
MIRASSOLÂNDIA,3530409,BARRETOS,SBBT,83625,92.42
MOCOCA,3530508,PIRASSUNUNGA,SBYS,83671,65.11
MOCOCA,3530508,POCOS DE CALDAS (AEROPORTO),SBPC,83644,65.38
MOCOCA,3530508,RIBEIRAO PRETO,SBRP,83668,84.7
MOGI DAS CRUZES,3530607,SAO PAULO (AEROP. DE GUARULHOS),SBGR,83778,32.5
MOGI DAS CRUZES,3530607,SANTOS (AEROPORTO),SBST,83818,39.37
MOGI DAS CRUZES,3530607,SAO PAULO (CAMPO DE MARTE),SBMT,83779,43.33
MOGI GUAÇU,3530706,PIRASSUNUNGA,SBYS,83671,41.68
MOGI GUAÇU,3530706,POCOS DE CALDAS (AEROPORTO),SBPC,83644,63.9
MOGI GUAÇU,3530706,CAMPINAS (AEROPORTO),SBKP,83721,85.74
MOJI MIRIM,3530805,CAMPINAS (AEROPORTO),SBKP,83721,62.58
MOJI MIRIM,3530805,PIRASSUNUNGA,SBYS,83671,64.14
MOJI MIRIM,3530805,POCOS DE CALDAS (AEROPORTO),SBPC,83644,79.12
MOMBUCA,3530904,CAMPINAS (AEROPORTO),SBKP,83721,49.9
MOMBUCA,3530904,SAO ROQUE,SBRQ,83058,80.96
MOMBUCA,3530904,SAO CARLOS,SBSA,83726,106.24
MONÇÕES,3531001,ARACATUBA,SBAU,83672,47.12
MONÇÕES,3531001,SAO JOSE DO RIO PRET,SBSR,-,70.94
MONÇÕES,3531001,LINS,SBLN,83674,96.24
MONGAGUÁ,3531100,SANTOS (AEROPORTO),SBST,83818,131.94
MONGAGUÁ,3531100,SAO PAULO (AEROPORTO CONGONHAS),SBSP,83780,174.85
MONGAGUÁ,3531100,SAO PAULO (CAMPO DE MARTE),SBMT,83779,184.81
MONTE ALEGRE DO SUL,3531209,CAMPINAS (AEROPORTO),SBKP,83721,56.89
MONTE ALEGRE DO SUL,3531209,SAO PAULO (AEROP. DE GUARULHOS),SBGR,83778,82.48
MONTE ALEGRE DO SUL,3531209,SAO PAULO,SBXP,83781,88.96
MONTE ALTO,3531308,GAVIAO PEIXOTO,SBGP,-,58.48
MONTE ALTO,3531308,ARARAQUARA-S,SBAQ,-,73.22
MONTE ALTO,3531308,BARRETOS,SBBT,83625,75.81
MONTE APRAZÍVEL,3531407,SAO JOSE DO RIO PRET,SBSR,-,38.78
MONTE APRAZÍVEL,3531407,FRONTERA-MG,SBFT,-,79.61
MONTE APRAZÍVEL,3531407,ARACATUBA,SBAU,83672,81.46
MONTE AZUL PAULISTA,3531506,BARRETOS,SBBT,83625,37.52
MONTE AZUL PAULISTA,3531506,SAO JOSE DO RIO PRET,SBSR,-,75.7
MONTE AZUL PAULISTA,3531506,FRONTERA-MG,SBFT,-,87.11
MONTE CASTELO,3531605,URUBUPUNGA,SBUP,83617,50.56
MONTE CASTELO,3531605,PRESIDENTE PRUDENTE,SBDN,83716,103.9
MONTE CASTELO,3531605,ARACATUBA,SBAU,83672,119.04
MONTEIRO LOBATO,3531704,SAO JOSE DOS CAMPOS (AEROPORTO),SBSJ,83829,32.1
MONTEIRO LOBATO,3531704,TAUBATE-SP (BASE AVIACAO TAUBATE,SBTA,-,32.97
MONTEIRO LOBATO,3531704,PINDAMONHANGABA,SBPW,83706,33.57
MONTE MOR,3531803,CAMPINAS (AEROPORTO),SBKP,83721,21.34
MONTE MOR,3531803,SAO ROQUE,SBRQ,83058,59.42
MONTE MOR,3531803,SAO PAULO,SBXP,83781,89.78
MORRO AGUDO,3531902,BARRETOS,SBBT,83625,48.01
MORRO AGUDO,3531902,RIBEIRAO PRETO,SBRP,83668,62.3
MORRO AGUDO,3531902,FRANCA,SBFC,83630,76.29
MORUNGABA,3532009,CAMPINAS (AEROPORTO),SBKP,83721,34.64
MORUNGABA,3532009,SAO PAULO (AEROP. DE GUARULHOS),SBGR,83778,66.8
MORUNGABA,3532009,SAO PAULO,SBXP,83781,69.07
MOTUCA,3532058,ARARAQUARA-S,SBAQ,-,32.34
MOTUCA,3532058,GAVIAO PEIXOTO,SBGP,-,37.34
MOTUCA,3532058,RIBEIRAO PRETO,SBRP,83668,60.05
MURUTINGA DO SUL,3532108,URUBUPUNGA,SBUP,83617,35.41
MURUTINGA DO SUL,3532108,ARACATUBA,SBAU,83672,91.65
MURUTINGA DO SUL,3532108,PRESIDENTE PRUDENTE,SBDN,83716,132.3
NANTES,3532157,PRESIDENTE PRUDENTE,SBDN,83716,51.94
NANTES,3532157,ASSIS - S,SBAS,-,77.08
NANTES,3532157,LONDRINA (AEROPORTO),SBLO,83768,80.94
NARANDIBA,3532207,PRESIDENTE PRUDENTE,SBDN,83716,43.83
NARANDIBA,3532207,LONDRINA (AEROPORTO),SBLO,83768,93.64
NARANDIBA,3532207,LONDRINA,SBXO,83766,97.28
NATIVIDADE DA SERRA,3532306,TAUBATE-SP (BASE AVIACAO TAUBATE,SBTA,-,44.63
NATIVIDADE DA SERRA,3532306,PINDAMONHANGABA,SBPW,83706,50.63
NATIVIDADE DA SERRA,3532306,SAO JOSE DOS CAMPOS (AEROPORTO),SBSJ,83829,54.59
NAZARÉ PAULISTA,3532405,SAO PAULO (AEROP. DE GUARULHOS),SBGR,83778,26.18
NAZARÉ PAULISTA,3532405,SAO PAULO,SBXP,83781,41.95
NAZARÉ PAULISTA,3532405,SAO PAULO (CAMPO DE MARTE),SBMT,83779,43.7
NEVES PAULISTA,3532504,SAO JOSE DO RIO PRET,SBSR,-,26.69
NEVES PAULISTA,3532504,FRONTERA-MG,SBFT,-,81.7
NEVES PAULISTA,3532504,ARACATUBA,SBAU,83672,86.4
NHANDEARA,3532603,ARACATUBA,SBAU,83672,64.51
NHANDEARA,3532603,SAO JOSE DO RIO PRET,SBSR,-,68.86
NHANDEARA,3532603,FRONTERA-MG,SBFT,-,100.41
NIPOÃ,3532702,SAO JOSE DO RIO PRET,SBSR,-,40.79
NIPOÃ,3532702,ARACATUBA,SBAU,83672,72.52
NIPOÃ,3532702,LINS,SBLN,83674,86.91
NOVA ALIANÇA,3532801,SAO JOSE DO RIO PRET,SBSR,-,31.66
NOVA ALIANÇA,3532801,LINS,SBLN,83674,71.69
NOVA ALIANÇA,3532801,FRONTERA-MG,SBFT,-,93.85
NOVA CAMPINA,3532827,CURITIBA,SBBI,83842,136.97
NOVA CAMPINA,3532827,CURITIBA (AEROPORTO),SBCT,83840,149.17
NOVA CAMPINA,3532827,PARANAGUA,SBPG,83844,154.74
NOVA CANAÃ PAULISTA,3532843,URUBUPUNGA,SBUP,83617,83.28
NOVA CANAÃ PAULISTA,3532843,ARACATUBA,SBAU,83672,97.91
NOVA CANAÃ PAULISTA,3532843,SAO JOSE DO RIO PRET,SBSR,-,164.39
NOVA CASTILHO,3532868,ARACATUBA,SBAU,83672,40
NOVA CASTILHO,3532868,SAO JOSE DO RIO PRET,SBSR,-,98.24
NOVA CASTILHO,3532868,LINS,SBLN,83674,116.67
NOVA EUROPA,3532900,GAVIAO PEIXOTO,SBGP,-,15.63
NOVA EUROPA,3532900,ARARAQUARA-S,SBAQ,-,43.6
NOVA EUROPA,3532900,SAO CARLOS,SBSA,83726,75.45
NOVA GRANADA,3533007,FRONTERA-MG,SBFT,-,26.87
NOVA GRANADA,3533007,SAO JOSE DO RIO PRET,SBSR,-,36.7
NOVA GRANADA,3533007,BARRETOS,SBBT,83625,76.89
NOVA GUATAPORANGA,3533106,URUBUPUNGA,SBUP,83617,58.54
NOVA GUATAPORANGA,3533106,PRESIDENTE PRUDENTE,SBDN,83716,97.98
NOVA GUATAPORANGA,3533106,ARACATUBA,SBAU,83672,127.72
NOVA INDEPENDÊNCIA,3533205,URUBUPUNGA,SBUP,83617,37.94
NOVA INDEPENDÊNCIA,3533205,ARACATUBA,SBAU,83672,111.53
NOVA INDEPENDÊNCIA,3533205,PRESIDENTE PRUDENTE,SBDN,83716,116.36
NOVAIS,3533254,SAO JOSE DO RIO PRET,SBSR,-,54.62
NOVAIS,3533254,BARRETOS,SBBT,83625,55.67
NOVAIS,3533254,FRONTERA-MG,SBFT,-,83.26
NOVA LUZITÂNIA,3533304,ARACATUBA,SBAU,83672,34.09
NOVA LUZITÂNIA,3533304,SAO JOSE DO RIO PRET,SBSR,-,88.5
NOVA LUZITÂNIA,3533304,LINS,SBLN,83674,102.36
NOVA ODESSA,3533403,CAMPINAS (AEROPORTO),SBKP,83721,31.39
NOVA ODESSA,3533403,SAO ROQUE,SBRQ,83058,85.46
NOVA ODESSA,3533403,PIRASSUNUNGA,SBYS,83671,88.83
NOVO HORIZONTE,3533502,LINS,SBLN,83674,53.16
NOVO HORIZONTE,3533502,SAO JOSE DO RIO PRET,SBSR,-,75.34
NOVO HORIZONTE,3533502,BAURU (AEROPORTO),SBBU,83722,97.18
NUPORANGA,3533601,FRANCA,SBFC,83630,34.12
NUPORANGA,3533601,RIBEIRAO PRETO,SBRP,83668,46.51
NUPORANGA,3533601,BARRETOS,SBBT,83625,91.54
OCAUÇU,3533700,MARILHA - SP,SBML,-,28.76
OCAUÇU,3533700,ASSIS - S,SBAS,-,56.82
OCAUÇU,3533700,LINS,SBLN,83674,87.56
ÓLEO,3533809,BAURU (AEROPORTO),SBBU,83722,77.58
ÓLEO,3533809,MARILHA - SP,SBML,-,102.21
ÓLEO,3533809,ASSIS - S,SBAS,-,115.08
OLÍMPIA,3533908,BARRETOS,SBBT,83625,40.04
OLÍMPIA,3533908,SAO JOSE DO RIO PRET,SBSR,-,46.87
OLÍMPIA,3533908,FRONTERA-MG,SBFT,-,52.51
ONDA VERDE,3534005,SAO JOSE DO RIO PRET,SBSR,-,25.9
ONDA VERDE,3534005,FRONTERA-MG,SBFT,-,38.16
ONDA VERDE,3534005,BARRETOS,SBBT,83625,67.26
ORIENTE,3534104,MARILHA - SP,SBML,-,18.42
ORIENTE,3534104,LINS,SBLN,83674,63.33
ORIENTE,3534104,ASSIS - S,SBAS,-,65.48
ORINDIÚVA,3534203,FRONTERA-MG,SBFT,-,20.27
ORINDIÚVA,3534203,SAO JOSE DO RIO PRET,SBSR,-,66.49
ORINDIÚVA,3534203,BARRETOS,SBBT,83625,89.26
ORLÂNDIA,3534302,RIBEIRAO PRETO,SBRP,83668,48.93
ORLÂNDIA,3534302,FRANCA,SBFC,83630,51.18
ORLÂNDIA,3534302,BARRETOS,SBBT,83625,73.49
OSASCO,3534401,SAO PAULO (CAMPO DE MARTE),SBMT,83779,4.14
OSASCO,3534401,SAO PAULO,SBXP,83781,6.22
OSASCO,3534401,SAO PAULO (AEROPORTO CONGONHAS),SBSP,83780,7.89
OSCAR BRESSANE,3534500,MARILHA - SP,SBML,-,37.14
OSCAR BRESSANE,3534500,ASSIS - S,SBAS,-,41.98
OSCAR BRESSANE,3534500,LINS,SBLN,83674,87.18
OSVALDO CRUZ,3534609,PRESIDENTE PRUDENTE,SBDN,83716,75.83
OSVALDO CRUZ,3534609,ARACATUBA,SBAU,83672,81.4
OSVALDO CRUZ,3534609,ASSIS - S,SBAS,-,108.66
OURINHOS,3534708,ASSIS - S,SBAS,-,70.97
OURINHOS,3534708,MARILHA - SP,SBML,-,86.13
OURINHOS,3534708,BAURU (AEROPORTO),SBBU,83722,106.7
OUROESTE,3534757,FRONTERA-MG,SBFT,-,133.77
OUROESTE,3534757,ARACATUBA,SBAU,83672,134.23
OUROESTE,3534757,SAO JOSE DO RIO PRET,SBSR,-,143
OURO VERDE,3534807,URUBUPUNGA,SBUP,83617,80.67
OURO VERDE,3534807,PRESIDENTE PRUDENTE,SBDN,83716,81.01
OURO VERDE,3534807,ARACATUBA,SBAU,83672,141.64
PACAEMBU,3534906,PRESIDENTE PRUDENTE,SBDN,83716,77.84
PACAEMBU,3534906,URUBUPUNGA,SBUP,83617,83.15
PACAEMBU,3534906,ARACATUBA,SBAU,83672,96.42
PALESTINA,3535002,FRONTERA-MG,SBFT,-,33.43
PALESTINA,3535002,SAO JOSE DO RIO PRET,SBSR,-,54.2
PALESTINA,3535002,BARRETOS,SBBT,83625,97.84
PALMARES PAULISTA,3535101,BARRETOS,SBBT,83625,63.29
PALMARES PAULISTA,3535101,SAO JOSE DO RIO PRET,SBSR,-,68.07
PALMARES PAULISTA,3535101,GAVIAO PEIXOTO,SBGP,-,86.32
PALMEIRA D'OESTE,3535200,ARACATUBA,SBAU,83672,83.64
PALMEIRA D'OESTE,3535200,URUBUPUNGA,SBUP,83617,94.48
PALMEIRA D'OESTE,3535200,SAO JOSE DO RIO PRET,SBSR,-,145.93
PALMITAL,3535309,ASSIS - S,SBAS,-,32.28
PALMITAL,3535309,MARILHA - SP,SBML,-,78.48
PALMITAL,3535309,LONDRINA (AEROPORTO),SBLO,83768,106.99
PANORAMA,3535408,URUBUPUNGA,SBUP,83617,79.46
PANORAMA,3535408,PRESIDENTE PRUDENTE,SBDN,83716,91.13
PANORAMA,3535408,ARACATUBA,SBAU,83672,152.38
PARAGUAÇU PAULISTA,3535507,ASSIS - S,SBAS,-,26.29
PARAGUAÇU PAULISTA,3535507,MARILHA - SP,SBML,-,79.09
PARAGUAÇU PAULISTA,3535507,PRESIDENTE PRUDENTE,SBDN,83716,88.23
PARAIBUNA,3535606,SAO JOSE DOS CAMPOS (AEROPORTO),SBSJ,83829,36.88
PARAIBUNA,3535606,TAUBATE-SP (BASE AVIACAO TAUBATE,SBTA,-,51.91
PARAIBUNA,3535606,PINDAMONHANGABA,SBPW,83706,58.89
PARAÍSO,3535705,BARRETOS,SBBT,83625,51.4
PARAÍSO,3535705,SAO JOSE DO RIO PRET,SBSR,-,70.18
PARAÍSO,3535705,GAVIAO PEIXOTO,SBGP,-,92
PARANAPANEMA,3535804,BAURU (AEROPORTO),SBBU,83722,127.49
PARANAPANEMA,3535804,SAO ROQUE,SBRQ,83058,171.08
PARANAPANEMA,3535804,CAMPINAS (AEROPORTO),SBKP,83721,177.98
PARANAPUÃ,3535903,ARACATUBA,SBAU,83672,119.48
PARANAPUÃ,3535903,URUBUPUNGA,SBUP,83617,130.63
PARANAPUÃ,3535903,SAO JOSE DO RIO PRET,SBSR,-,148.53
PARAPUÃ,3536000,PRESIDENTE PRUDENTE,SBDN,83716,72.51
PARAPUÃ,3536000,ARACATUBA,SBAU,83672,90.02
PARAPUÃ,3536000,ASSIS - S,SBAS,-,94.47
PARDINHO,3536109,BAURU (AEROPORTO),SBBU,83722,113.24
PARDINHO,3536109,CAMPINAS (AEROPORTO),SBKP,83721,130.85
PARDINHO,3536109,SAO CARLOS,SBSA,83726,133.92
PARIQUERA-AÇU,3536208,PARANAGUA,SBPG,83844,115.22
PARIQUERA-AÇU,3536208,SAO ROQUE,SBRQ,83058,148.76
PARIQUERA-AÇU,3536208,CURITIBA,SBBI,83842,160.44
PARISI,3536257,SAO JOSE DO RIO PRET,SBSR,-,88.52
PARISI,3536257,FRONTERA-MG,SBFT,-,89.4
PARISI,3536257,ARACATUBA,SBAU,83672,103.69
PATROCÍNIO PAULISTA,3536307,FRANCA,SBFC,83630,20.09
PATROCÍNIO PAULISTA,3536307,RIBEIRAO PRETO,SBRP,83668,68.01
PATROCÍNIO PAULISTA,3536307,SAO JOSE DA BARRA - MG (AER. FUR,SBFU,-,100.92
PAULICÉIA,3536406,URUBUPUNGA,SBUP,83617,49.8
PAULICÉIA,3536406,PRESIDENTE PRUDENTE,SBDN,83716,115.38
PAULICÉIA,3536406,ARACATUBA,SBAU,83672,141.25
PAULÍNIA,3536505,CAMPINAS (AEROPORTO),SBKP,83721,19.8
PAULÍNIA,3536505,SAO ROQUE,SBRQ,83058,72.56
PAULÍNIA,3536505,SAO PAULO,SBXP,83781,95.23
PAULISTÂNIA,3536570,BAURU (AEROPORTO),SBBU,83722,36.91
PAULISTÂNIA,3536570,MARILHA - SP,SBML,-,76.84
PAULISTÂNIA,3536570,LINS,SBLN,83674,110.26
PAULO DE FARIA,3536604,FRONTERA-MG,SBFT,-,37.91
PAULO DE FARIA,3536604,SAO JOSE DO RIO PRET,SBSR,-,81.83
PAULO DE FARIA,3536604,BARRETOS,SBBT,83625,106.59
PEDERNEIRAS,3536703,BAURU (AEROPORTO),SBBU,83722,23.46
PEDERNEIRAS,3536703,GAVIAO PEIXOTO,SBGP,-,74.49
PEDERNEIRAS,3536703,ARARAQUARA-S,SBAQ,-,92.1
PEDRA BELA,3536802,SAO PAULO (AEROP. DE GUARULHOS),SBGR,83778,71.73
PEDRA BELA,3536802,CAMPINAS (AEROPORTO),SBKP,83721,73.84
PEDRA BELA,3536802,SAO JOSE DOS CAMPOS (AEROPORTO),SBSJ,83829,76.6
PEDRANÓPOLIS,3536901,FRONTERA-MG,SBFT,-,97.11
PEDRANÓPOLIS,3536901,SAO JOSE DO RIO PRET,SBSR,-,98.64
PEDRANÓPOLIS,3536901,ARACATUBA,SBAU,83672,107.57
PEDREGULHO,3537008,FRANCA,SBFC,83630,41.59
PEDREGULHO,3537008,UBERABA (AEROPORTO),SBUR,83576,73.6
PEDREGULHO,3537008,ARAXA-M,SBAX,-,86.14
PEDREIRA,3537107,CAMPINAS (AEROPORTO),SBKP,83721,32.49
PEDREIRA,3537107,SAO PAULO (AEROP. DE GUARULHOS),SBGR,83778,83.45
PEDREIRA,3537107,SAO ROQUE,SBRQ,83058,84.62
PEDRINHAS PAULISTA,3537156,ASSIS - S,SBAS,-,41.57
PEDRINHAS PAULISTA,3537156,LONDRINA (AEROPORTO),SBLO,83768,64.78
PEDRINHAS PAULISTA,3537156,LONDRINA,SBXO,83766,73.65
PEDRO DE TOLEDO,3537206,SAO ROQUE,SBRQ,83058,71.66
PEDRO DE TOLEDO,3537206,SAO PAULO (AEROPORTO CONGONHAS),SBSP,83780,81.27
PEDRO DE TOLEDO,3537206,SAO PAULO (CAMPO DE MARTE),SBMT,83779,90.48
PENÁPOLIS,3537305,ARACATUBA,SBAU,83672,46.17
PENÁPOLIS,3537305,LINS,SBLN,83674,46.37
PENÁPOLIS,3537305,MARILHA - SP,SBML,-,88.06
PEREIRA BARRETO,3537404,URUBUPUNGA,SBUP,83617,50.14
PEREIRA BARRETO,3537404,ARACATUBA,SBAU,83672,86.3
PEREIRA BARRETO,3537404,PRESIDENTE PRUDENTE,SBDN,83716,170.31
PEREIRAS,3537503,CAMPINAS (AEROPORTO),SBKP,83721,88.87
PEREIRAS,3537503,SAO ROQUE,SBRQ,83058,98.32
PEREIRAS,3537503,SAO CARLOS,SBSA,83726,122.83
PERUÍBE,3537602,SAO PAULO (AEROPORTO CONGONHAS),SBSP,83780,83.29
PERUÍBE,3537602,SANTOS (AEROPORTO),SBST,83818,84.83
PERUÍBE,3537602,SAO ROQUE,SBRQ,83058,85.22
PIACATU,3537701,ARACATUBA,SBAU,83672,53.7
PIACATU,3537701,LINS,SBLN,83674,93.08
PIACATU,3537701,MARILHA - SP,SBML,-,100.91
PIEDADE,3537800,SAO ROQUE,SBRQ,83058,43.96
PIEDADE,3537800,SAO PAULO (AEROPORTO CONGONHAS),SBSP,83780,84.37
PIEDADE,3537800,SAO PAULO (CAMPO DE MARTE),SBMT,83779,88.48
PILAR DO SUL,3537909,SAO ROQUE,SBRQ,83058,72.34
PILAR DO SUL,3537909,CAMPINAS (AEROPORTO),SBKP,83721,113.7
PILAR DO SUL,3537909,SAO PAULO (AEROPORTO CONGONHAS),SBSP,83780,114.79
PINDAMONHANGABA,3538006,PINDAMONHANGABA,SBPW,83706,10.04
PINDAMONHANGABA,3538006,TAUBATE-SP (BASE AVIACAO TAUBATE,SBTA,-,17
PINDAMONHANGABA,3538006,GUARATINGUETA (AEROPORTO),SBGW,83708,29.35
PINDORAMA,3538105,SAO JOSE DO RIO PRET,SBSR,-,67.9
PINDORAMA,3538105,BARRETOS,SBBT,83625,77.29
PINDORAMA,3538105,GAVIAO PEIXOTO,SBGP,-,81.98
PINHALZINHO,3538204,CAMPINAS (AEROPORTO),SBKP,83721,74.81
PINHALZINHO,3538204,SAO PAULO (AEROP. DE GUARULHOS),SBGR,83778,83
PINHALZINHO,3538204,SAO JOSE DOS CAMPOS (AEROPORTO),SBSJ,83829,87.26
PIQUEROBI,3538303,PRESIDENTE PRUDENTE,SBDN,83716,47.79
PIQUEROBI,3538303,URUBUPUNGA,SBUP,83617,118.33
PIQUEROBI,3538303,ARACATUBA,SBAU,83672,156.86
PIQUETE,3538501,GUARATINGUETA (AEROPORTO),SBGW,83708,20.1
PIQUETE,3538501,PINDAMONHANGABA,SBPW,83706,52.57
PIQUETE,3538501,TAUBATE-SP (BASE AVIACAO TAUBATE,SBTA,-,59.19
PIRACAIA,3538600,SAO PAULO (AEROP. DE GUARULHOS),SBGR,83778,44.42
PIRACAIA,3538600,SAO JOSE DOS CAMPOS (AEROPORTO),SBSJ,83829,47.82
PIRACAIA,3538600,SAO PAULO,SBXP,83781,59.54
PIRACICABA,3538709,CAMPINAS (AEROPORTO),SBKP,83721,75.26
PIRACICABA,3538709,SAO CARLOS,SBSA,83726,78.81
PIRACICABA,3538709,PIRASSUNUNGA,SBYS,83671,96.94
PIRAJU,3538808,BAURU (AEROPORTO),SBBU,83722,100.97
PIRAJU,3538808,MARILHA - SP,SBML,-,125.42
PIRAJU,3538808,ASSIS - S,SBAS,-,127
PIRAJUÍ,3538907,LINS,SBLN,83674,47.17
PIRAJUÍ,3538907,BAURU (AEROPORTO),SBBU,83722,53.66
PIRAJUÍ,3538907,MARILHA - SP,SBML,-,57.69
PIRANGI,3539004,BARRETOS,SBBT,83625,57.42
PIRANGI,3539004,GAVIAO PEIXOTO,SBGP,-,80.27
PIRANGI,3539004,SAO JOSE DO RIO PRET,SBSR,-,82.71
PIRAPORA DO BOM JESUS,3539103,SAO ROQUE,SBRQ,83058,18.53
PIRAPORA DO BOM JESUS,3539103,SAO PAULO,SBXP,83781,36.53
PIRAPORA DO BOM JESUS,3539103,SAO PAULO (CAMPO DE MARTE),SBMT,83779,37.08
PIRAPOZINHO,3539202,PRESIDENTE PRUDENTE,SBDN,83716,38.65
PIRAPOZINHO,3539202,LONDRINA (AEROPORTO),SBLO,83768,106.6
PIRAPOZINHO,3539202,LONDRINA,SBXO,83766,109.83
PIRASSUNUNGA,3539301,PIRASSUNUNGA,SBYS,83671,7.74
PIRASSUNUNGA,3539301,SAO CARLOS,SBSA,83726,49.59
PIRASSUNUNGA,3539301,ARARAQUARA-S,SBAQ,-,79.43
PIRATININGA,3539400,BAURU (AEROPORTO),SBBU,83722,17.07
PIRATININGA,3539400,MARILHA - SP,SBML,-,79.84
PIRATININGA,3539400,LINS,SBLN,83674,101.88
PITANGUEIRAS,3539509,RIBEIRAO PRETO,SBRP,83668,51.48
PITANGUEIRAS,3539509,BARRETOS,SBBT,83625,59.65
PITANGUEIRAS,3539509,GAVIAO PEIXOTO,SBGP,-,86.39
PLANALTO,3539608,ARACATUBA,SBAU,83672,53.02
PLANALTO,3539608,SAO JOSE DO RIO PRET,SBSR,-,60.16
PLANALTO,3539608,LINS,SBLN,83674,77.21
PLATINA,3539707,ASSIS - S,SBAS,-,24.36
PLATINA,3539707,MARILHA - SP,SBML,-,57.96
PLATINA,3539707,LINS,SBLN,83674,116.44
POÁ,3539806,SAO PAULO (AEROP. DE GUARULHOS),SBGR,83778,17.91
POÁ,3539806,SAO PAULO (CAMPO DE MARTE),SBMT,83779,27.94
POÁ,3539806,SAO PAULO,SBXP,83781,28.16
POLONI,3539905,SAO JOSE DO RIO PRET,SBSR,-,43.69
POLONI,3539905,ARACATUBA,SBAU,83672,76.25
POLONI,3539905,FRONTERA-MG,SBFT,-,84.62
POMPÉIA,3540002,MARILHA - SP,SBML,-,32.29
POMPÉIA,3540002,LINS,SBLN,83674,60.34
POMPÉIA,3540002,ASSIS - S,SBAS,-,72.01
PONGAÍ,3540101,LINS,SBLN,83674,40.95
PONGAÍ,3540101,BAURU (AEROPORTO),SBBU,83722,72.11
PONGAÍ,3540101,MARILHA - SP,SBML,-,76.56
PONTAL,3540200,RIBEIRAO PRETO,SBRP,83668,33.89
PONTAL,3540200,BARRETOS,SBBT,83625,71.74
PONTAL,3540200,FRANCA,SBFC,83630,79.7
PONTALINDA,3540259,ARACATUBA,SBAU,83672,76.31
PONTALINDA,3540259,URUBUPUNGA,SBUP,83617,115.58
PONTALINDA,3540259,SAO JOSE DO RIO PRET,SBSR,-,123.34
PONTES GESTAL,3540309,FRONTERA-MG,SBFT,-,61.27
PONTES GESTAL,3540309,SAO JOSE DO RIO PRET,SBSR,-,78.82
PONTES GESTAL,3540309,ARACATUBA,SBAU,83672,127.26
POPULINA,3540408,ARACATUBA,SBAU,83672,136.29
POPULINA,3540408,FRONTERA-MG,SBFT,-,145.45
POPULINA,3540408,URUBUPUNGA,SBUP,83617,148.19
PORANGABA,3540507,CAMPINAS (AEROPORTO),SBKP,83721,104.01
PORANGABA,3540507,SAO ROQUE,SBRQ,83058,109.13
PORANGABA,3540507,SAO CARLOS,SBSA,83726,130.63
PORTO FELIZ,3540606,CAMPINAS (AEROPORTO),SBKP,83721,48.02
PORTO FELIZ,3540606,SAO ROQUE,SBRQ,83058,51.74
PORTO FELIZ,3540606,SAO PAULO,SBXP,83781,96.33
PORTO FERREIRA,3540705,PIRASSUNUNGA,SBYS,83671,19.14
PORTO FERREIRA,3540705,SAO CARLOS,SBSA,83726,48.01
PORTO FERREIRA,3540705,ARARAQUARA-S,SBAQ,-,70.83
POTIM,3540754,GUARATINGUETA (AEROPORTO),SBGW,83708,11.97
POTIM,3540754,PINDAMONHANGABA,SBPW,83706,25.5
POTIM,3540754,TAUBATE-SP (BASE AVIACAO TAUBATE,SBTA,-,31.94
POTIRENDABA,3540804,SAO JOSE DO RIO PRET,SBSR,-,30.66
POTIRENDABA,3540804,LINS,SBLN,83674,75.8
POTIRENDABA,3540804,FRONTERA-MG,SBFT,-,91.17
PRACINHA,3540853,PRESIDENTE PRUDENTE,SBDN,83716,53.53
PRACINHA,3540853,ARACATUBA,SBAU,83672,102.43
PRACINHA,3540853,ASSIS - S,SBAS,-,109.69
PRADÓPOLIS,3540903,RIBEIRAO PRETO,SBRP,83668,41.21
PRADÓPOLIS,3540903,ARARAQUARA-S,SBAQ,-,50.8
PRADÓPOLIS,3540903,GAVIAO PEIXOTO,SBGP,-,57.34
PRAIA GRANDE,3541000,SANTOS (AEROPORTO),SBST,83818,26.63
PRAIA GRANDE,3541000,SAO PAULO (AEROPORTO CONGONHAS),SBSP,83780,46.66
PRAIA GRANDE,3541000,SAO PAULO (CAMPO DE MARTE),SBMT,83779,57.29
PRATÂNIA,3541059,BAURU (AEROPORTO),SBBU,83722,67.4
PRATÂNIA,3541059,GAVIAO PEIXOTO,SBGP,-,120.53
PRATÂNIA,3541059,SAO CARLOS,SBSA,83726,122.91
PRESIDENTE ALVES,3541109,BAURU (AEROPORTO),SBBU,83722,43.2
PRESIDENTE ALVES,3541109,MARILHA - SP,SBML,-,50.71
PRESIDENTE ALVES,3541109,LINS,SBLN,83674,60.12
PRESIDENTE BERNARDES,3541208,PRESIDENTE PRUDENTE,SBDN,83716,21.23
PRESIDENTE BERNARDES,3541208,ASSIS - S,SBAS,-,133.66
PRESIDENTE BERNARDES,3541208,LONDRINA (AEROPORTO),SBLO,83768,144.27
PRESIDENTE EPITÁCIO,3541307,PRESIDENTE PRUDENTE,SBDN,83716,82.4
PRESIDENTE EPITÁCIO,3541307,URUBUPUNGA,SBUP,83617,138.37
PRESIDENTE EPITÁCIO,3541307,MARINGA,SBMG,83767,175.32
PRESIDENTE PRUDENTE,3541406,PRESIDENTE PRUDENTE,SBDN,83716,20.52
PRESIDENTE PRUDENTE,3541406,ASSIS - S,SBAS,-,113.51
PRESIDENTE PRUDENTE,3541406,ARACATUBA,SBAU,83672,135.99
PRESIDENTE VENCESLAU,3541505,PRESIDENTE PRUDENTE,SBDN,83716,60.2
PRESIDENTE VENCESLAU,3541505,URUBUPUNGA,SBUP,83617,113.96
PRESIDENTE VENCESLAU,3541505,ARACATUBA,SBAU,83672,163.43
PROMISSÃO,3541604,LINS,SBLN,83674,20.45
PROMISSÃO,3541604,ARACATUBA,SBAU,83672,72.67
PROMISSÃO,3541604,MARILHA - SP,SBML,-,73.13
QUADRA,3541653,SAO ROQUE,SBRQ,83058,96.86
QUADRA,3541653,CAMPINAS (AEROPORTO),SBKP,83721,99.61
QUADRA,3541653,SAO CARLOS,SBSA,83726,143.31
QUATÁ,3541703,ASSIS - S,SBAS,-,51.25
QUATÁ,3541703,MARILHA - SP,SBML,-,74.62
QUATÁ,3541703,PRESIDENTE PRUDENTE,SBDN,83716,80.95
QUEIROZ,3541802,LINS,SBLN,83674,53.4
QUEIROZ,3541802,MARILHA - SP,SBML,-,54.09
QUEIROZ,3541802,ARACATUBA,SBAU,83672,76.86
QUELUZ,3541901,RESENDE,SBRS,83738,37.4
QUELUZ,3541901,GUARATINGUETA (AEROPORTO),SBGW,83708,49.81
QUELUZ,3541901,PINDAMONHANGABA,SBPW,83706,86.07
QUINTANA,3542008,MARILHA - SP,SBML,-,47.37
QUINTANA,3542008,ASSIS - S,SBAS,-,59.48
QUINTANA,3542008,LINS,SBLN,83674,80.01
RAFARD,3542107,CAMPINAS (AEROPORTO),SBKP,83721,47.95
RAFARD,3542107,SAO ROQUE,SBRQ,83058,71.31
RAFARD,3542107,SAO PAULO,SBXP,83781,111.03
RANCHARIA,3542206,PRESIDENTE PRUDENTE,SBDN,83716,52.84
RANCHARIA,3542206,ASSIS - S,SBAS,-,62.54
RANCHARIA,3542206,MARILHA - SP,SBML,-,104.45
REDENÇÃO DA SERRA,3542305,TAUBATE-SP (BASE AVIACAO TAUBATE,SBTA,-,25.02
REDENÇÃO DA SERRA,3542305,PINDAMONHANGABA,SBPW,83706,31.9
REDENÇÃO DA SERRA,3542305,SAO JOSE DOS CAMPOS (AEROPORTO),SBSJ,83829,35.29
REGENTE FEIJÓ,3542404,PRESIDENTE PRUDENTE,SBDN,83716,13.14
REGENTE FEIJÓ,3542404,ASSIS - S,SBAS,-,99.9
REGENTE FEIJÓ,3542404,LONDRINA (AEROPORTO),SBLO,83768,125.71
REGINÓPOLIS,3542503,BAURU (AEROPORTO),SBBU,83722,49.9
REGINÓPOLIS,3542503,LINS,SBLN,83674,63.41
REGINÓPOLIS,3542503,GAVIAO PEIXOTO,SBGP,-,81.53
REGISTRO,3542602,SAO ROQUE,SBRQ,83058,130.51
REGISTRO,3542602,PARANAGUA,SBPG,83844,133.16
REGISTRO,3542602,SAO PAULO (AEROPORTO CONGONHAS),SBSP,83780,155.8
RESTINGA,3542701,FRANCA,SBFC,83630,11.07
RESTINGA,3542701,RIBEIRAO PRETO,SBRP,83668,59.09
RESTINGA,3542701,UBERABA (AEROPORTO),SBUR,83576,109.06
RIBEIRA,3542800,CURITIBA,SBBI,83842,90.51
RIBEIRA,3542800,CURITIBA (AEROPORTO),SBCT,83840,102.62
RIBEIRA,3542800,PARANAGUA,SBPG,83844,114.3
RIBEIRÃO BONITO,3542909,ARARAQUARA-S,SBAQ,-,29.38
RIBEIRÃO BONITO,3542909,SAO CARLOS,SBSA,83726,32.91
RIBEIRÃO BONITO,3542909,GAVIAO PEIXOTO,SBGP,-,38.96
RIBEIRÃO BRANCO,3543006,CURITIBA,SBBI,83842,135.2
RIBEIRÃO BRANCO,3543006,PARANAGUA,SBPG,83844,143.04
RIBEIRÃO BRANCO,3543006,CURITIBA (AEROPORTO),SBCT,83840,146.07
RIBEIRÃO CORRENTE,3543105,FRANCA,SBFC,83630,21.06
RIBEIRÃO CORRENTE,3543105,RIBEIRAO PRETO,SBRP,83668,77.59
RIBEIRÃO CORRENTE,3543105,UBERABA (AEROPORTO),SBUR,83576,85.88
RIBEIRÃO DO SUL,3543204,ASSIS - S,SBAS,-,55.83
RIBEIRÃO DO SUL,3543204,MARILHA - SP,SBML,-,63.59
RIBEIRÃO DO SUL,3543204,BAURU (AEROPORTO),SBBU,83722,99.82
RIBEIRÃO DOS ÍNDIOS,3543238,PRESIDENTE PRUDENTE,SBDN,83716,46.73
RIBEIRÃO DOS ÍNDIOS,3543238,URUBUPUNGA,SBUP,83617,109.46
RIBEIRÃO DOS ÍNDIOS,3543238,ARACATUBA,SBAU,83672,139.72
RIBEIRÃO GRANDE,3543253,SAO ROQUE,SBRQ,83058,146.09
RIBEIRÃO GRANDE,3543253,PARANAGUA,SBPG,83844,149.19
RIBEIRÃO GRANDE,3543253,CURITIBA,SBBI,83842,161.12
RIBEIRÃO PIRES,3543303,SAO PAULO (AEROPORTO CONGONHAS),SBSP,83780,24.75
RIBEIRÃO PIRES,3543303,SANTOS (AEROPORTO),SBST,83818,26.69
RIBEIRÃO PIRES,3543303,SAO PAULO (CAMPO DE MARTE),SBMT,83779,30.25
RIBEIRÃO PRETO,3543402,RIBEIRAO PRETO,SBRP,83668,11.74
RIBEIRÃO PRETO,3543402,ARARAQUARA-S,SBAQ,-,72.55
RIBEIRÃO PRETO,3543402,FRANCA,SBFC,83630,81.38
RIVERSUL,3543501,TELEMACO BORBA,SBTL,-,132.91
RIVERSUL,3543501,PONTA GROSSA,SBGS,83837,157.36
RIVERSUL,3543501,ASSIS - S,SBAS,-,169.69
RIFAINA,3543600,FRANCA,SBFC,83630,57.76
RIFAINA,3543600,UBERABA (AEROPORTO),SBUR,83576,64.09
RIFAINA,3543600,ARAXA-M,SBAX,-,73.49
RINCÃO,3543709,ARARAQUARA-S,SBAQ,-,25.05
RINCÃO,3543709,GAVIAO PEIXOTO,SBGP,-,42.63
RINCÃO,3543709,SAO CARLOS,SBSA,83726,50.38
RINÓPOLIS,3543808,ARACATUBA,SBAU,83672,68.2
RINÓPOLIS,3543808,PRESIDENTE PRUDENTE,SBDN,83716,92.05
RINÓPOLIS,3543808,MARILHA - SP,SBML,-,99.12
RIO CLARO,3543907,SAO CARLOS,SBSA,83726,49.07
RIO CLARO,3543907,PIRASSUNUNGA,SBYS,83671,52.08
RIO CLARO,3543907,CAMPINAS (AEROPORTO),SBKP,83721,84.43
RIO DAS PEDRAS,3544004,CAMPINAS (AEROPORTO),SBKP,83721,75.28
RIO DAS PEDRAS,3544004,SAO CARLOS,SBSA,83726,94.29
RIO DAS PEDRAS,3544004,SAO ROQUE,SBRQ,83058,103.41
RIO GRANDE DA SERRA,3544103,SANTOS (AEROPORTO),SBST,83818,16.24
RIO GRANDE DA SERRA,3544103,SAO PAULO (AEROPORTO CONGONHAS),SBSP,83780,39.55
RIO GRANDE DA SERRA,3544103,SAO PAULO (AEROP. DE GUARULHOS),SBGR,83778,43.87
RIOLÂNDIA,3544202,FRONTERA-MG,SBFT,-,62.14
RIOLÂNDIA,3544202,SAO JOSE DO RIO PRET,SBSR,-,92.11
RIOLÂNDIA,3544202,BARRETOS,SBBT,83625,131.15
ROSANA,3544251,MARINGA,SBMG,83767,138.32
ROSANA,3544251,PRESIDENTE PRUDENTE,SBDN,83716,148.72
ROSANA,3544251,LONDRINA,SBXO,83766,196.47
ROSEIRA,3544301,PINDAMONHANGABA,SBPW,83706,18.85
ROSEIRA,3544301,GUARATINGUETA (AEROPORTO),SBGW,83708,20.76
ROSEIRA,3544301,TAUBATE-SP (BASE AVIACAO TAUBATE,SBTA,-,23.14
RUBIÁCEA,3544400,ARACATUBA,SBAU,83672,45.29
RUBIÁCEA,3544400,URUBUPUNGA,SBUP,83617,102.33
RUBIÁCEA,3544400,PRESIDENTE PRUDENTE,SBDN,83716,112.48
RUBINÉIA,3544509,URUBUPUNGA,SBUP,83617,83.7
RUBINÉIA,3544509,ARACATUBA,SBAU,83672,115.53
RUBINÉIA,3544509,SAO JOSE DO RIO PRET,SBSR,-,179.52
SABINO,3544608,LINS,SBLN,83674,28.48
SABINO,3544608,SAO JOSE DO RIO PRET,SBSR,-,76.76
SABINO,3544608,MARILHA - SP,SBML,-,86.48
SAGRES,3544707,PRESIDENTE PRUDENTE,SBDN,83716,56.91
SAGRES,3544707,ARACATUBA,SBAU,83672,100.65
SAGRES,3544707,ASSIS - S,SBAS,-,101.26
SALES,3544806,LINS,SBLN,83674,44.2
SALES,3544806,SAO JOSE DO RIO PRET,SBSR,-,61.65
SALES,3544806,ARACATUBA,SBAU,83672,99.12
SALES OLIVEIRA,3544905,RIBEIRAO PRETO,SBRP,83668,33.32
SALES OLIVEIRA,3544905,FRANCA,SBFC,83630,52.3
SALES OLIVEIRA,3544905,BARRETOS,SBBT,83625,82.35
SALESÓPOLIS,3545001,SAO JOSE DOS CAMPOS (AEROPORTO),SBSJ,83829,40.32
SALESÓPOLIS,3545001,SANTOS (AEROPORTO),SBST,83818,58.48
SALESÓPOLIS,3545001,SAO PAULO (AEROP. DE GUARULHOS),SBGR,83778,66.69
SALMOURÃO,3545100,ARACATUBA,SBAU,83672,68.86
SALMOURÃO,3545100,PRESIDENTE PRUDENTE,SBDN,83716,87.07
SALMOURÃO,3545100,URUBUPUNGA,SBUP,83617,113.38
SALTINHO,3545159,CAMPINAS (AEROPORTO),SBKP,83721,65.85
SALTINHO,3545159,SAO CARLOS,SBSA,83726,95.47
SALTINHO,3545159,SAO ROQUE,SBRQ,83058,96.55
SALTO,3545209,SAO CARLOS,SBSA,83726,40.36
SALTO,3545209,PIRASSUNUNGA,SBYS,83671,51.89
SALTO,3545209,ARARAQUARA-S,SBAQ,-,76.1
SALTO DE PIRAPORA,3545308,SAO ROQUE,SBRQ,83058,58.29
SALTO DE PIRAPORA,3545308,CAMPINAS (AEROPORTO),SBKP,83721,93.11
SALTO DE PIRAPORA,3545308,SAO PAULO (AEROPORTO CONGONHAS),SBSP,83780,105.92
SALTO GRANDE,3545407,ASSIS - S,SBAS,-,61.29
SALTO GRANDE,3545407,MARILHA - SP,SBML,-,81.08
SALTO GRANDE,3545407,BAURU (AEROPORTO),SBBU,83722,110.28
SANDOVALINA,3545506,PRESIDENTE PRUDENTE,SBDN,83716,53.86
SANDOVALINA,3545506,MARINGA,SBMG,83767,113.06
SANDOVALINA,3545506,LONDRINA (AEROPORTO),SBLO,83768,119.62
SANTA ADÉLIA,3545605,GAVIAO PEIXOTO,SBGP,-,66.2
SANTA ADÉLIA,3545605,SAO JOSE DO RIO PRET,SBSR,-,83.56
SANTA ADÉLIA,3545605,BARRETOS,SBBT,83625,85.09
SANTA ALBERTINA,3545704,URUBUPUNGA,SBUP,83617,123.84
SANTA ALBERTINA,3545704,ARACATUBA,SBAU,83672,127.9
SANTA ALBERTINA,3545704,SAO JOSE DO RIO PRET,SBSR,-,163.68
SANTA BÁRBARA D'OESTE,3545803,CAMPINAS (AEROPORTO),SBKP,83721,31.49
SANTA BÁRBARA D'OESTE,3545803,SAO ROQUE,SBRQ,83058,68.05
SANTA BÁRBARA D'OESTE,3545803,SAO PAULO,SBXP,83781,100.88
SANTA BRANCA,3546009,SAO JOSE DOS CAMPOS (AEROPORTO),SBSJ,83829,22.65
SANTA BRANCA,3546009,TAUBATE-SP (BASE AVIACAO TAUBATE,SBTA,-,57.45
SANTA BRANCA,3546009,SAO PAULO (AEROP. DE GUARULHOS),SBGR,83778,61.82
SANTA CLARA D'OESTE,3546108,URUBUPUNGA,SBUP,83617,106.76
SANTA CLARA D'OESTE,3546108,ARACATUBA,SBAU,83672,128.3
SANTA CLARA D'OESTE,3546108,SAO JOSE DO RIO PRET,SBSR,-,177.08
SANTA CRUZ DA CONCEIÇÃO,3546207,PIRASSUNUNGA,SBYS,83671,24.16
SANTA CRUZ DA CONCEIÇÃO,3546207,SAO CARLOS,SBSA,83726,40.89
SANTA CRUZ DA CONCEIÇÃO,3546207,ARARAQUARA-S,SBAQ,-,75.18
SANTA CRUZ DA ESPERANÇA,3546256,RIBEIRAO PRETO,SBRP,83668,40.2
SANTA CRUZ DA ESPERANÇA,3546256,FRANCA,SBFC,83630,72.8
SANTA CRUZ DA ESPERANÇA,3546256,PIRASSUNUNGA,SBYS,83671,82.25
SANTA CRUZ DAS PALMEIRAS,3546306,PIRASSUNUNGA,SBYS,83671,14.38
SANTA CRUZ DAS PALMEIRAS,3546306,SAO CARLOS,SBSA,83726,66.27
SANTA CRUZ DAS PALMEIRAS,3546306,POCOS DE CALDAS (AEROPORTO),SBPC,83644,70.38
SANTA CRUZ DO RIO PARDO,3546405,BAURU (AEROPORTO),SBBU,83722,74.77
SANTA CRUZ DO RIO PARDO,3546405,MARILHA - SP,SBML,-,78.77
SANTA CRUZ DO RIO PARDO,3546405,ASSIS - S,SBAS,-,92.55
SANTA ERNESTINA,3546504,GAVIAO PEIXOTO,SBGP,-,35.38
SANTA ERNESTINA,3546504,ARARAQUARA-S,SBAQ,-,45.74
SANTA ERNESTINA,3546504,RIBEIRAO PRETO,SBRP,83668,72.18
SANTA FÉ DO SUL,3546603,URUBUPUNGA,SBUP,83617,89.51
SANTA FÉ DO SUL,3546603,ARACATUBA,SBAU,83672,112.45
SANTA FÉ DO SUL,3546603,SAO JOSE DO RIO PRET,SBSR,-,172.82
SANTA GERTRUDES,3546702,PIRASSUNUNGA,SBYS,83671,60.41
SANTA GERTRUDES,3546702,SAO CARLOS,SBSA,83726,62.9
SANTA GERTRUDES,3546702,CAMPINAS (AEROPORTO),SBKP,83721,70.56
SANTA ISABEL,3546801,SAO PAULO (AEROP. DE GUARULHOS),SBGR,83778,27.43
SANTA ISABEL,3546801,SAO JOSE DOS CAMPOS (AEROPORTO),SBSJ,83829,39.05
SANTA ISABEL,3546801,SAO PAULO,SBXP,83781,45.11
SANTA LÚCIA,3546900,ARARAQUARA-S,SBAQ,-,16.19
SANTA LÚCIA,3546900,GAVIAO PEIXOTO,SBGP,-,37.14
SANTA LÚCIA,3546900,SAO CARLOS,SBSA,83726,43.28
SANTA MARIA DA SERRA,3547007,SAO CARLOS,SBSA,83726,67.64
SANTA MARIA DA SERRA,3547007,ARARAQUARA-S,SBAQ,-,85.19
SANTA MARIA DA SERRA,3547007,GAVIAO PEIXOTO,SBGP,-,91.84
SANTA MERCEDES,3547106,URUBUPUNGA,SBUP,83617,59.89
SANTA MERCEDES,3547106,PRESIDENTE PRUDENTE,SBDN,83716,101.23
SANTA MERCEDES,3547106,ARACATUBA,SBAU,83672,137.06
SANTANA DA PONTE PENSA,3547205,URUBUPUNGA,SBUP,83617,100.31
SANTANA DA PONTE PENSA,3547205,ARACATUBA,SBAU,83672,103.86
SANTANA DA PONTE PENSA,3547205,SAO JOSE DO RIO PRET,SBSR,-,157.34
SANTANA DE PARNAÍBA,3547304,SAO ROQUE,SBRQ,83058,22.28
SANTANA DE PARNAÍBA,3547304,SAO PAULO,SBXP,83781,33.08
SANTANA DE PARNAÍBA,3547304,SAO PAULO (CAMPO DE MARTE),SBMT,83779,33.76
SANTA RITA D'OESTE,3547403,URUBUPUNGA,SBUP,83617,111.01
SANTA RITA D'OESTE,3547403,ARACATUBA,SBAU,83672,121.53
SANTA RITA D'OESTE,3547403,SAO JOSE DO RIO PRET,SBSR,-,166.65
SANTA RITA DO PASSA QUATRO,3547502,PIRASSUNUNGA,SBYS,83671,37.39
SANTA RITA DO PASSA QUATRO,3547502,SAO CARLOS,SBSA,83726,52.92
SANTA RITA DO PASSA QUATRO,3547502,ARARAQUARA-S,SBAQ,-,65.53
SANTA ROSA DE VITERBO,3547601,PIRASSUNUNGA,SBYS,83671,51.84
SANTA ROSA DE VITERBO,3547601,RIBEIRAO PRETO,SBRP,83668,59.98
SANTA ROSA DE VITERBO,3547601,SAO CARLOS,SBSA,83726,77.38
SANTA SALETE,3547650,ARACATUBA,SBAU,83672,101.38
SANTA SALETE,3547650,URUBUPUNGA,SBUP,83617,107.16
SANTA SALETE,3547650,SAO JOSE DO RIO PRET,SBSR,-,149.88
SANTO ANASTÁCIO,3547700,PRESIDENTE PRUDENTE,SBDN,83716,33.97
SANTO ANASTÁCIO,3547700,URUBUPUNGA,SBUP,83617,138.62
SANTO ANASTÁCIO,3547700,ASSIS - S,SBAS,-,146.45
SANTO ANDRÉ,3547809,SAO PAULO (AEROPORTO CONGONHAS),SBSP,83780,16.56
SANTO ANDRÉ,3547809,SAO PAULO (CAMPO DE MARTE),SBMT,83779,19.88
SANTO ANDRÉ,3547809,SAO PAULO,SBXP,83781,21.35
SANTO ANTÔNIO DA ALEGRIA,3547908,RIBEIRAO PRETO,SBRP,83668,59.78
SANTO ANTÔNIO DA ALEGRIA,3547908,FRANCA,SBFC,83630,61.94
SANTO ANTÔNIO DA ALEGRIA,3547908,PIRASSUNUNGA,SBYS,83671,98.52
SANTO ANTÔNIO DE POSSE,3548005,CAMPINAS (AEROPORTO),SBKP,83721,47.55
SANTO ANTÔNIO DE POSSE,3548005,PIRASSUNUNGA,SBYS,83671,79.88
SANTO ANTÔNIO DE POSSE,3548005,POCOS DE CALDAS (AEROPORTO),SBPC,83644,92.33
SANTO ANTÔNIO DO ARACANGUÁ,3548054,ARACATUBA,SBAU,83672,31.42
SANTO ANTÔNIO DO ARACANGUÁ,3548054,URUBUPUNGA,SBUP,83617,105.85
SANTO ANTÔNIO DO ARACANGUÁ,3548054,SAO JOSE DO RIO PRET,SBSR,-,120.24
SANTO ANTÔNIO DO JARDIM,3548104,POCOS DE CALDAS (AEROPORTO),SBPC,83644,33.36
SANTO ANTÔNIO DO JARDIM,3548104,PIRASSUNUNGA,SBYS,83671,68.05
SANTO ANTÔNIO DO JARDIM,3548104,CAMPINAS (AEROPORTO),SBKP,83721,106.53
SANTO ANTÔNIO DO PINHAL,3548203,PINDAMONHANGABA,SBPW,83706,27.36
SANTO ANTÔNIO DO PINHAL,3548203,TAUBATE-SP (BASE AVIACAO TAUBATE,SBTA,-,30.23
SANTO ANTÔNIO DO PINHAL,3548203,SAO JOSE DOS CAMPOS (AEROPORTO),SBSJ,83829,46.8
SANTO EXPEDITO,3548302,PRESIDENTE PRUDENTE,SBDN,83716,39.66
SANTO EXPEDITO,3548302,URUBUPUNGA,SBUP,83617,115.93
SANTO EXPEDITO,3548302,ARACATUBA,SBAU,83672,124.86
SANTÓPOLIS DO AGUAPEÍ,3548401,ARACATUBA,SBAU,83672,59.83
SANTÓPOLIS DO AGUAPEÍ,3548401,LINS,SBLN,83674,79.71
SANTÓPOLIS DO AGUAPEÍ,3548401,MARILHA - SP,SBML,-,84.7
SANTOS,3548500,SANTOS (AEROPORTO),SBST,83818,3.45
SANTOS,3548500,SAO PAULO (AEROPORTO CONGONHAS),SBSP,83780,52.25
SANTOS,3548500,SAO PAULO (CAMPO DE MARTE),SBMT,83779,59.77
SÃO BENTO DO SAPUCAÍ,3548609,PINDAMONHANGABA,SBPW,83706,38.49
SÃO BENTO DO SAPUCAÍ,3548609,TAUBATE-SP (BASE AVIACAO TAUBATE,SBTA,-,43.27
SÃO BENTO DO SAPUCAÍ,3548609,GUARATINGUETA (AEROPORTO),SBGW,83708,50.88
SÃO BERNARDO DO CAMPO,3548708,SANTOS (AEROPORTO),SBST,83818,24.51
SÃO BERNARDO DO CAMPO,3548708,SAO PAULO (AEROPORTO CONGONHAS),SBSP,83780,32.03
SÃO BERNARDO DO CAMPO,3548708,SAO PAULO (CAMPO DE MARTE),SBMT,83779,42.35
SÃO CAETANO DO SUL,3548807,SAO PAULO (AEROPORTO CONGONHAS),SBSP,83780,6.69
SÃO CAETANO DO SUL,3548807,SAO PAULO (CAMPO DE MARTE),SBMT,83779,12.98
SÃO CAETANO DO SUL,3548807,SAO PAULO,SBXP,83781,15.01
SÃO CARLOS,3548906,SAO CARLOS,SBSA,83726,11.26
SÃO CARLOS,3548906,ARARAQUARA-S,SBAQ,-,30.07
SÃO CARLOS,3548906,PIRASSUNUNGA,SBYS,83671,56.82
SÃO FRANCISCO,3549003,ARACATUBA,SBAU,83672,88.67
SÃO FRANCISCO,3549003,URUBUPUNGA,SBUP,83617,104.72
SÃO FRANCISCO,3549003,SAO JOSE DO RIO PRET,SBSR,-,141.37
SÃO JOÃO DA BOA VISTA,3549102,POCOS DE CALDAS (AEROPORTO),SBPC,83644,29.25
SÃO JOÃO DA BOA VISTA,3549102,PIRASSUNUNGA,SBYS,83671,55.23
SÃO JOÃO DA BOA VISTA,3549102,SAO CARLOS,SBSA,83726,111.64
SÃO JOÃO DAS DUAS PONTES,3549201,ARACATUBA,SBAU,83672,80.5
SÃO JOÃO DAS DUAS PONTES,3549201,SAO JOSE DO RIO PRET,SBSR,-,111.48
SÃO JOÃO DAS DUAS PONTES,3549201,FRONTERA-MG,SBFT,-,126.48
SÃO JOÃO DE IRACEMA,3549250,ARACATUBA,SBAU,83672,68.22
SÃO JOÃO DE IRACEMA,3549250,SAO JOSE DO RIO PRET,SBSR,-,104.27
SÃO JOÃO DE IRACEMA,3549250,FRONTERA-MG,SBFT,-,125.5
SÃO JOÃO DO PAU D'ALHO,3549300,URUBUPUNGA,SBUP,83617,48.24
SÃO JOÃO DO PAU D'ALHO,3549300,PRESIDENTE PRUDENTE,SBDN,83716,109.34
SÃO JOÃO DO PAU D'ALHO,3549300,ARACATUBA,SBAU,83672,129.31
SÃO JOAQUIM DA BARRA,3549409,FRANCA,SBFC,83630,52.9
SÃO JOAQUIM DA BARRA,3549409,RIBEIRAO PRETO,SBRP,83668,65.59
SÃO JOAQUIM DA BARRA,3549409,BARRETOS,SBBT,83625,69.08
SÃO JOSÉ DA BELA VISTA,3549508,FRANCA,SBFC,83630,20.58
SÃO JOSÉ DA BELA VISTA,3549508,RIBEIRAO PRETO,SBRP,83668,60.92
SÃO JOSÉ DA BELA VISTA,3549508,UBERABA (AEROPORTO),SBUR,83576,97.79
SÃO JOSÉ DO BARREIRO,3549607,RESENDE,SBRS,83738,33.81
SÃO JOSÉ DO BARREIRO,3549607,GUARATINGUETA (AEROPORTO),SBGW,83708,63.14
SÃO JOSÉ DO BARREIRO,3549607,SANTA CRUZ (BORTOLOMEU GUSMAO AERO),SBSC,83115,90.47
SÃO JOSÉ DO RIO PARDO,3549706,POCOS DE CALDAS (AEROPORTO),SBPC,83644,41.04
SÃO JOSÉ DO RIO PARDO,3549706,PIRASSUNUNGA,SBYS,83671,60.98
SÃO JOSÉ DO RIO PARDO,3549706,RIBEIRAO PRETO,SBRP,83668,107.75
SÃO JOSÉ DO RIO PRETO,3549805,SAO JOSE DO RIO PRET,SBSR,-,8.78
SÃO JOSÉ DO RIO PRETO,3549805,FRONTERA-MG,SBFT,-,64.08
SÃO JOSÉ DO RIO PRETO,3549805,BARRETOS,SBBT,83625,80.93
SÃO JOSÉ DOS CAMPOS,3549904,SAO JOSE DOS CAMPOS (AEROPORTO),SBSJ,83829,15.75
SÃO JOSÉ DOS CAMPOS,3549904,TAUBATE-SP (BASE AVIACAO TAUBATE,SBTA,-,44.1
SÃO JOSÉ DOS CAMPOS,3549904,PINDAMONHANGABA,SBPW,83706,47.53
SÃO LOURENÇO DA SERRA,3549953,SAO PAULO (AEROPORTO CONGONHAS),SBSP,83780,40.49
SÃO LOURENÇO DA SERRA,3549953,SAO ROQUE,SBRQ,83058,42.24
SÃO LOURENÇO DA SERRA,3549953,SAO PAULO (CAMPO DE MARTE),SBMT,83779,49.15
SÃO LUÍS DO PARAITINGA,3550001,TAUBATE-SP (BASE AVIACAO TAUBATE,SBTA,-,34.37
SÃO LUÍS DO PARAITINGA,3550001,PINDAMONHANGABA,SBPW,83706,37.92
SÃO LUÍS DO PARAITINGA,3550001,GUARATINGUETA (AEROPORTO),SBGW,83708,52.51
SÃO MANUEL,3550100,BAURU (AEROPORTO),SBBU,83722,67.72
SÃO MANUEL,3550100,SAO CARLOS,SBSA,83726,100.95
SÃO MANUEL,3550100,GAVIAO PEIXOTO,SBGP,-,102.54
SÃO MIGUEL ARCANJO,3550209,SAO ROQUE,SBRQ,83058,99.08
SÃO MIGUEL ARCANJO,3550209,CAMPINAS (AEROPORTO),SBKP,83721,135.11
SÃO MIGUEL ARCANJO,3550209,SAO PAULO (AEROPORTO CONGONHAS),SBSP,83780,142.5
SÃO PAULO,3550308,SAO PAULO (AEROPORTO CONGONHAS),SBSP,83780,3.69
SÃO PAULO,3550308,SAO PAULO (CAMPO DE MARTE),SBMT,83779,14.69
SÃO PAULO,3550308,SAO PAULO,SBXP,83781,16.88
SÃO PEDRO,3550407,SAO CARLOS,SBSA,83726,60.16
SÃO PEDRO,3550407,ARARAQUARA-S,SBAQ,-,86.97
SÃO PEDRO,3550407,PIRASSUNUNGA,SBYS,83671,90.31
SÃO PEDRO DO TURVO,3550506,MARILHA - SP,SBML,-,57.58
SÃO PEDRO DO TURVO,3550506,ASSIS - S,SBAS,-,69.76
SÃO PEDRO DO TURVO,3550506,BAURU (AEROPORTO),SBBU,83722,82.48
SÃO ROQUE,3550605,SAO ROQUE,SBRQ,83058,4.42
SÃO ROQUE,3550605,SAO PAULO (AEROPORTO CONGONHAS),SBSP,83780,51.94
SÃO ROQUE,3550605,SAO PAULO (CAMPO DE MARTE),SBMT,83779,52.67
SÃO SEBASTIÃO,3550704,SAO JOSE DOS CAMPOS (AEROPORTO),SBSJ,83829,59.35
SÃO SEBASTIÃO,3550704,TAUBATE-SP (BASE AVIACAO TAUBATE,SBTA,-,71.53
SÃO SEBASTIÃO,3550704,PINDAMONHANGABA,SBPW,83706,78.36
SÃO SEBASTIÃO DA GRAMA,3550803,POCOS DE CALDAS (AEROPORTO),SBPC,83644,23.35
SÃO SEBASTIÃO DA GRAMA,3550803,PIRASSUNUNGA,SBYS,83671,59.84
SÃO SEBASTIÃO DA GRAMA,3550803,SAO CARLOS,SBSA,83726,115.72
SÃO SIMÃO,3550902,RIBEIRAO PRETO,SBRP,83668,43.24
SÃO SIMÃO,3550902,PIRASSUNUNGA,SBYS,83671,62.18
SÃO SIMÃO,3550902,ARARAQUARA-S,SBAQ,-,69.09
SÃO VICENTE,3551009,SAO PAULO (AEROPORTO CONGONHAS),SBSP,83780,25.93
SÃO VICENTE,3551009,SANTOS (AEROPORTO),SBST,83818,29.36
SÃO VICENTE,3551009,SAO PAULO (CAMPO DE MARTE),SBMT,83779,36.52
SARAPUÍ,3551108,SAO ROQUE,SBRQ,83058,62.6
SARAPUÍ,3551108,CAMPINAS (AEROPORTO),SBKP,83721,94.71
SARAPUÍ,3551108,SAO PAULO (AEROPORTO CONGONHAS),SBSP,83780,110.82
SARUTAIÁ,3551207,BAURU (AEROPORTO),SBBU,83722,112.43
SARUTAIÁ,3551207,ASSIS - S,SBAS,-,121.76
SARUTAIÁ,3551207,MARILHA - SP,SBML,-,128.3
SEBASTIANÓPOLIS DO SUL,3551306,SAO JOSE DO RIO PRET,SBSR,-,55.13
SEBASTIANÓPOLIS DO SUL,3551306,ARACATUBA,SBAU,83672,79.44
SEBASTIANÓPOLIS DO SUL,3551306,FRONTERA-MG,SBFT,-,83.48
SERRA AZUL,3551405,RIBEIRAO PRETO,SBRP,83668,32.29
SERRA AZUL,3551405,PIRASSUNUNGA,SBYS,83671,74.58
SERRA AZUL,3551405,ARARAQUARA-S,SBAQ,-,77.61
SERRANA,3551504,RIBEIRAO PRETO,SBRP,83668,17.62
SERRANA,3551504,FRANCA,SBFC,83630,71.12
SERRANA,3551504,ARARAQUARA-S,SBAQ,-,85.54
SERRA NEGRA,3551603,CAMPINAS (AEROPORTO),SBKP,83721,63.7
SERRA NEGRA,3551603,POCOS DE CALDAS (AEROPORTO),SBPC,83644,82.92
SERRA NEGRA,3551603,PIRASSUNUNGA,SBYS,83671,94.52
SERTÃOZINHO,3551702,RIBEIRAO PRETO,SBRP,83668,24.5
SERTÃOZINHO,3551702,ARARAQUARA-S,SBAQ,-,76.4
SERTÃOZINHO,3551702,GAVIAO PEIXOTO,SBGP,-,82.72
SETE BARRAS,3551801,SAO ROQUE,SBRQ,83058,117.91
SETE BARRAS,3551801,PARANAGUA,SBPG,83844,150.51
SETE BARRAS,3551801,SAO PAULO (AEROPORTO CONGONHAS),SBSP,83780,151.26
SEVERÍNIA,3551900,BARRETOS,SBBT,83625,31.19
SEVERÍNIA,3551900,SAO JOSE DO RIO PRET,SBSR,-,63
SEVERÍNIA,3551900,FRONTERA-MG,SBFT,-,69.87
SILVEIRAS,3552007,GUARATINGUETA (AEROPORTO),SBGW,83708,37.07
SILVEIRAS,3552007,RESENDE,SBRS,83738,48.01
SILVEIRAS,3552007,PINDAMONHANGABA,SBPW,83706,70.6
SOCORRO,3552106,CAMPINAS (AEROPORTO),SBKP,83721,74.79
SOCORRO,3552106,POCOS DE CALDAS (AEROPORTO),SBPC,83644,84.71
SOCORRO,3552106,SAO PAULO (AEROP. DE GUARULHOS),SBGR,83778,90.17
SOROCABA,3552205,SAO ROQUE,SBRQ,83058,33.37
SOROCABA,3552205,CAMPINAS (AEROPORTO),SBKP,83721,61.25
SOROCABA,3552205,SAO PAULO,SBXP,83781,83.89
SUD MENNUCCI,3552304,ARACATUBA,SBAU,83672,71.04
SUD MENNUCCI,3552304,URUBUPUNGA,SBUP,83617,71.13
SUD MENNUCCI,3552304,SAO JOSE DO RIO PRET,SBSR,-,156.8
SUMARÉ,3552403,CAMPINAS (AEROPORTO),SBKP,83721,47.18
SUMARÉ,3552403,PIRASSUNUNGA,SBYS,83671,70.68
SUMARÉ,3552403,SAO CARLOS,SBSA,83726,88.41
SUZANO,3552502,SAO PAULO (AEROP. DE GUARULHOS),SBGR,83778,25.14
SUZANO,3552502,SAO PAULO (AEROPORTO CONGONHAS),SBSP,83780,30.19
SUZANO,3552502,SAO PAULO (CAMPO DE MARTE),SBMT,83779,30.77
SUZANÁPOLIS,3552551,URUBUPUNGA,SBUP,83617,63.16
SUZANÁPOLIS,3552551,ARACATUBA,SBAU,83672,99.17
SUZANÁPOLIS,3552551,SAO JOSE DO RIO PRET,SBSR,-,178
TABAPUÃ,3552601,SAO JOSE DO RIO PRET,SBSR,-,41.34
TABAPUÃ,3552601,BARRETOS,SBBT,83625,59.28
TABAPUÃ,3552601,FRONTERA-MG,SBFT,-,74.21
TABATINGA,3552700,GAVIAO PEIXOTO,SBGP,-,24.67
TABATINGA,3552700,ARARAQUARA-S,SBAQ,-,52.62
TABATINGA,3552700,BAURU (AEROPORTO),SBBU,83722,81.27
TABOÃO DA SERRA,3552809,SANTOS (AEROPORTO),SBST,83818,123.67
TABOÃO DA SERRA,3552809,SAO PAULO (AEROPORTO CONGONHAS),SBSP,83780,172.17
TABOÃO DA SERRA,3552809,SAO JOSE DOS CAMPOS (AEROPORTO),SBSJ,83829,177.05
TACIBA,3552908,PRESIDENTE PRUDENTE,SBDN,83716,36.92
TACIBA,3552908,ASSIS - S,SBAS,-,92.73
TACIBA,3552908,LONDRINA (AEROPORTO),SBLO,83768,93.77
TAGUAÍ,3553005,BAURU (AEROPORTO),SBBU,83722,132.59
TAGUAÍ,3553005,ASSIS - S,SBAS,-,143.02
TAGUAÍ,3553005,MARILHA - SP,SBML,-,153.62
TAIAÇU,3553104,BARRETOS,SBBT,83625,61.61
TAIAÇU,3553104,GAVIAO PEIXOTO,SBGP,-,72.41
TAIAÇU,3553104,RIBEIRAO PRETO,SBRP,83668,79.02
TAIÚVA,3553203,BARRETOS,SBBT,83625,63.94
TAIÚVA,3553203,RIBEIRAO PRETO,SBRP,83668,68.32
TAIÚVA,3553203,GAVIAO PEIXOTO,SBGP,-,70.98
TAMBAÚ,3553302,PIRASSUNUNGA,SBYS,83671,41.93
TAMBAÚ,3553302,POCOS DE CALDAS (AEROPORTO),SBPC,83644,74.5
TAMBAÚ,3553302,RIBEIRAO PRETO,SBRP,83668,76.64
TANABI,3553401,SAO JOSE DO RIO PRET,SBSR,-,39.42
TANABI,3553401,FRONTERA-MG,SBFT,-,56.07
TANABI,3553401,ARACATUBA,SBAU,83672,105.19
TAPIRAÍ,3553500,SAO ROQUE,SBRQ,83058,74.46
TAPIRAÍ,3553500,SAO PAULO (AEROPORTO CONGONHAS),SBSP,83780,109.58
TAPIRAÍ,3553500,SAO PAULO (CAMPO DE MARTE),SBMT,83779,115.36
TAPIRATIBA,3553609,POCOS DE CALDAS (AEROPORTO),SBPC,83644,47.89
TAPIRATIBA,3553609,PIRASSUNUNGA,SBYS,83671,82.77
TAPIRATIBA,3553609,SAO JOSE DA BARRA - MG (AER. FUR,SBFU,-,96.46
TAQUARAL,3553658,BARRETOS,SBBT,83625,58.76
TAQUARAL,3553658,RIBEIRAO PRETO,SBRP,83668,65.28
TAQUARAL,3553658,GAVIAO PEIXOTO,SBGP,-,77.47
TAQUARITINGA,3553708,GAVIAO PEIXOTO,SBGP,-,40.81
TAQUARITINGA,3553708,ARARAQUARA-S,SBAQ,-,59.22
TAQUARITINGA,3553708,RIBEIRAO PRETO,SBRP,83668,86.55
TAQUARITUBA,3553807,BAURU (AEROPORTO),SBBU,83722,135.67
TAQUARITUBA,3553807,ASSIS - S,SBAS,-,159.67
TAQUARITUBA,3553807,MARILHA - SP,SBML,-,165.81
TAQUARIVAÍ,3553856,SAO ROQUE,SBRQ,83058,166.55
TAQUARIVAÍ,3553856,CURITIBA,SBBI,83842,170.76
TAQUARIVAÍ,3553856,PARANAGUA,SBPG,83844,175.94
TARABAI,3553906,PRESIDENTE PRUDENTE,SBDN,83716,27.94
TARABAI,3553906,LONDRINA (AEROPORTO),SBLO,83768,118.78
TARABAI,3553906,LONDRINA,SBXO,83766,122.41
TARUMÃ,3553955,ASSIS - S,SBAS,-,21.5
TARUMÃ,3553955,LONDRINA (AEROPORTO),SBLO,83768,81.49
TARUMÃ,3553955,LONDRINA,SBXO,83766,90.55
TATUÍ,3554003,SAO ROQUE,SBRQ,83058,78.35
TATUÍ,3554003,CAMPINAS (AEROPORTO),SBKP,83721,86.46
TATUÍ,3554003,SAO PAULO,SBXP,83781,128.3
TAUBATÉ,3554102,TAUBATE-SP (BASE AVIACAO TAUBATE,SBTA,-,6.21
TAUBATÉ,3554102,PINDAMONHANGABA,SBPW,83706,13.07
TAUBATÉ,3554102,SAO JOSE DOS CAMPOS (AEROPORTO),SBSJ,83829,40.5
TEJUPÁ,3554201,BAURU (AEROPORTO),SBBU,83722,116.26
TEJUPÁ,3554201,ASSIS - S,SBAS,-,141.29
TEJUPÁ,3554201,MARILHA - SP,SBML,-,143.73
TEODORO SAMPAIO,3554300,PRESIDENTE PRUDENTE,SBDN,83716,100.64
TEODORO SAMPAIO,3554300,MARINGA,SBMG,83767,123.69
TEODORO SAMPAIO,3554300,LONDRINA,SBXO,83766,162.61
TERRA ROXA,3554409,BARRETOS,SBBT,83625,35.56
TERRA ROXA,3554409,RIBEIRAO PRETO,SBRP,83668,69.7
TERRA ROXA,3554409,FRANCA,SBFC,83630,96.94
TIETÊ,3554508,CAMPINAS (AEROPORTO),SBKP,83721,60.28
TIETÊ,3554508,SAO ROQUE,SBRQ,83058,79.57
TIETÊ,3554508,SAO CARLOS,SBSA,83726,115.66
TIMBURI,3554607,ASSIS - S,SBAS,-,106.43
TIMBURI,3554607,BAURU (AEROPORTO),SBBU,83722,111.95
TIMBURI,3554607,MARILHA - SP,SBML,-,117.19
TORRE DE PEDRA,3554656,CAMPINAS (AEROPORTO),SBKP,83721,114.58
TORRE DE PEDRA,3554656,SAO ROQUE,SBRQ,83058,114.77
TORRE DE PEDRA,3554656,BAURU (AEROPORTO),SBBU,83722,136.39
TORRINHA,3554706,SAO CARLOS,SBSA,83726,55.7
TORRINHA,3554706,ARARAQUARA-S,SBAQ,-,71.58
TORRINHA,3554706,GAVIAO PEIXOTO,SBGP,-,78.84
TRABIJU,3554755,GAVIAO PEIXOTO,SBGP,-,30.42
TRABIJU,3554755,ARARAQUARA-S,SBAQ,-,34.67
TRABIJU,3554755,SAO CARLOS,SBSA,83726,49.11
TREMEMBÉ,3554805,PINDAMONHANGABA,SBPW,83706,12.87
TREMEMBÉ,3554805,TAUBATE-SP (BASE AVIACAO TAUBATE,SBTA,-,14.47
TREMEMBÉ,3554805,SAO JOSE DOS CAMPOS (AEROPORTO),SBSJ,83829,41.63
TRÊS FRONTEIRAS,3554904,URUBUPUNGA,SBUP,83617,93.69
TRÊS FRONTEIRAS,3554904,ARACATUBA,SBAU,83672,105.69
TRÊS FRONTEIRAS,3554904,SAO JOSE DO RIO PRET,SBSR,-,163.76
TUIUTI,3554953,CAMPINAS (AEROPORTO),SBKP,83721,48.3
TUIUTI,3554953,SAO PAULO (AEROP. DE GUARULHOS),SBGR,83778,69.09
TUIUTI,3554953,SAO PAULO,SBXP,83781,74.68
TUPÃ,3555000,MARILHA - SP,SBML,-,68.4
TUPÃ,3555000,ASSIS - S,SBAS,-,76.32
TUPÃ,3555000,LINS,SBLN,83674,86.72
TUPI PAULISTA,3555109,URUBUPUNGA,SBUP,83617,65.54
TUPI PAULISTA,3555109,PRESIDENTE PRUDENTE,SBDN,83716,89.43
TUPI PAULISTA,3555109,ARACATUBA,SBAU,83672,123.38
TURIÚBA,3555208,ARACATUBA,SBAU,83672,39.07
TURIÚBA,3555208,SAO JOSE DO RIO PRET,SBSR,-,75.61
TURIÚBA,3555208,LINS,SBLN,83674,89.14
TURMALINA,3555307,ARACATUBA,SBAU,83672,116.35
TURMALINA,3555307,FRONTERA-MG,SBFT,-,134.9
TURMALINA,3555307,SAO JOSE DO RIO PRET,SBSR,-,135.78
UBARANA,3555356,LINS,SBLN,83674,50.39
UBARANA,3555356,SAO JOSE DO RIO PRET,SBSR,-,58.73
UBARANA,3555356,ARACATUBA,SBAU,83672,71.43
UBATUBA,3555406,TAUBATE-SP (BASE AVIACAO TAUBATE,SBTA,-,61.87
UBATUBA,3555406,PINDAMONHANGABA,SBPW,83706,64.72
UBATUBA,3555406,GUARATINGUETA (AEROPORTO),SBGW,83708,69.5
UBIRAJARA,3555505,MARILHA - SP,SBML,-,48.16
UBIRAJARA,3555505,BAURU (AEROPORTO),SBBU,83722,65.85
UBIRAJARA,3555505,ASSIS - S,SBAS,-,81.31
UCHOA,3555604,SAO JOSE DO RIO PRET,SBSR,-,29.37
UCHOA,3555604,BARRETOS,SBBT,83625,70.25
UCHOA,3555604,FRONTERA-MG,SBFT,-,73.02
UNIÃO PAULISTA,3555703,SAO JOSE DO RIO PRET,SBSR,-,51.69
UNIÃO PAULISTA,3555703,ARACATUBA,SBAU,83672,62.15
UNIÃO PAULISTA,3555703,LINS,SBLN,83674,87.41
URÂNIA,3555802,ARACATUBA,SBAU,83672,105.02
URÂNIA,3555802,URUBUPUNGA,SBUP,83617,115.89
URÂNIA,3555802,SAO JOSE DO RIO PRET,SBSR,-,146.16
URU,3555901,LINS,SBLN,83674,48.28
URU,3555901,BAURU (AEROPORTO),SBBU,83722,65.75
URU,3555901,MARILHA - SP,SBML,-,79.22
URUPÊS,3556008,SAO JOSE DO RIO PRET,SBSR,-,47.2
URUPÊS,3556008,LINS,SBLN,83674,72.02
URUPÊS,3556008,BARRETOS,SBBT,83625,98.03
VALENTIM GENTIL,3556107,SAO JOSE DO RIO PRET,SBSR,-,84.43
VALENTIM GENTIL,3556107,ARACATUBA,SBAU,83672,86.13
VALENTIM GENTIL,3556107,FRONTERA-MG,SBFT,-,97.32
VALINHOS,3556206,CAMPINAS (AEROPORTO),SBKP,83721,15.59
VALINHOS,3556206,SAO ROQUE,SBRQ,83058,63.62
VALINHOS,3556206,SAO PAULO,SBXP,83781,69.64
VALPARAÍSO,3556305,ARACATUBA,SBAU,83672,51.84
VALPARAÍSO,3556305,URUBUPUNGA,SBUP,83617,80.71
VALPARAÍSO,3556305,PRESIDENTE PRUDENTE,SBDN,83716,120.53
VARGEM,3556354,SAO PAULO (AEROP. DE GUARULHOS),SBGR,83778,60.26
VARGEM,3556354,SAO JOSE DOS CAMPOS (AEROPORTO),SBSJ,83829,67.01
VARGEM,3556354,SAO PAULO,SBXP,83781,72.08
VARGEM GRANDE DO SUL,3556404,POCOS DE CALDAS (AEROPORTO),SBPC,83644,31.61
VARGEM GRANDE DO SUL,3556404,PIRASSUNUNGA,SBYS,83671,47.31
VARGEM GRANDE DO SUL,3556404,SAO CARLOS,SBSA,83726,103.99
VARGEM GRANDE PAULISTA,3556453,SAO ROQUE,SBRQ,83058,64.07
VARGEM GRANDE PAULISTA,3556453,SAO PAULO (AEROPORTO CONGONHAS),SBSP,83780,65.99
VARGEM GRANDE PAULISTA,3556453,SAO PAULO (CAMPO DE MARTE),SBMT,83779,75.66
VÁRZEA PAULISTA,3556503,SAO JOSE DOS CAMPOS (AEROPORTO),SBSJ,83829,37.4
VÁRZEA PAULISTA,3556503,SAO PAULO (AEROP. DE GUARULHOS),SBGR,83778,37.96
VÁRZEA PAULISTA,3556503,SAO PAULO,SBXP,83781,54.96
VERA CRUZ,3556602,MARILHA - SP,SBML,-,11.25
VERA CRUZ,3556602,LINS,SBLN,83674,63.54
VERA CRUZ,3556602,ASSIS - S,SBAS,-,77.34
VINHEDO,3556701,CAMPINAS (AEROPORTO),SBKP,83721,13.31
VINHEDO,3556701,SAO ROQUE,SBRQ,83058,56.1
VINHEDO,3556701,SAO PAULO,SBXP,83781,64.82
VIRADOURO,3556800,BARRETOS,SBBT,83625,44.3
VIRADOURO,3556800,RIBEIRAO PRETO,SBRP,83668,62.95
VIRADOURO,3556800,FRANCA,SBFC,83630,98.24
VISTA ALEGRE DO ALTO,3556909,BARRETOS,SBBT,83625,66.17
VISTA ALEGRE DO ALTO,3556909,GAVIAO PEIXOTO,SBGP,-,70.95
VISTA ALEGRE DO ALTO,3556909,ARARAQUARA-S,SBAQ,-,87.62
VITÓRIA BRASIL,3556958,ARACATUBA,SBAU,83672,103.45
VITÓRIA BRASIL,3556958,URUBUPUNGA,SBUP,83617,130.89
VITÓRIA BRASIL,3556958,SAO JOSE DO RIO PRET,SBSR,-,131.44
VOTORANTIM,3557006,SAO ROQUE,SBRQ,83058,30.15
VOTORANTIM,3557006,CAMPINAS (AEROPORTO),SBKP,83721,71.23
VOTORANTIM,3557006,SAO PAULO (AEROPORTO CONGONHAS),SBSP,83780,79.33
VOTUPORANGA,3557105,SAO JOSE DO RIO PRET,SBSR,-,72.78
VOTUPORANGA,3557105,ARACATUBA,SBAU,83672,87.03
VOTUPORANGA,3557105,FRONTERA-MG,SBFT,-,87.53
ZACARIAS,3557154,ARACATUBA,SBAU,83672,39.37
ZACARIAS,3557154,LINS,SBLN,83674,68.57
ZACARIAS,3557154,SAO JOSE DO RIO PRET,SBSR,-,76.37
CHAVANTES,3557204,ASSIS - S,SBAS,-,87.33
CHAVANTES,3557204,MARILHA - SP,SBML,-,98.28
CHAVANTES,3557204,BAURU (AEROPORTO),SBBU,83722,105.13
ESTIVA GERBI,3557303,PIRASSUNUNGA,SBYS,83671,48.62
ESTIVA GERBI,3557303,POCOS DE CALDAS (AEROPORTO),SBPC,83644,57.42
ESTIVA GERBI,3557303,CAMPINAS (AEROPORTO),SBKP,83721,87.16