AÇAILÂNDIA,2100055,IMPERATRIZ,SBIZ,82564,82.66
AÇAILÂNDIA,2100055,MARABA,SBMA,82562,209.42
AÇAILÂNDIA,2100055,CAROLINA (AEROPORTO),SBCI,82764,282.19
AFONSO CUNHA,2100105,TERESINA (AER. PETRONIO PORTELA),SBTE,82579,104.97
AFONSO CUNHA,2100105,SBSL (82280) IN SAO LUIZ AEROPORTO,SBSL,82280,206.7
AFONSO CUNHA,2100105,PARNAIBA (AEROPORTO),SBSL,82288,224.13
ÁGUA DOCE DO MARANHÃO,2100154,PARNAIBA (AEROPORTO),SBSL,82288,46.35
ÁGUA DOCE DO MARANHÃO,2100154,SBSL (82280) IN SAO LUIZ AEROPORTO,SBSL,82280,231.3
ÁGUA DOCE DO MARANHÃO,2100154,TERESINA (AER. PETRONIO PORTELA),SBTE,82579,242.75
ALCÂNTARA,2100204,ALCANTARA (CLA),SBSL,82276,14.86
ALCÂNTARA,2100204,SBSL (82280) IN SAO LUIZ AEROPORTO,SBSL,82280,41.51
ALCÂNTARA,2100204,PARNAIBA (AEROPORTO),SBSL,82288,314.45
ALDEIAS ALTAS,2100303,TERESINA (AER. PETRONIO PORTELA),SBTE,82579,85.65
ALDEIAS ALTAS,2100303,SBSL (82280) IN SAO LUIZ AEROPORTO,SBSL,82280,231.04
ALDEIAS ALTAS,2100303,PARNAIBA (AEROPORTO),SBSL,82288,252.63
ALTAMIRA DO MARANHÃO,2100402,SBSL (82280) IN SAO LUIZ AEROPORTO,SBSL,82280,220.69
ALTAMIRA DO MARANHÃO,2100402,ALCANTARA (CLA),SBSL,82276,229.69
ALTAMIRA DO MARANHÃO,2100402,IMPERATRIZ,SBIZ,82564,266.54
ALTO ALEGRE DO MARANHÃO,2100436,SBSL (82280) IN SAO LUIZ AEROPORTO,SBSL,82280,179.95
ALTO ALEGRE DO MARANHÃO,2100436,TERESINA (AER. PETRONIO PORTELA),SBTE,82579,196.81
ALTO ALEGRE DO MARANHÃO,2100436,ALCANTARA (CLA),SBSL,82276,204.5
ALTO ALEGRE DO PINDARÉ,2100477,IMPERATRIZ,SBIZ,82564,242.47
ALTO ALEGRE DO PINDARÉ,2100477,SBSL (82280) IN SAO LUIZ AEROPORTO,SBSL,82280,244.23
ALTO ALEGRE DO PINDARÉ,2100477,ALCANTARA (CLA),SBSL,82276,245.07
ALTO PARNAÍBA,2100501,PALMAS-TO (AEROPORTO),SBPJ,83065,251.23
ALTO PARNAÍBA,2100501,PORTO NACIONAL (AEROPORTO),SBPN,83063,272.68
ALTO PARNAÍBA,2100501,CAROLINA (AEROPORTO),SBCI,82764,279.67
AMAPÁ DO MARANHÃO,2100550,ALCANTARA (CLA),SBSL,82276,188.69
AMAPÁ DO MARANHÃO,2100550,SBSL (82280) IN SAO LUIZ AEROPORTO,SBSL,82280,217.94
AMAPÁ DO MARANHÃO,2100550,BELEM (AEROPORTO),SBBE,82193,282.34
AMARANTE DO MARANHÃO,2100600,IMPERATRIZ,SBIZ,82564,99.78
AMARANTE DO MARANHÃO,2100600,CAROLINA (AEROPORTO),SBCI,82764,247.34
AMARANTE DO MARANHÃO,2100600,MARABA,SBMA,82562,282.29
ANAJATUBA,2100709,SBSL (82280) IN SAO LUIZ AEROPORTO,SBSL,82280,83.19
ANAJATUBA,2100709,ALCANTARA (CLA),SBSL,82276,100.15
ANAJATUBA,2100709,TERESINA (AER. PETRONIO PORTELA),SBTE,82579,278.74
ANAPURUS,2100808,SBSL (82280) IN SAO LUIZ AEROPORTO,SBSL,82280,162.04
ANAPURUS,2100808,PARNAIBA (AEROPORTO),SBSL,82288,165.95
ANAPURUS,2100808,TERESINA (AER. PETRONIO PORTELA),SBTE,82579,168.33
APICUM-AÇU,2100832,ALCANTARA (CLA),SBSL,82276,119.79
APICUM-AÇU,2100832,SBSL (82280) IN SAO LUIZ AEROPORTO,SBSL,82280,152.25
APICUM-AÇU,2100832,BELEM (AEROPORTO),SBBE,82193,377.6
ARAGUANÃ,2100873,ALCANTARA (CLA),SBSL,82276,172.17
ARAGUANÃ,2100873,SBSL (82280) IN SAO LUIZ AEROPORTO,SBSL,82280,181.16
ARAGUANÃ,2100873,IMPERATRIZ,SBIZ,82564,329
ARAIOSES,2100907,PARNAIBA (AEROPORTO),SBSL,82288,30.24
ARAIOSES,2100907,TERESINA (AER. PETRONIO PORTELA),SBTE,82579,245.45
ARAIOSES,2100907,SBSL (82280) IN SAO LUIZ AEROPORTO,SBSL,82280,248.15
ARAME,2100956,IMPERATRIZ,SBIZ,82564,174.67
ARAME,2100956,CAROLINA (AEROPORTO),SBCI,82764,304.93
ARAME,2100956,SBSL (82280) IN SAO LUIZ AEROPORTO,SBSL,82280,331.58
ARARI,2101004,SBSL (82280) IN SAO LUIZ AEROPORTO,SBSL,82280,118.09
ARARI,2101004,ALCANTARA (CLA),SBSL,82276,134.38
ARARI,2101004,TERESINA (AER. PETRONIO PORTELA),SBTE,82579,269.11
AXIXÁ,2101103,SBSL (82280) IN SAO LUIZ AEROPORTO,SBSL,82280,27.76
AXIXÁ,2101103,ALCANTARA (CLA),SBSL,82276,60
AXIXÁ,2101103,PARNAIBA (AEROPORTO),SBSL,82288,261.52
BACABAL,2101202,SBSL (82280) IN SAO LUIZ AEROPORTO,SBSL,82280,184.61
BACABAL,2101202,ALCANTARA (CLA),SBSL,82276,204.17
BACABAL,2101202,TERESINA (AER. PETRONIO PORTELA),SBTE,82579,235.07
BACABEIRA,2101251,SBSL (82280) IN SAO LUIZ AEROPORTO,SBSL,82280,40.12
BACABEIRA,2101251,ALCANTARA (CLA),SBSL,82276,62.35
BACABEIRA,2101251,TERESINA (AER. PETRONIO PORTELA),SBTE,82579,289.79
BACURI,2101301,ALCANTARA (CLA),SBSL,82276,113.97
BACURI,2101301,SBSL (82280) IN SAO LUIZ AEROPORTO,SBSL,82280,146.04
BACURI,2101301,BELEM (AEROPORTO),SBBE,82193,369.16
BACURITUBA,2101350,ALCANTARA (CLA),SBSL,82276,44.02
BACURITUBA,2101350,SBSL (82280) IN SAO LUIZ AEROPORTO,SBSL,82280,46.92
BACURITUBA,2101350,PARNAIBA (AEROPORTO),SBSL,82288,321.16
BALSAS,2101400,CAROLINA (AEROPORTO),SBCI,82764,160.77
BALSAS,2101400,PALMAS-TO (AEROPORTO),SBPJ,83065,318.16
BALSAS,2101400,CONCEICAO DO ARAGUAIA,SBAA,82861,325.83
BARÃO DE GRAJAÚ,2101509,FLORIANO,SBTE,82678,27.64
BARÃO DE GRAJAÚ,2101509,TERESINA (AER. PETRONIO PORTELA),SBTE,82579,178.16
BARÃO DE GRAJAÚ,2101509,PETROLINA (AEROPORTO),SBPL,82984,423.01
BARRA DO CORDA,2101608,IMPERATRIZ,SBIZ,82564,250.98
BARRA DO CORDA,2101608,TERESINA (AER. PETRONIO PORTELA),SBTE,82579,266.82
BARRA DO CORDA,2101608,FLORIANO,SBTE,82678,277.48
BARREIRINHAS,2101707,PARNAIBA (AEROPORTO),SBSL,82288,129.95
BARREIRINHAS,2101707,SBSL (82280) IN SAO LUIZ AEROPORTO,SBSL,82280,147.23
BARREIRINHAS,2101707,ALCANTARA (CLA),SBSL,82276,172.99
BELÁGUA,2101731,SBSL (82280) IN SAO LUIZ AEROPORTO,SBSL,82280,100.65
BELÁGUA,2101731,ALCANTARA (CLA),SBSL,82276,131.72
BELÁGUA,2101731,PARNAIBA (AEROPORTO),SBSL,82288,190.45
BELA VISTA DO MARANHÃO,2101772,SBSL (82280) IN SAO LUIZ AEROPORTO,SBSL,82280,178.45
BELA VISTA DO MARANHÃO,2101772,ALCANTARA (CLA),SBSL,82276,186.51
BELA VISTA DO MARANHÃO,2101772,IMPERATRIZ,SBIZ,82564,306.15
BENEDITO LEITE,2101806,FLORIANO,SBTE,82678,175.45
BENEDITO LEITE,2101806,TERESINA (AER. PETRONIO PORTELA),SBTE,82579,302.91
BENEDITO LEITE,2101806,CAROLINA (AEROPORTO),SBCI,82764,320.82
BEQUIMÃO,2101905,ALCANTARA (CLA),SBSL,82276,43.47
BEQUIMÃO,2101905,SBSL (82280) IN SAO LUIZ AEROPORTO,SBSL,82280,65.97
BEQUIMÃO,2101905,PARNAIBA (AEROPORTO),SBSL,82288,341.83
BERNARDO DO MEARIM,2101939,TERESINA (AER. PETRONIO PORTELA),SBTE,82579,210.88
BERNARDO DO MEARIM,2101939,SBSL (82280) IN SAO LUIZ AEROPORTO,SBSL,82280,236.66
BERNARDO DO MEARIM,2101939,ALCANTARA (CLA),SBSL,82276,258.43
BOA VISTA DO GURUPI,2101970,ALCANTARA (CLA),SBSL,82276,208.91
BOA VISTA DO GURUPI,2101970,SBSL (82280) IN SAO LUIZ AEROPORTO,SBSL,82280,236.75
BOA VISTA DO GURUPI,2101970,BELEM (AEROPORTO),SBBE,82193,258.34
BOM JARDIM,2102002,IMPERATRIZ,SBIZ,82564,213.36
BOM JARDIM,2102002,ALCANTARA (CLA),SBSL,82276,281.32
BOM JARDIM,2102002,SBSL (82280) IN SAO LUIZ AEROPORTO,SBSL,82280,283.61
BOM JESUS DAS SELVAS,2102036,IMPERATRIZ,SBIZ,82564,132.44
BOM JESUS DAS SELVAS,2102036,MARABA,SBMA,82562,283.45
BOM JESUS DAS SELVAS,2102036,CAROLINA (AEROPORTO),SBCI,82764,314.5
BOM LUGAR,2102077,SBSL (82280) IN SAO LUIZ AEROPORTO,SBSL,82280,213.61
BOM LUGAR,2102077,ALCANTARA (CLA),SBSL,82276,230.36
BOM LUGAR,2102077,TERESINA (AER. PETRONIO PORTELA),SBTE,82579,255.46
BREJO,2102101,PARNAIBA (AEROPORTO),SBSL,82288,146.99
BREJO,2102101,TERESINA (AER. PETRONIO PORTELA),SBTE,82579,149.33
BREJO,2102101,SBSL (82280) IN SAO LUIZ AEROPORTO,SBSL,82280,196.17
BREJO DE AREIA,2102150,SBSL (82280) IN SAO LUIZ AEROPORTO,SBSL,82280,245.9
BREJO DE AREIA,2102150,IMPERATRIZ,SBIZ,82564,246.39
BREJO DE AREIA,2102150,ALCANTARA (CLA),SBSL,82276,256.31
BURITI,2102200,TERESINA (AER. PETRONIO PORTELA),SBTE,82579,127.19
BURITI,2102200,PARNAIBA (AEROPORTO),SBSL,82288,176.57
BURITI,2102200,SBSL (82280) IN SAO LUIZ AEROPORTO,SBSL,82280,198.03
BURITI BRAVO,2102309,TERESINA (AER. PETRONIO PORTELA),SBTE,82579,140.14
BURITI BRAVO,2102309,FLORIANO,SBTE,82678,141.12
BURITI BRAVO,2102309,SBSL (82280) IN SAO LUIZ AEROPORTO,SBSL,82280,357.26
BURITICUPU,2102325,IMPERATRIZ,SBIZ,82564,167.66
BURITICUPU,2102325,SBSL (82280) IN SAO LUIZ AEROPORTO,SBSL,82280,315.83
BURITICUPU,2102325,ALCANTARA (CLA),SBSL,82276,319.67
BURITIRANA,2102358,IMPERATRIZ,SBIZ,82564,43
BURITIRANA,2102358,CAROLINA (AEROPORTO),SBCI,82764,205.4
BURITIRANA,2102358,MARABA,SBMA,82562,229.56
CACHOEIRA GRANDE,2102374,SBSL (82280) IN SAO LUIZ AEROPORTO,SBSL,82280,66.12
CACHOEIRA GRANDE,2102374,ALCANTARA (CLA),SBSL,82276,98.32
CACHOEIRA GRANDE,2102374,PARNAIBA (AEROPORTO),SBSL,82288,243.16
CAJAPIÓ,2102408,SBSL (82280) IN SAO LUIZ AEROPORTO,SBSL,82280,48.96
CAJAPIÓ,2102408,ALCANTARA (CLA),SBSL,82276,58.17
CAJAPIÓ,2102408,TERESINA (AER. PETRONIO PORTELA),SBTE,82579,309.55
CAJARI,2102507,SBSL (82280) IN SAO LUIZ AEROPORTO,SBSL,82280,127.58
CAJARI,2102507,ALCANTARA (CLA),SBSL,82276,134.66
CAJARI,2102507,TERESINA (AER. PETRONIO PORTELA),SBTE,82579,307.43
CAMPESTRE DO MARANHÃO,2102556,IMPERATRIZ,SBIZ,82564,75.81
CAMPESTRE DO MARANHÃO,2102556,CAROLINA (AEROPORTO),SBCI,82764,129.2
CAMPESTRE DO MARANHÃO,2102556,MARABA,SBMA,82562,225.05
CÂNDIDO MENDES,2102606,ALCANTARA (CLA),SBSL,82276,164.45
CÂNDIDO MENDES,2102606,SBSL (82280) IN SAO LUIZ AEROPORTO,SBSL,82280,195.03
CÂNDIDO MENDES,2102606,BELEM (AEROPORTO),SBBE,82193,311.97
CANTANHEDE,2102705,SBSL (82280) IN SAO LUIZ AEROPORTO,SBSL,82280,113.7
CANTANHEDE,2102705,ALCANTARA (CLA),SBSL,82276,140
CANTANHEDE,2102705,TERESINA (AER. PETRONIO PORTELA),SBTE,82579,223.86
CAPINZAL DO NORTE,2102754,TERESINA (AER. PETRONIO PORTELA),SBTE,82579,169.17
CAPINZAL DO NORTE,2102754,SBSL (82280) IN SAO LUIZ AEROPORTO,SBSL,82280,231.75
CAPINZAL DO NORTE,2102754,ALCANTARA (CLA),SBSL,82276,257.34
CAROLINA,2102804,CAROLINA (AEROPORTO),SBCI,82764,30.04
CAROLINA,2102804,IMPERATRIZ,SBIZ,82564,207.86
CAROLINA,2102804,CONCEICAO DO ARAGUAIA,SBAA,82861,255.26
CARUTAPERA,2102903,ALCANTARA (CLA),SBSL,82276,213.52
CARUTAPERA,2102903,SBSL (82280) IN SAO LUIZ AEROPORTO,SBSL,82280,244.3
CARUTAPERA,2102903,BELEM (AEROPORTO),SBBE,82193,271.66
CAXIAS,2103000,TERESINA (AER. PETRONIO PORTELA),SBTE,82579,55.52
CAXIAS,2103000,FLORIANO,SBTE,82678,214.42
CAXIAS,2103000,SBSL (82280) IN SAO LUIZ AEROPORTO,SBSL,82280,271.67
CEDRAL,2103109,ALCANTARA (CLA),SBSL,82276,48.24
CEDRAL,2103109,SBSL (82280) IN SAO LUIZ AEROPORTO,SBSL,82280,80.3
CEDRAL,2103109,PARNAIBA (AEROPORTO),SBSL,82288,332.59
CENTRAL DO MARANHÃO,2103125,ALCANTARA (CLA),SBSL,82276,52.95
CENTRAL DO MARANHÃO,2103125,SBSL (82280) IN SAO LUIZ AEROPORTO,SBSL,82280,81.06
CENTRAL DO MARANHÃO,2103125,PARNAIBA (AEROPORTO),SBSL,82288,353.55
CENTRO DO GUILHERME,2103158,ALCANTARA (CLA),SBSL,82276,192.01
CENTRO DO GUILHERME,2103158,SBSL (82280) IN SAO LUIZ AEROPORTO,SBSL,82280,213.56
CENTRO DO GUILHERME,2103158,BELEM (AEROPORTO),SBBE,82193,282.9
CENTRO NOVO DO MARANHÃO,2103174,ALCANTARA (CLA),SBSL,82276,250.45
CENTRO NOVO DO MARANHÃO,2103174,SBSL (82280) IN SAO LUIZ AEROPORTO,SBSL,82280,263.03
CENTRO NOVO DO MARANHÃO,2103174,BELEM (AEROPORTO),SBBE,82193,287.22
CHAPADINHA,2103208,TERESINA (AER. PETRONIO PORTELA),SBTE,82579,148.97
CHAPADINHA,2103208,SBSL (82280) IN SAO LUIZ AEROPORTO,SBSL,82280,162.83
CHAPADINHA,2103208,ALCANTARA (CLA),SBSL,82276,195.12
CIDELÂNDIA,2103257,IMPERATRIZ,SBIZ,82564,66.47
CIDELÂNDIA,2103257,MARABA,SBMA,82562,148.1
CIDELÂNDIA,2103257,TUCURUI,SBTU,82361,253.13
CODÓ,2103307,TERESINA (AER. PETRONIO PORTELA),SBTE,82579,127.12
CODÓ,2103307,SBSL (82280) IN SAO LUIZ AEROPORTO,SBSL,82280,226.26
CODÓ,2103307,ALCANTARA (CLA),SBSL,82276,255.23
COELHO NETO,2103406,TERESINA (AER. PETRONIO PORTELA),SBTE,82579,92.78
COELHO NETO,2103406,PARNAIBA (AEROPORTO),SBSL,82288,211.31
COELHO NETO,2103406,SBSL (82280) IN SAO LUIZ AEROPORTO,SBSL,82280,220.69
COLINAS,2103505,FLORIANO,SBTE,82678,150.98
COLINAS,2103505,TERESINA (AER. PETRONIO PORTELA),SBTE,82579,188.99
COLINAS,2103505,IMPERATRIZ,SBIZ,82564,366.41
CONCEIÇÃO DO LAGO-AÇU,2103554,SBSL (82280) IN SAO LUIZ AEROPORTO,SBSL,82280,149.87
CONCEIÇÃO DO LAGO-AÇU,2103554,ALCANTARA (CLA),SBSL,82276,166.09
CONCEIÇÃO DO LAGO-AÇU,2103554,TERESINA (AER. PETRONIO PORTELA),SBTE,82579,262.36
COROATÁ,2103604,SBSL (82280) IN SAO LUIZ AEROPORTO,SBSL,82280,167.24
COROATÁ,2103604,TERESINA (AER. PETRONIO PORTELA),SBTE,82579,179.51
COROATÁ,2103604,ALCANTARA (CLA),SBSL,82276,194.67
CURURUPU,2103703,ALCANTARA (CLA),SBSL,82276,88.6
CURURUPU,2103703,SBSL (82280) IN SAO LUIZ AEROPORTO,SBSL,82280,120.89
CURURUPU,2103703,PARNAIBA (AEROPORTO),SBSL,82288,366.6
DAVINÓPOLIS,2103752,IMPERATRIZ,SBIZ,82564,17.35
DAVINÓPOLIS,2103752,CAROLINA (AEROPORTO),SBCI,82764,192.76
DAVINÓPOLIS,2103752,MARABA,SBMA,82562,202.78
DOM PEDRO,2103802,TERESINA (AER. PETRONIO PORTELA),SBTE,82579,174.87
DOM PEDRO,2103802,FLORIANO,SBTE,82678,247.17
DOM PEDRO,2103802,SBSL (82280) IN SAO LUIZ AEROPORTO,SBSL,82280,269.89
DUQUE BACELAR,2103901,TERESINA (AER. PETRONIO PORTELA),SBTE,82579,105.61
DUQUE BACELAR,2103901,PARNAIBA (AEROPORTO),SBSL,82288,191.69
DUQUE BACELAR,2103901,SBSL (82280) IN SAO LUIZ AEROPORTO,SBSL,82280,214.1
ESPERANTINÓPOLIS,2104008,TERESINA (AER. PETRONIO PORTELA),SBTE,82579,229.91
ESPERANTINÓPOLIS,2104008,SBSL (82280) IN SAO LUIZ AEROPORTO,SBSL,82280,265.93
ESPERANTINÓPOLIS,2104008,ALCANTARA (CLA),SBSL,82276,286.11
ESTREITO,2104057,CAROLINA (AEROPORTO),SBCI,82764,66.72
ESTREITO,2104057,IMPERATRIZ,SBIZ,82564,143.05
ESTREITO,2104057,MARABA,SBMA,82562,264.85
FEIRA NOVA DO MARANHÃO,2104073,CAROLINA (AEROPORTO),SBCI,82764,99.9
FEIRA NOVA DO MARANHÃO,2104073,IMPERATRIZ,SBIZ,82564,187.91
FEIRA NOVA DO MARANHÃO,2104073,MARABA,SBMA,82562,330.82
FERNANDO FALCÃO,2104081,IMPERATRIZ,SBIZ,82564,248.05
FERNANDO FALCÃO,2104081,FLORIANO,SBTE,82678,261.13
FERNANDO FALCÃO,2104081,CAROLINA (AEROPORTO),SBCI,82764,270.81
FORMOSA DA SERRA NEGRA,2104099,CAROLINA (AEROPORTO),SBCI,82764,167.85
FORMOSA DA SERRA NEGRA,2104099,IMPERATRIZ,SBIZ,82564,179.99
FORMOSA DA SERRA NEGRA,2104099,FLORIANO,SBTE,82678,349.61
FORTALEZA DOS NOGUEIRAS,2104107,CAROLINA (AEROPORTO),SBCI,82764,158.15
FORTALEZA DOS NOGUEIRAS,2104107,IMPERATRIZ,SBIZ,82564,220.7
FORTALEZA DOS NOGUEIRAS,2104107,FLORIANO,SBTE,82678,338.71
FORTUNA,2104206,TERESINA (AER. PETRONIO PORTELA),SBTE,82579,151.58
FORTUNA,2104206,FLORIANO,SBTE,82678,165.73
FORTUNA,2104206,SBSL (82280) IN SAO LUIZ AEROPORTO,SBSL,82280,341.83
GODOFREDO VIANA,2104305,ALCANTARA (CLA),SBSL,82276,188.19
GODOFREDO VIANA,2104305,SBSL (82280) IN SAO LUIZ AEROPORTO,SBSL,82280,219.61
GODOFREDO VIANA,2104305,BELEM (AEROPORTO),SBBE,82193,300.59
GONÇALVES DIAS,2104404,TERESINA (AER. PETRONIO PORTELA),SBTE,82579,150.3
GONÇALVES DIAS,2104404,FLORIANO,SBTE,82678,220.18
GONÇALVES DIAS,2104404,SBSL (82280) IN SAO LUIZ AEROPORTO,SBSL,82280,284.09
GOVERNADOR ARCHER,2104503,TERESINA (AER. PETRONIO PORTELA),SBTE,82579,155.41
GOVERNADOR ARCHER,2104503,FLORIANO,SBTE,82678,237.99
GOVERNADOR ARCHER,2104503,SBSL (82280) IN SAO LUIZ AEROPORTO,SBSL,82280,266.32
GOVERNADOR EDISON LOBÃO,2104552,IMPERATRIZ,SBIZ,82564,26.05
GOVERNADOR EDISON LOBÃO,2104552,CAROLINA (AEROPORTO),SBCI,82764,178.81
GOVERNADOR EDISON LOBÃO,2104552,MARABA,SBMA,82562,203.51
GOVERNADOR EUGÊNIO BARROS,2104602,TERESINA (AER. PETRONIO PORTELA),SBTE,82579,143.64
GOVERNADOR EUGÊNIO BARROS,2104602,FLORIANO,SBTE,82678,192.66
GOVERNADOR EUGÊNIO BARROS,2104602,SBSL (82280) IN SAO LUIZ AEROPORTO,SBSL,82280,310.16
GOVERNADOR LUIZ ROCHA,2104628,TERESINA (AER. PETRONIO PORTELA),SBTE,82579,151.92
GOVERNADOR LUIZ ROCHA,2104628,FLORIANO,SBTE,82678,181.29
GOVERNADOR LUIZ ROCHA,2104628,SBSL (82280) IN SAO LUIZ AEROPORTO,SBSL,82280,326.96
GOVERNADOR NEWTON BELLO,2104651,ALCANTARA (CLA),SBSL,82276,205.4
GOVERNADOR NEWTON BELLO,2104651,SBSL (82280) IN SAO LUIZ AEROPORTO,SBSL,82280,209.77
GOVERNADOR NEWTON BELLO,2104651,IMPERATRIZ,SBIZ,82564,288.41
GOVERNADOR NUNES FREIRE,2104677,ALCANTARA (CLA),SBSL,82276,161.26
GOVERNADOR NUNES FREIRE,2104677,SBSL (82280) IN SAO LUIZ AEROPORTO,SBSL,82280,187.38
GOVERNADOR NUNES FREIRE,2104677,BELEM (AEROPORTO),SBBE,82193,304.61
GRAÇA ARANHA,2104701,TERESINA (AER. PETRONIO PORTELA),SBTE,82579,171.27
GRAÇA ARANHA,2104701,FLORIANO,SBTE,82678,208.1
GRAÇA ARANHA,2104701,SBSL (82280) IN SAO LUIZ AEROPORTO,SBSL,82280,313.15
GRAJAÚ,2104800,IMPERATRIZ,SBIZ,82564,162.91
GRAJAÚ,2104800,CAROLINA (AEROPORTO),SBCI,82764,229.98
GRAJAÚ,2104800,FLORIANO,SBTE,82678,346.58
GUIMARÃES,2104909,ALCANTARA (CLA),SBSL,82276,36.78
GUIMARÃES,2104909,SBSL (82280) IN SAO LUIZ AEROPORTO,SBSL,82280,69.02
GUIMARÃES,2104909,PARNAIBA (AEROPORTO),SBSL,82288,332.69
HUMBERTO DE CAMPOS,2105005,SBSL (82280) IN SAO LUIZ AEROPORTO,SBSL,82280,70.95
HUMBERTO DE CAMPOS,2105005,ALCANTARA (CLA),SBSL,82276,94.88
HUMBERTO DE CAMPOS,2105005,PARNAIBA (AEROPORTO),SBSL,82288,206.24
ICATU,2105104,SBSL (82280) IN SAO LUIZ AEROPORTO,SBSL,82280,38.9
ICATU,2105104,ALCANTARA (CLA),SBSL,82276,65.12
ICATU,2105104,PARNAIBA (AEROPORTO),SBSL,82288,237.84
IGARAPÉ DO MEIO,2105153,SBSL (82280) IN SAO LUIZ AEROPORTO,SBSL,82280,154.5
IGARAPÉ DO MEIO,2105153,ALCANTARA (CLA),SBSL,82276,164.08
IGARAPÉ DO MEIO,2105153,TERESINA (AER. PETRONIO PORTELA),SBTE,82579,297.62
IGARAPÉ GRANDE,2105203,TERESINA (AER. PETRONIO PORTELA),SBTE,82579,227
IGARAPÉ GRANDE,2105203,SBSL (82280) IN SAO LUIZ AEROPORTO,SBSL,82280,230.6
IGARAPÉ GRANDE,2105203,ALCANTARA (CLA),SBSL,82276,250.73
IMPERATRIZ,2105302,IMPERATRIZ,SBIZ,82564,24.36
IMPERATRIZ,2105302,MARABA,SBMA,82562,172.16
IMPERATRIZ,2105302,CAROLINA (AEROPORTO),SBCI,82764,220.49
ITAIPAVA DO GRAJAÚ,2105351,IMPERATRIZ,SBIZ,82564,199.99
ITAIPAVA DO GRAJAÚ,2105351,CAROLINA (AEROPORTO),SBCI,82764,308.5
ITAIPAVA DO GRAJAÚ,2105351,TERESINA (AER. PETRONIO PORTELA),SBTE,82579,316.51
ITAPECURU MIRIM,2105401,SBSL (82280) IN SAO LUIZ AEROPORTO,SBSL,82280,87.93
ITAPECURU MIRIM,2105401,ALCANTARA (CLA),SBSL,82276,114.1
ITAPECURU MIRIM,2105401,TERESINA (AER. PETRONIO PORTELA),SBTE,82579,243.73
ITINGA DO MARANHÃO,2105427,IMPERATRIZ,SBIZ,82564,140.44
ITINGA DO MARANHÃO,2105427,MARABA,SBMA,82562,240.5
ITINGA DO MARANHÃO,2105427,TUCURUI,SBTU,82361,278.23
JATOBÁ,2105450,FLORIANO,SBTE,82678,173.86
JATOBÁ,2105450,TERESINA (AER. PETRONIO PORTELA),SBTE,82579,187
JATOBÁ,2105450,IMPERATRIZ,SBIZ,82564,351.19
JENIPAPO DOS VIEIRAS,2105476,IMPERATRIZ,SBIZ,82564,207.97
JENIPAPO DOS VIEIRAS,2105476,CAROLINA (AEROPORTO),SBCI,82764,299.71
JENIPAPO DOS VIEIRAS,2105476,TERESINA (AER. PETRONIO PORTELA),SBTE,82579,307.77
JOÃO LISBOA,2105500,IMPERATRIZ,SBIZ,82564,44.05
JOÃO LISBOA,2105500,MARABA,SBMA,82562,216.22
JOÃO LISBOA,2105500,CAROLINA (AEROPORTO),SBCI,82764,234.92
JOSELÂNDIA,2105609,TERESINA (AER. PETRONIO PORTELA),SBTE,82579,214.49
JOSELÂNDIA,2105609,FLORIANO,SBTE,82678,273.84
JOSELÂNDIA,2105609,SBSL (82280) IN SAO LUIZ AEROPORTO,SBSL,82280,274.98
JUNCO DO MARANHÃO,2105658,ALCANTARA (CLA),SBSL,82276,197.18
JUNCO DO MARANHÃO,2105658,SBSL (82280) IN SAO LUIZ AEROPORTO,SBSL,82280,223.88
JUNCO DO MARANHÃO,2105658,BELEM (AEROPORTO),SBBE,82193,268.66
LAGO DA PEDRA,2105708,SBSL (82280) IN SAO LUIZ AEROPORTO,SBSL,82280,261.74
LAGO DA PEDRA,2105708,IMPERATRIZ,SBIZ,82564,263.37
LAGO DA PEDRA,2105708,TERESINA (AER. PETRONIO PORTELA),SBTE,82579,266.21
LAGO DO JUNCO,2105807,SBSL (82280) IN SAO LUIZ AEROPORTO,SBSL,82280,231.53
LAGO DO JUNCO,2105807,TERESINA (AER. PETRONIO PORTELA),SBTE,82579,246.31
LAGO DO JUNCO,2105807,ALCANTARA (CLA),SBSL,82276,249.54
LAGO VERDE,2105906,SBSL (82280) IN SAO LUIZ AEROPORTO,SBSL,82280,171.27
LAGO VERDE,2105906,ALCANTARA (CLA),SBSL,82276,188.03
LAGO VERDE,2105906,TERESINA (AER. PETRONIO PORTELA),SBTE,82579,256.25
LAGOA DO MATO,2105922,FLORIANO,SBTE,82678,94.84
LAGOA DO MATO,2105922,TERESINA (AER. PETRONIO PORTELA),SBTE,82579,136.82
LAGOA DO MATO,2105922,SBSL (82280) IN SAO LUIZ AEROPORTO,SBSL,82280,393.04
LAGO DOS RODRIGUES,2105948,SBSL (82280) IN SAO LUIZ AEROPORTO,SBSL,82280,236.95
LAGO DOS RODRIGUES,2105948,TERESINA (AER. PETRONIO PORTELA),SBTE,82579,238.18
LAGO DOS RODRIGUES,2105948,ALCANTARA (CLA),SBSL,82276,255.92
LAGOA GRANDE DO MARANHÃO,2105963,IMPERATRIZ,SBIZ,82564,236
LAGOA GRANDE DO MARANHÃO,2105963,TERESINA (AER. PETRONIO PORTELA),SBTE,82579,286.34
LAGOA GRANDE DO MARANHÃO,2105963,SBSL (82280) IN SAO LUIZ AEROPORTO,SBSL,82280,290.39
LAJEADO NOVO,2105989,IMPERATRIZ,SBIZ,82564,87.13
LAJEADO NOVO,2105989,CAROLINA (AEROPORTO),SBCI,82764,148.02
LAJEADO NOVO,2105989,MARABA,SBMA,82562,257.27
LIMA CAMPOS,2106003,TERESINA (AER. PETRONIO PORTELA),SBTE,82579,189.67
LIMA CAMPOS,2106003,SBSL (82280) IN SAO LUIZ AEROPORTO,SBSL,82280,219.28
LIMA CAMPOS,2106003,ALCANTARA (CLA),SBSL,82276,243.28
LORETO,2106102,FLORIANO,SBTE,82678,247.89
LORETO,2106102,CAROLINA (AEROPORTO),SBCI,82764,248.46
LORETO,2106102,IMPERATRIZ,SBIZ,82564,310.64
LUÍS DOMINGUES,2106201,ALCANTARA (CLA),SBSL,82276,198.34
LUÍS DOMINGUES,2106201,SBSL (82280) IN SAO LUIZ AEROPORTO,SBSL,82280,229.35
LUÍS DOMINGUES,2106201,BELEM (AEROPORTO),SBBE,82193,286.89
MAGALHÃES DE ALMEIDA,2106300,PARNAIBA (AEROPORTO),SBSL,82288,64.18
MAGALHÃES DE ALMEIDA,2106300,TERESINA (AER. PETRONIO PORTELA),SBTE,82579,204.82
MAGALHÃES DE ALMEIDA,2106300,SBSL (82280) IN SAO LUIZ AEROPORTO,SBSL,82280,239.06
MARACAÇUMÉ,2106326,ALCANTARA (CLA),SBSL,82276,182.16
MARACAÇUMÉ,2106326,SBSL (82280) IN SAO LUIZ AEROPORTO,SBSL,82280,208.6
MARACAÇUMÉ,2106326,BELEM (AEROPORTO),SBBE,82193,283.63
MARAJÁ DO SENA,2106359,IMPERATRIZ,SBIZ,82564,220.89
MARAJÁ DO SENA,2106359,SBSL (82280) IN SAO LUIZ AEROPORTO,SBSL,82280,281.37
MARAJÁ DO SENA,2106359,ALCANTARA (CLA),SBSL,82276,293.11
MARANHÃOZINHO,2106375,ALCANTARA (CLA),SBSL,82276,176.71
MARANHÃOZINHO,2106375,SBSL (82280) IN SAO LUIZ AEROPORTO,SBSL,82280,197.14
MARANHÃOZINHO,2106375,BELEM (AEROPORTO),SBBE,82193,300.9
MATA ROMA,2106409,SBSL (82280) IN SAO LUIZ AEROPORTO,SBSL,82280,158.63
MATA ROMA,2106409,TERESINA (AER. PETRONIO PORTELA),SBTE,82579,162.52
MATA ROMA,2106409,PARNAIBA (AEROPORTO),SBSL,82288,181.83
MATINHA,2106508,SBSL (82280) IN SAO LUIZ AEROPORTO,SBSL,82280,101.36
MATINHA,2106508,ALCANTARA (CLA),SBSL,82276,102.67
MATINHA,2106508,TERESINA (AER. PETRONIO PORTELA),SBTE,82579,325.53
MATÕES,2106607,TERESINA (AER. PETRONIO PORTELA),SBTE,82579,66.84
MATÕES,2106607,FLORIANO,SBTE,82678,157.43
MATÕES,2106607,PARNAIBA (AEROPORTO),SBSL,82288,323.88
MATÕES DO NORTE,2106631,SBSL (82280) IN SAO LUIZ AEROPORTO,SBSL,82280,131.76
MATÕES DO NORTE,2106631,ALCANTARA (CLA),SBSL,82276,154.43
MATÕES DO NORTE,2106631,TERESINA (AER. PETRONIO PORTELA),SBTE,82579,232.01
MILAGRES DO MARANHÃO,2106672,PARNAIBA (AEROPORTO),SBSL,82288,132.59
MILAGRES DO MARANHÃO,2106672,TERESINA (AER. PETRONIO PORTELA),SBTE,82579,170.55
MILAGRES DO MARANHÃO,2106672,SBSL (82280) IN SAO LUIZ AEROPORTO,SBSL,82280,186.96
MIRADOR,2106706,FLORIANO,SBTE,82678,215.33
MIRADOR,2106706,TERESINA (AER. PETRONIO PORTELA),SBTE,82579,283.17
MIRADOR,2106706,CAROLINA (AEROPORTO),SBCI,82764,295.16
MIRANDA DO NORTE,2106755,SBSL (82280) IN SAO LUIZ AEROPORTO,SBSL,82280,108.89
MIRANDA DO NORTE,2106755,ALCANTARA (CLA),SBSL,82276,129.78
MIRANDA DO NORTE,2106755,TERESINA (AER. PETRONIO PORTELA),SBTE,82579,252.21
MIRINZAL,2106805,ALCANTARA (CLA),SBSL,82276,60.18
MIRINZAL,2106805,SBSL (82280) IN SAO LUIZ AEROPORTO,SBSL,82280,91.74
MIRINZAL,2106805,PARNAIBA (AEROPORTO),SBSL,82288,356.7
MONÇÃO,2106904,SBSL (82280) IN SAO LUIZ AEROPORTO,SBSL,82280,157.03
MONÇÃO,2106904,ALCANTARA (CLA),SBSL,82276,160.72
MONÇÃO,2106904,TERESINA (AER. PETRONIO PORTELA),SBTE,82579,326.69
MONTES ALTOS,2107001,IMPERATRIZ,SBIZ,82564,58.81
MONTES ALTOS,2107001,CAROLINA (AEROPORTO),SBCI,82764,169.32
MONTES ALTOS,2107001,MARABA,SBMA,82562,237.43
MORROS,2107100,SBSL (82280) IN SAO LUIZ AEROPORTO,SBSL,82280,64.43
MORROS,2107100,ALCANTARA (CLA),SBSL,82276,96.44
MORROS,2107100,PARNAIBA (AEROPORTO),SBSL,82288,225.18
NINA RODRIGUES,2107209,SBSL (82280) IN SAO LUIZ AEROPORTO,SBSL,82280,102.64
NINA RODRIGUES,2107209,ALCANTARA (CLA),SBSL,82276,134.57
NINA RODRIGUES,2107209,TERESINA (AER. PETRONIO PORTELA),SBTE,82579,209.35
NOVA COLINAS,2107258,CAROLINA (AEROPORTO),SBCI,82764,134.4
NOVA COLINAS,2107258,IMPERATRIZ,SBIZ,82564,223.12
NOVA COLINAS,2107258,CONCEICAO DO ARAGUAIA,SBAA,82861,360.31
NOVA IORQUE,2107308,FLORIANO,SBTE,82678,112.61
NOVA IORQUE,2107308,TERESINA (AER. PETRONIO PORTELA),SBTE,82579,234.01
NOVA IORQUE,2107308,CAROLINA (AEROPORTO),SBCI,82764,383.84
NOVA OLINDA DO MARANHÃO,2107357,ALCANTARA (CLA),SBSL,82276,182.15
NOVA OLINDA DO MARANHÃO,2107357,SBSL (82280) IN SAO LUIZ AEROPORTO,SBSL,82280,195.19
NOVA OLINDA DO MARANHÃO,2107357,BELEM (AEROPORTO),SBBE,82193,327.56
OLHO D'ÁGUA DAS CUNHÃS,2107407,SBSL (82280) IN SAO LUIZ AEROPORTO,SBSL,82280,193.94
OLHO D'ÁGUA DAS CUNHÃS,2107407,ALCANTARA (CLA),SBSL,82276,207.78
OLHO D'ÁGUA DAS CUNHÃS,2107407,TERESINA (AER. PETRONIO PORTELA),SBTE,82579,275.37
OLINDA NOVA DO MARANHÃO,2107456,ALCANTARA (CLA),SBSL,82276,95.5
OLINDA NOVA DO MARANHÃO,2107456,SBSL (82280) IN SAO LUIZ AEROPORTO,SBSL,82280,97.15
OLINDA NOVA DO MARANHÃO,2107456,TERESINA (AER. PETRONIO PORTELA),SBTE,82579,333.46
PAÇO DO LUMIAR,2107506,SBSL (82280) IN SAO LUIZ AEROPORTO,SBSL,82280,9.46
PAÇO DO LUMIAR,2107506,ALCANTARA (CLA),SBSL,82276,36.8
PAÇO DO LUMIAR,2107506,PARNAIBA (AEROPORTO),SBSL,82288,268.12
PALMEIRÂNDIA,2107605,ALCANTARA (CLA),SBSL,82276,78.18
PALMEIRÂNDIA,2107605,SBSL (82280) IN SAO LUIZ AEROPORTO,SBSL,82280,90.04
PALMEIRÂNDIA,2107605,TERESINA (AER. PETRONIO PORTELA),SBTE,82579,356.91
PARAIBANO,2107704,FLORIANO,SBTE,82678,107.84
PARAIBANO,2107704,TERESINA (AER. PETRONIO PORTELA),SBTE,82579,195.59
PARAIBANO,2107704,IMPERATRIZ,SBIZ,82564,402.14
PARNARAMA,2107803,TERESINA (AER. PETRONIO PORTELA),SBTE,82579,97.45
PARNARAMA,2107803,FLORIANO,SBTE,82678,136.42
PARNARAMA,2107803,SBSL (82280) IN SAO LUIZ AEROPORTO,SBSL,82280,346.71
PASSAGEM FRANCA,2107902,FLORIANO,SBTE,82678,106.61
PASSAGEM FRANCA,2107902,TERESINA (AER. PETRONIO PORTELA),SBTE,82579,162.37
PASSAGEM FRANCA,2107902,SBSL (82280) IN SAO LUIZ AEROPORTO,SBSL,82280,398.34
PASTOS BONS,2108009,FLORIANO,SBTE,82678,129.1
PASTOS BONS,2108009,TERESINA (AER. PETRONIO PORTELA),SBTE,82579,233.23
PASTOS BONS,2108009,CAROLINA (AEROPORTO),SBCI,82764,371
PAULINO NEVES,2108058,PARNAIBA (AEROPORTO),SBSL,82288,95.87
PAULINO NEVES,2108058,SBSL (82280) IN SAO LUIZ AEROPORTO,SBSL,82280,180.96
PAULINO NEVES,2108058,ALCANTARA (CLA),SBSL,82276,205.91
PAULO RAMOS,2108108,SBSL (82280) IN SAO LUIZ AEROPORTO,SBSL,82280,248.19
PAULO RAMOS,2108108,IMPERATRIZ,SBIZ,82564,256.71
PAULO RAMOS,2108108,ALCANTARA (CLA),SBSL,82276,261.75
PEDREIRAS,2108207,TERESINA (AER. PETRONIO PORTELA),SBTE,82579,201.39
PEDREIRAS,2108207,SBSL (82280) IN SAO LUIZ AEROPORTO,SBSL,82280,228.34
PEDREIRAS,2108207,ALCANTARA (CLA),SBSL,82276,251.08
PEDRO DO ROSÁRIO,2108256,ALCANTARA (CLA),SBSL,82276,133.52
PEDRO DO ROSÁRIO,2108256,SBSL (82280) IN SAO LUIZ AEROPORTO,SBSL,82280,141.17
PEDRO DO ROSÁRIO,2108256,IMPERATRIZ,SBIZ,82564,359.67
PENALVA,2108306,ALCANTARA (CLA),SBSL,82276,138.77
PENALVA,2108306,SBSL (82280) IN SAO LUIZ AEROPORTO,SBSL,82280,138.86
PENALVA,2108306,TERESINA (AER. PETRONIO PORTELA),SBTE,82579,338.29
PERI MIRIM,2108405,ALCANTARA (CLA),SBSL,82276,59.43
PERI MIRIM,2108405,SBSL (82280) IN SAO LUIZ AEROPORTO,SBSL,82280,75.08
PERI MIRIM,2108405,PARNAIBA (AEROPORTO),SBSL,82288,351.48
PERITORÓ,2108454,TERESINA (AER. PETRONIO PORTELA),SBTE,82579,175.56
PERITORÓ,2108454,SBSL (82280) IN SAO LUIZ AEROPORTO,SBSL,82280,202.49
PERITORÓ,2108454,ALCANTARA (CLA),SBSL,82276,228.33
PINDARÉ-MIRIM,2108504,SBSL (82280) IN SAO LUIZ AEROPORTO,SBSL,82280,181.59
PINDARÉ-MIRIM,2108504,ALCANTARA (CLA),SBSL,82276,186.63
PINDARÉ-MIRIM,2108504,IMPERATRIZ,SBIZ,82564,301.89
PINHEIRO,2108603,ALCANTARA (CLA),SBSL,82276,81.92
PINHEIRO,2108603,SBSL (82280) IN SAO LUIZ AEROPORTO,SBSL,82280,101.29
PINHEIRO,2108603,PARNAIBA (AEROPORTO),SBSL,82288,377.91
PIO XII,2108702,SBSL (82280) IN SAO LUIZ AEROPORTO,SBSL,82280,169.6
PIO XII,2108702,ALCANTARA (CLA),SBSL,82276,181.83
PIO XII,2108702,TERESINA (AER. PETRONIO PORTELA),SBTE,82579,284.03
PIRAPEMAS,2108801,SBSL (82280) IN SAO LUIZ AEROPORTO,SBSL,82280,131.63
PIRAPEMAS,2108801,ALCANTARA (CLA),SBSL,82276,159.12
PIRAPEMAS,2108801,TERESINA (AER. PETRONIO PORTELA),SBTE,82579,204.25
POÇÃO DE PEDRAS,2108900,TERESINA (AER. PETRONIO PORTELA),SBTE,82579,233.4
POÇÃO DE PEDRAS,2108900,SBSL (82280) IN SAO LUIZ AEROPORTO,SBSL,82280,254.81
POÇÃO DE PEDRAS,2108900,ALCANTARA (CLA),SBSL,82276,274.49
PORTO FRANCO,2109007,IMPERATRIZ,SBIZ,82564,98.99
PORTO FRANCO,2109007,CAROLINA (AEROPORTO),SBCI,82764,110.51
PORTO FRANCO,2109007,MARABA,SBMA,82562,242.6
PORTO RICO DO MARANHÃO,2109056,ALCANTARA (CLA),SBSL,82276,59.53
PORTO RICO DO MARANHÃO,2109056,SBSL (82280) IN SAO LUIZ AEROPORTO,SBSL,82280,91.51
PORTO RICO DO MARANHÃO,2109056,PARNAIBA (AEROPORTO),SBSL,82288,340.18
PRESIDENTE DUTRA,2109106,TERESINA (AER. PETRONIO PORTELA),SBTE,82579,183.47
PRESIDENTE DUTRA,2109106,FLORIANO,SBTE,82678,229.33
PRESIDENTE DUTRA,2109106,SBSL (82280) IN SAO LUIZ AEROPORTO,SBSL,82280,299.49
PRESIDENTE JUSCELINO,2109205,SBSL (82280) IN SAO LUIZ AEROPORTO,SBSL,82280,56.76
PRESIDENTE JUSCELINO,2109205,ALCANTARA (CLA),SBSL,82276,87.71
PRESIDENTE JUSCELINO,2109205,TERESINA (AER. PETRONIO PORTELA),SBTE,82579,256.9
PRESIDENTE MÉDICI,2109239,ALCANTARA (CLA),SBSL,82276,152.69
PRESIDENTE MÉDICI,2109239,SBSL (82280) IN SAO LUIZ AEROPORTO,SBSL,82280,175.37
PRESIDENTE MÉDICI,2109239,BELEM (AEROPORTO),SBBE,82193,317.73
PRESIDENTE SARNEY,2109270,ALCANTARA (CLA),SBSL,82276,109.48
PRESIDENTE SARNEY,2109270,SBSL (82280) IN SAO LUIZ AEROPORTO,SBSL,82280,126.78
PRESIDENTE SARNEY,2109270,BELEM (AEROPORTO),SBBE,82193,371.01
PRESIDENTE VARGAS,2109304,SBSL (82280) IN SAO LUIZ AEROPORTO,SBSL,82280,87.99
PRESIDENTE VARGAS,2109304,ALCANTARA (CLA),SBSL,82276,119.22
PRESIDENTE VARGAS,2109304,TERESINA (AER. PETRONIO PORTELA),SBTE,82579,225.66
PRIMEIRA CRUZ,2109403,SBSL (82280) IN SAO LUIZ AEROPORTO,SBSL,82280,95.62
PRIMEIRA CRUZ,2109403,ALCANTARA (CLA),SBSL,82276,120.72
PRIMEIRA CRUZ,2109403,PARNAIBA (AEROPORTO),SBSL,82288,181.02
RAPOSA,2109452,SBSL (82280) IN SAO LUIZ AEROPORTO,SBSL,82280,24.89
RAPOSA,2109452,ALCANTARA (CLA),SBSL,82276,36.9
RAPOSA,2109452,PARNAIBA (AEROPORTO),SBSL,82288,263.75
RIACHÃO,2109502,CAROLINA (AEROPORTO),SBCI,82764,95.29
RIACHÃO,2109502,IMPERATRIZ,SBIZ,82564,247.26
RIACHÃO,2109502,CONCEICAO DO ARAGUAIA,SBAA,82861,303.33
RIBAMAR FIQUENE,2109551,IMPERATRIZ,SBIZ,82564,51.33
RIBAMAR FIQUENE,2109551,CAROLINA (AEROPORTO),SBCI,82764,152.07
RIBAMAR FIQUENE,2109551,MARABA,SBMA,82562,211.45
ROSÁRIO,2109601,SBSL (82280) IN SAO LUIZ AEROPORTO,SBSL,82280,38.46
ROSÁRIO,2109601,ALCANTARA (CLA),SBSL,82276,67.65
ROSÁRIO,2109601,PARNAIBA (AEROPORTO),SBSL,82288,272.36
SAMBAÍBA,2109700,CAROLINA (AEROPORTO),SBCI,82764,211.42
SAMBAÍBA,2109700,FLORIANO,SBTE,82678,289.35
SAMBAÍBA,2109700,IMPERATRIZ,SBIZ,82564,298.27
SANTA FILOMENA DO MARANHÃO,2109759,TERESINA (AER. PETRONIO PORTELA),SBTE,82579,206.23
SANTA FILOMENA DO MARANHÃO,2109759,FLORIANO,SBTE,82678,225.25
SANTA FILOMENA DO MARANHÃO,2109759,IMPERATRIZ,SBIZ,82564,313.43
SANTA HELENA,2109809,ALCANTARA (CLA),SBSL,82276,109.43
SANTA HELENA,2109809,SBSL (82280) IN SAO LUIZ AEROPORTO,SBSL,82280,130.67
SANTA HELENA,2109809,BELEM (AEROPORTO),SBBE,82193,362.58
SANTA INÊS,2109908,SBSL (82280) IN SAO LUIZ AEROPORTO,SBSL,82280,191.93
SANTA INÊS,2109908,ALCANTARA (CLA),SBSL,82276,198.32
SANTA INÊS,2109908,IMPERATRIZ,SBIZ,82564,291.81
SANTA LUZIA,2110005,IMPERATRIZ,SBIZ,82564,219.9
SANTA LUZIA,2110005,SBSL (82280) IN SAO LUIZ AEROPORTO,SBSL,82280,264.31
SANTA LUZIA,2110005,ALCANTARA (CLA),SBSL,82276,270.26
SANTA LUZIA DO PARUÁ,2110039,ALCANTARA (CLA),SBSL,82276,155.82
SANTA LUZIA DO PARUÁ,2110039,SBSL (82280) IN SAO LUIZ AEROPORTO,SBSL,82280,174.78
SANTA LUZIA DO PARUÁ,2110039,BELEM (AEROPORTO),SBBE,82193,324.76
SANTA QUITÉRIA DO MARANHÃO,2110104,PARNAIBA (AEROPORTO),SBSL,82288,140.36
SANTA QUITÉRIA DO MARANHÃO,2110104,SBSL (82280) IN SAO LUIZ AEROPORTO,SBSL,82280,160.75
SANTA QUITÉRIA DO MARANHÃO,2110104,ALCANTARA (CLA),SBSL,82276,191.08
SANTA RITA,2110203,SBSL (82280) IN SAO LUIZ AEROPORTO,SBSL,82280,62.99
SANTA RITA,2110203,ALCANTARA (CLA),SBSL,82276,88.04
SANTA RITA,2110203,TERESINA (AER. PETRONIO PORTELA),SBTE,82579,266.46
SANTANA DO MARANHÃO,2110237,PARNAIBA (AEROPORTO),SBSL,82288,100.84
SANTANA DO MARANHÃO,2110237,SBSL (82280) IN SAO LUIZ AEROPORTO,SBSL,82280,190.24
SANTANA DO MARANHÃO,2110237,TERESINA (AER. PETRONIO PORTELA),SBTE,82579,205.07
SANTO AMARO DO MARANHÃO,2110278,SBSL (82280) IN SAO LUIZ AEROPORTO,SBSL,82280,115.09
SANTO AMARO DO MARANHÃO,2110278,ALCANTARA (CLA),SBSL,82276,137.93
SANTO AMARO DO MARANHÃO,2110278,PARNAIBA (AEROPORTO),SBSL,82288,162.71
SANTO ANTÔNIO DOS LOPES,2110302,TERESINA (AER. PETRONIO PORTELA),SBTE,82579,185.32
SANTO ANTÔNIO DOS LOPES,2110302,SBSL (82280) IN SAO LUIZ AEROPORTO,SBSL,82280,249.24
SANTO ANTÔNIO DOS LOPES,2110302,FLORIANO,SBTE,82678,269.82
SÃO BENEDITO DO RIO PRETO,2110401,SBSL (82280) IN SAO LUIZ AEROPORTO,SBSL,82280,109.06
SÃO BENEDITO DO RIO PRETO,2110401,ALCANTARA (CLA),SBSL,82276,141.53
SÃO BENEDITO DO RIO PRETO,2110401,TERESINA (AER. PETRONIO PORTELA),SBTE,82579,204.19
SÃO BENTO,2110500,ALCANTARA (CLA),SBSL,82276,81.88
SÃO BENTO,2110500,SBSL (82280) IN SAO LUIZ AEROPORTO,SBSL,82280,89.33
SÃO BENTO,2110500,TERESINA (AER. PETRONIO PORTELA),SBTE,82579,346.4
SÃO BERNARDO,2110609,PARNAIBA (AEROPORTO),SBSL,82288,84.89
SÃO BERNARDO,2110609,TERESINA (AER. PETRONIO PORTELA),SBTE,82579,196.46
SÃO BERNARDO,2110609,SBSL (82280) IN SAO LUIZ AEROPORTO,SBSL,82280,216.44
SÃO DOMINGOS DO AZEITÃO,2110658,FLORIANO,SBTE,82678,176.51
SÃO DOMINGOS DO AZEITÃO,2110658,TERESINA (AER. PETRONIO PORTELA),SBTE,82579,282.34
SÃO DOMINGOS DO AZEITÃO,2110658,CAROLINA (AEROPORTO),SBCI,82764,319.4
SÃO DOMINGOS DO MARANHÃO,2110708,TERESINA (AER. PETRONIO PORTELA),SBTE,82579,181.01
SÃO DOMINGOS DO MARANHÃO,2110708,FLORIANO,SBTE,82678,192.4
SÃO DOMINGOS DO MARANHÃO,2110708,SBSL (82280) IN SAO LUIZ AEROPORTO,SBSL,82280,338.09
SÃO FÉLIX DE BALSAS,2110807,FLORIANO,SBTE,82678,208.78
SÃO FÉLIX DE BALSAS,2110807,CAROLINA (AEROPORTO),SBCI,82764,286.46
SÃO FÉLIX DE BALSAS,2110807,TERESINA (AER. PETRONIO PORTELA),SBTE,82579,323.43
SÃO FRANCISCO DO BREJÃO,2110856,IMPERATRIZ,SBIZ,82564,41.58
SÃO FRANCISCO DO BREJÃO,2110856,MARABA,SBMA,82562,198.09
SÃO FRANCISCO DO BREJÃO,2110856,CAROLINA (AEROPORTO),SBCI,82764,240.68
SÃO FRANCISCO DO MARANHÃO,2110906,FLORIANO,SBTE,82678,63.1
SÃO FRANCISCO DO MARANHÃO,2110906,TERESINA (AER. PETRONIO PORTELA),SBTE,82579,135.54
SÃO FRANCISCO DO MARANHÃO,2110906,PARNAIBA (AEROPORTO),SBSL,82288,396.3
SÃO JOÃO BATISTA,2111003,SBSL (82280) IN SAO LUIZ AEROPORTO,SBSL,82280,74.88
SÃO JOÃO BATISTA,2111003,ALCANTARA (CLA),SBSL,82276,81.07
SÃO JOÃO BATISTA,2111003,TERESINA (AER. PETRONIO PORTELA),SBTE,82579,311.36
SÃO JOÃO DO CARÚ,2111029,IMPERATRIZ,SBIZ,82564,247.43
SÃO JOÃO DO CARÚ,2111029,ALCANTARA (CLA),SBSL,82276,257.82
SÃO JOÃO DO CARÚ,2111029,SBSL (82280) IN SAO LUIZ AEROPORTO,SBSL,82280,263.8
SÃO JOÃO DO PARAÍSO,2111052,CAROLINA (AEROPORTO),SBCI,82764,114.09
SÃO JOÃO DO PARAÍSO,2111052,IMPERATRIZ,SBIZ,82564,121.24
SÃO JOÃO DO PARAÍSO,2111052,MARABA,SBMA,82562,274.92
SÃO JOÃO DO SOTER,2111078,TERESINA (AER. PETRONIO PORTELA),SBTE,82579,104.86
SÃO JOÃO DO SOTER,2111078,FLORIANO,SBTE,82678,209.32
SÃO JOÃO DO SOTER,2111078,SBSL (82280) IN SAO LUIZ AEROPORTO,SBSL,82280,275.96
SÃO JOÃO DOS PATOS,2111102,FLORIANO,SBTE,82678,72.24
SÃO JOÃO DOS PATOS,2111102,TERESINA (AER. PETRONIO PORTELA),SBTE,82579,192.44
SÃO JOÃO DOS PATOS,2111102,CAROLINA (AEROPORTO),SBCI,82764,431.39
SÃO JOSÉ DE RIBAMAR,2111201,SBSL (82280) IN SAO LUIZ AEROPORTO,SBSL,82280,16.24
SÃO JOSÉ DE RIBAMAR,2111201,ALCANTARA (CLA),SBSL,82276,41.01
SÃO JOSÉ DE RIBAMAR,2111201,PARNAIBA (AEROPORTO),SBSL,82288,262.03
SÃO JOSÉ DOS BASÍLIOS,2111250,TERESINA (AER. PETRONIO PORTELA),SBTE,82579,193.83
SÃO JOSÉ DOS BASÍLIOS,2111250,FLORIANO,SBTE,82678,257.73
SÃO JOSÉ DOS BASÍLIOS,2111250,SBSL (82280) IN SAO LUIZ AEROPORTO,SBSL,82280,273.99
SÃO LUÍS,2111300,SBSL (82280) IN SAO LUIZ AEROPORTO,SBSL,82280,10.92
SÃO LUÍS,2111300,ALCANTARA (CLA),SBSL,82276,31.06
SÃO LUÍS,2111300,PARNAIBA (AEROPORTO),SBSL,82288,286.28
SÃO LUÍS GONZAGA DO MARANHÃO,2111409,SBSL (82280) IN SAO LUIZ AEROPORTO,SBSL,82280,203.45
SÃO LUÍS GONZAGA DO MARANHÃO,2111409,TERESINA (AER. PETRONIO PORTELA),SBTE,82579,214.26
SÃO LUÍS GONZAGA DO MARANHÃO,2111409,ALCANTARA (CLA),SBSL,82276,225.18
SÃO MATEUS DO MARANHÃO,2111508,SBSL (82280) IN SAO LUIZ AEROPORTO,SBSL,82280,158.01
SÃO MATEUS DO MARANHÃO,2111508,ALCANTARA (CLA),SBSL,82276,180.41
SÃO MATEUS DO MARANHÃO,2111508,TERESINA (AER. PETRONIO PORTELA),SBTE,82579,221.96
SÃO PEDRO DA ÁGUA BRANCA,2111532,MARABA,SBMA,82562,88.29
SÃO PEDRO DA ÁGUA BRANCA,2111532,IMPERATRIZ,SBIZ,82564,110.44
SÃO PEDRO DA ÁGUA BRANCA,2111532,CARAJAS (AEROPORTO),SBCJ,82567,211.22
SÃO PEDRO DOS CRENTES,2111573,CAROLINA (AEROPORTO),SBCI,82764,100.88
SÃO PEDRO DOS CRENTES,2111573,IMPERATRIZ,SBIZ,82564,166.2
SÃO PEDRO DOS CRENTES,2111573,MARABA,SBMA,82562,312.61
SÃO RAIMUNDO DAS MANGABEIRAS,2111607,CAROLINA (AEROPORTO),SBCI,82764,199.21
SÃO RAIMUNDO DAS MANGABEIRAS,2111607,IMPERATRIZ,SBIZ,82564,255.71
SÃO RAIMUNDO DAS MANGABEIRAS,2111607,FLORIANO,SBTE,82678,296.09
SÃO RAIMUNDO DO DOCA BEZERRA,2111631,TERESINA (AER. PETRONIO PORTELA),SBTE,82579,257.79
SÃO RAIMUNDO DO DOCA BEZERRA,2111631,IMPERATRIZ,SBIZ,82564,259.47
SÃO RAIMUNDO DO DOCA BEZERRA,2111631,SBSL (82280) IN SAO LUIZ AEROPORTO,SBSL,82280,295.32
SÃO ROBERTO,2111672,TERESINA (AER. PETRONIO PORTELA),SBTE,82579,245.37
SÃO ROBERTO,2111672,IMPERATRIZ,SBIZ,82564,273.12
SÃO ROBERTO,2111672,SBSL (82280) IN SAO LUIZ AEROPORTO,SBSL,82280,283.81
SÃO VICENTE FERRER,2111706,ALCANTARA (CLA),SBSL,82276,82.27
SÃO VICENTE FERRER,2111706,SBSL (82280) IN SAO LUIZ AEROPORTO,SBSL,82280,85.66
SÃO VICENTE FERRER,2111706,TERESINA (AER. PETRONIO PORTELA),SBTE,82579,335.61
SATUBINHA,2111722,SBSL (82280) IN SAO LUIZ AEROPORTO,SBSL,82280,188.36
SATUBINHA,2111722,ALCANTARA (CLA),SBSL,82276,198.85
SATUBINHA,2111722,TERESINA (AER. PETRONIO PORTELA),SBTE,82579,296.34
SENADOR ALEXANDRE COSTA,2111748,TERESINA (AER. PETRONIO PORTELA),SBTE,82579,131.52
SENADOR ALEXANDRE COSTA,2111748,FLORIANO,SBTE,82678,198.85
SENADOR ALEXANDRE COSTA,2111748,SBSL (82280) IN SAO LUIZ AEROPORTO,SBSL,82280,297.02
SENADOR LA ROCQUE,2111763,IMPERATRIZ,SBIZ,82564,43.84
SENADOR LA ROCQUE,2111763,MARABA,SBMA,82562,224.24
SENADOR LA ROCQUE,2111763,CAROLINA (AEROPORTO),SBCI,82764,225.32
SERRANO DO MARANHÃO,2111789,ALCANTARA (CLA),SBSL,82276,88.62
SERRANO DO MARANHÃO,2111789,SBSL (82280) IN SAO LUIZ AEROPORTO,SBSL,82280,120.49
SERRANO DO MARANHÃO,2111789,PARNAIBA (AEROPORTO),SBSL,82288,381.52
SÍTIO NOVO,2111805,IMPERATRIZ,SBIZ,82564,122.99
SÍTIO NOVO,2111805,CAROLINA (AEROPORTO),SBCI,82764,155.15
SÍTIO NOVO,2111805,MARABA,SBMA,82562,296.16
SUCUPIRA DO NORTE,2111904,FLORIANO,SBTE,82678,148.5
SUCUPIRA DO NORTE,2111904,TERESINA (AER. PETRONIO PORTELA),SBTE,82579,235.17
SUCUPIRA DO NORTE,2111904,CAROLINA (AEROPORTO),SBCI,82764,357.19
SUCUPIRA DO RIACHÃO,2111953,FLORIANO,SBTE,82678,63.4
SUCUPIRA DO RIACHÃO,2111953,TERESINA (AER. PETRONIO PORTELA),SBTE,82579,175.12
SUCUPIRA DO RIACHÃO,2111953,SBSL (82280) IN SAO LUIZ AEROPORTO,SBSL,82280,435.9
TASSO FRAGOSO,2112001,CAROLINA (AEROPORTO),SBCI,82764,207.36
TASSO FRAGOSO,2112001,PALMAS-TO (AEROPORTO),SBPJ,83065,347.9
TASSO FRAGOSO,2112001,IMPERATRIZ,SBIZ,82564,357.01
TIMBIRAS,2112100,TERESINA (AER. PETRONIO PORTELA),SBTE,82579,147.1
TIMBIRAS,2112100,SBSL (82280) IN SAO LUIZ AEROPORTO,SBSL,82280,178.47
TIMBIRAS,2112100,ALCANTARA (CLA),SBSL,82276,208.67
TIMON,2112209,TERESINA (AER. PETRONIO PORTELA),SBTE,82579,24.62
TIMON,2112209,FLORIANO,SBTE,82678,176.48
TIMON,2112209,PARNAIBA (AEROPORTO),SBSL,82288,286.29
TRIZIDELA DO VALE,2112233,TERESINA (AER. PETRONIO PORTELA),SBTE,82579,212.81
TRIZIDELA DO VALE,2112233,SBSL (82280) IN SAO LUIZ AEROPORTO,SBSL,82280,220.33
TRIZIDELA DO VALE,2112233,ALCANTARA (CLA),SBSL,82276,241.99
TUFILÂNDIA,2112274,SBSL (82280) IN SAO LUIZ AEROPORTO,SBSL,82280,198.61
TUFILÂNDIA,2112274,ALCANTARA (CLA),SBSL,82276,202.59
TUFILÂNDIA,2112274,IMPERATRIZ,SBIZ,82564,285.03
TUNTUM,2112308,TERESINA (AER. PETRONIO PORTELA),SBTE,82579,221.1
TUNTUM,2112308,FLORIANO,SBTE,82678,228.8
TUNTUM,2112308,IMPERATRIZ,SBIZ,82564,301.2
TURIAÇU,2112407,ALCANTARA (CLA),SBSL,82276,135.92
TURIAÇU,2112407,SBSL (82280) IN SAO LUIZ AEROPORTO,SBSL,82280,166.39
TURIAÇU,2112407,BELEM (AEROPORTO),SBBE,82193,337
TURILÂNDIA,2112456,ALCANTARA (CLA),SBSL,82276,117.64
TURILÂNDIA,2112456,SBSL (82280) IN SAO LUIZ AEROPORTO,SBSL,82280,143.88
TURILÂNDIA,2112456,BELEM (AEROPORTO),SBBE,82193,348.26
TUTÓIA,2112506,PARNAIBA (AEROPORTO),SBSL,82288,70.7
TUTÓIA,2112506,SBSL (82280) IN SAO LUIZ AEROPORTO,SBSL,82280,206.58
TUTÓIA,2112506,ALCANTARA (CLA),SBSL,82276,231.64
URBANO SANTOS,2112605,SBSL (82280) IN SAO LUIZ AEROPORTO,SBSL,82280,124.86
URBANO SANTOS,2112605,ALCANTARA (CLA),SBSL,82276,156.65
URBANO SANTOS,2112605,PARNAIBA (AEROPORTO),SBSL,82288,182.14
VARGEM GRANDE,2112704,SBSL (82280) IN SAO LUIZ AEROPORTO,SBSL,82280,130.07
VARGEM GRANDE,2112704,ALCANTARA (CLA),SBSL,82276,160.98
VARGEM GRANDE,2112704,TERESINA (AER. PETRONIO PORTELA),SBTE,82579,186.13
VIANA,2112803,SBSL (82280) IN SAO LUIZ AEROPORTO,SBSL,82280,106.71
VIANA,2112803,ALCANTARA (CLA),SBSL,82276,110.14
VIANA,2112803,TERESINA (AER. PETRONIO PORTELA),SBTE,82579,319.41
VILA NOVA DOS MARTÍRIOS,2112852,IMPERATRIZ,SBIZ,82564,85.59
VILA NOVA DOS MARTÍRIOS,2112852,MARABA,SBMA,82562,120.75
VILA NOVA DOS MARTÍRIOS,2112852,TUCURUI,SBTU,82361,231.86
VITÓRIA DO MEARIM,2112902,SBSL (82280) IN SAO LUIZ AEROPORTO,SBSL,82280,132.89
VITÓRIA DO MEARIM,2112902,ALCANTARA (CLA),SBSL,82276,145.26
VITÓRIA DO MEARIM,2112902,TERESINA (AER. PETRONIO PORTELA),SBTE,82579,284.19
VITORINO FREIRE,2113009,SBSL (82280) IN SAO LUIZ AEROPORTO,SBSL,82280,217.47
VITORINO FREIRE,2113009,ALCANTARA (CLA),SBSL,82276,229.52
VITORINO FREIRE,2113009,IMPERATRIZ,SBIZ,82564,276.84
ZÉ DOCA,2114007,ALCANTARA (CLA),SBSL,82276,201.36
ZÉ DOCA,2114007,SBSL (82280) IN SAO LUIZ AEROPORTO,SBSL,82280,208.44
ZÉ DOCA,2114007,IMPERATRIZ,SBIZ,82564,298.93