ACARI,2400109,CAMPINA GRANDE,SBKG,82795,128.75
ACARI,2400109,MOSSORO,SBMS,82591,156.28
ACARI,2400109,NATAL (AEROPORTO),SBNT,82599,164.06
AÇU,2400208,MOSSORO,SBMS,82591,53.62
AÇU,2400208,NATAL (AEROPORTO),SBNT,82599,199.96
AÇU,2400208,CAMPINA GRANDE,SBKG,82795,231.42
AFONSO BEZERRA,2400307,MOSSORO,SBMS,82591,90.44
AFONSO BEZERRA,2400307,NATAL (AEROPORTO),SBNT,82599,157.47
AFONSO BEZERRA,2400307,CAMPINA GRANDE,SBKG,82795,215.65
ÁGUA NOVA,2400406,MOSSORO,SBMS,82591,152.91
ÁGUA NOVA,2400406,JOAZEIRO DO NORTEAER. CARIRI CE,SBJU,-,154.59
ÁGUA NOVA,2400406,FORTALEZA (AEROPORTO),SBFZ,82398,272.19
ALEXANDRIA,2400505,MOSSORO,SBMS,82591,146.39
ALEXANDRIA,2400505,JOAZEIRO DO NORTEAER. CARIRI CE,SBJU,-,170.51
ALEXANDRIA,2400505,CAMPINA GRANDE,SBKG,82795,254.75
ALMINO AFONSO,2400604,MOSSORO,SBMS,82591,121.4
ALMINO AFONSO,2400604,JOAZEIRO DO NORTEAER. CARIRI CE,SBJU,-,195.26
ALMINO AFONSO,2400604,CAMPINA GRANDE,SBKG,82795,248.77
ALTO DO RODRIGUES,2400703,MOSSORO,SBMS,82591,73.8
ALTO DO RODRIGUES,2400703,NATAL (AEROPORTO),SBNT,82599,174.47
ALTO DO RODRIGUES,2400703,CAMPINA GRANDE,SBKG,82795,232.16
ANGICOS,2400802,MOSSORO,SBMS,82591,102.76
ANGICOS,2400802,NATAL (AEROPORTO),SBNT,82599,147.77
ANGICOS,2400802,CAMPINA GRANDE,SBKG,82795,195.86
ANTÔNIO MARTINS,2400901,MOSSORO,SBMS,82591,128.91
ANTÔNIO MARTINS,2400901,JOAZEIRO DO NORTEAER. CARIRI CE,SBJU,-,185.62
ANTÔNIO MARTINS,2400901,CAMPINA GRANDE,SBKG,82795,255.16
APODI,2401008,MOSSORO,SBMS,82591,70.28
APODI,2401008,FORTALEZA (AEROPORTO),SBFZ,82398,221.72
APODI,2401008,JOAZEIRO DO NORTEAER. CARIRI CE,SBJU,-,237.34
AREIA BRANCA,2401107,MOSSORO,SBMS,82591,42.97
AREIA BRANCA,2401107,FORTALEZA (AEROPORTO),SBFZ,82398,213.88
AREIA BRANCA,2401107,NATAL (AEROPORTO),SBNT,82599,222.7
ARÊS,2401206,NATAL (AEROPORTO),SBNT,82599,24.47
ARÊS,2401206,JOAO PESSOA,SBJP,82798,117.15
ARÊS,2401206,CAMPINA GRANDE,SBKG,82795,151.23
AUGUSTO SEVERO,2401305,MOSSORO,SBMS,82591,75.91
AUGUSTO SEVERO,2401305,CAMPINA GRANDE,SBKG,82795,222.86
AUGUSTO SEVERO,2401305,NATAL (AEROPORTO),SBNT,82599,229.51
BAÍA FORMOSA,2401404,NATAL (AEROPORTO),SBNT,82599,64.22
BAÍA FORMOSA,2401404,JOAO PESSOA,SBJP,82798,76.81
BAÍA FORMOSA,2401404,CAMPINA GRANDE,SBKG,82795,125.12
BARAÚNA,2401453,MOSSORO,SBMS,82591,29.38
BARAÚNA,2401453,FORTALEZA (AEROPORTO),SBFZ,82398,178.96
BARAÚNA,2401453,NATAL (AEROPORTO),SBNT,82599,277.27
BARCELONA,2401503,NATAL (AEROPORTO),SBNT,82599,74.32
BARCELONA,2401503,CAMPINA GRANDE,SBKG,82795,146.16
BARCELONA,2401503,JOAO PESSOA,SBJP,82798,170.63
BENTO FERNANDES,2401602,NATAL (AEROPORTO),SBNT,82599,67.83
BENTO FERNANDES,2401602,CAMPINA GRANDE,SBKG,82795,177.36
BENTO FERNANDES,2401602,MOSSORO,SBMS,82591,180.41
BODÓ,2401651,NATAL (AEROPORTO),SBNT,82599,131.87
BODÓ,2401651,MOSSORO,SBMS,82591,133.26
BODÓ,2401651,CAMPINA GRANDE,SBKG,82795,158.43
BOM JESUS,2401701,NATAL (AEROPORTO),SBNT,82599,38.77
BOM JESUS,2401701,CAMPINA GRANDE,SBKG,82795,144.45
BOM JESUS,2401701,JOAO PESSOA,SBJP,82798,146.08
BREJINHO,2401800,NATAL (AEROPORTO),SBNT,82599,37.09
BREJINHO,2401800,JOAO PESSOA,SBJP,82798,105.53
BREJINHO,2401800,CAMPINA GRANDE,SBKG,82795,131.43
CAIÇARA DO NORTE,2401859,NATAL (AEROPORTO),SBNT,82599,121.47
CAIÇARA DO NORTE,2401859,MOSSORO,SBMS,82591,144.69
CAIÇARA DO NORTE,2401859,CAMPINA GRANDE,SBKG,82795,232.65
CAIÇARA DO RIO DO VENTO,2401909,NATAL (AEROPORTO),SBNT,82599,87.61
CAIÇARA DO RIO DO VENTO,2401909,MOSSORO,SBMS,82591,161.46
CAIÇARA DO RIO DO VENTO,2401909,CAMPINA GRANDE,SBKG,82795,168.1
CAICÓ,2402006,MOSSORO,SBMS,82591,145.35
CAICÓ,2402006,CAMPINA GRANDE,SBKG,82795,156.71
CAICÓ,2402006,NATAL (AEROPORTO),SBNT,82599,206.31
CAMPO REDONDO,2402105,NATAL (AEROPORTO),SBNT,82599,109.39
CAMPO REDONDO,2402105,CAMPINA GRANDE,SBKG,82795,115.92
CAMPO REDONDO,2402105,JOAO PESSOA,SBJP,82798,166.72
CANGUARETAMA,2402204,NATAL (AEROPORTO),SBNT,82599,53.85
CANGUARETAMA,2402204,JOAO PESSOA,SBJP,82798,86.93
CANGUARETAMA,2402204,CAMPINA GRANDE,SBKG,82795,125.54
CARAÚBAS,2402303,MOSSORO,SBMS,82591,67.37
CARAÚBAS,2402303,FORTALEZA (AEROPORTO),SBFZ,82398,245.12
CARAÚBAS,2402303,JOAZEIRO DO NORTEAER. CARIRI CE,SBJU,-,246.57
CARNAÚBA DOS DANTAS,2402402,CAMPINA GRANDE,SBKG,82795,109.22
CARNAÚBA DOS DANTAS,2402402,NATAL (AEROPORTO),SBNT,82599,150.37
CARNAÚBA DOS DANTAS,2402402,MOSSORO,SBMS,82591,174.59
CARNAUBAIS,2402501,MOSSORO,SBMS,82591,57.22
CARNAUBAIS,2402501,NATAL (AEROPORTO),SBNT,82599,192.39
CARNAUBAIS,2402501,FORTALEZA (AEROPORTO),SBFZ,82398,247.8
CEARÁ-MIRIM,2402600,NATAL (AEROPORTO),SBNT,82599,39.66
CEARÁ-MIRIM,2402600,JOAO PESSOA,SBJP,82798,179.85
CEARÁ-MIRIM,2402600,CAMPINA GRANDE,SBKG,82795,193.44
CERRO CORÁ,2402709,NATAL (AEROPORTO),SBNT,82599,119.42
CERRO CORÁ,2402709,MOSSORO,SBMS,82591,144.86
CERRO CORÁ,2402709,CAMPINA GRANDE,SBKG,82795,151.24
CORONEL EZEQUIEL,2402808,CAMPINA GRANDE,SBKG,82795,114.11
CORONEL EZEQUIEL,2402808,NATAL (AEROPORTO),SBNT,82599,119.84
CORONEL EZEQUIEL,2402808,JOAO PESSOA,SBJP,82798,171.41
CORONEL JOÃO PESSOA,2402907,JOAZEIRO DO NORTEAER. CARIRI CE,SBJU,-,142.36
CORONEL JOÃO PESSOA,2402907,MOSSORO,SBMS,82591,165.3
CORONEL JOÃO PESSOA,2402907,FORTALEZA (AEROPORTO),SBFZ,82398,276.6
CRUZETA,2403004,MOSSORO,SBMS,82591,141.96
CRUZETA,2403004,CAMPINA GRANDE,SBKG,82795,146.48
CRUZETA,2403004,NATAL (AEROPORTO),SBNT,82599,180.8
CURRAIS NOVOS,2403103,CAMPINA GRANDE,SBKG,82795,132.06
CURRAIS NOVOS,2403103,NATAL (AEROPORTO),SBNT,82599,135.35
CURRAIS NOVOS,2403103,MOSSORO,SBMS,82591,153.76
DOUTOR SEVERIANO,2403202,JOAZEIRO DO NORTEAER. CARIRI CE,SBJU,-,150.86
DOUTOR SEVERIANO,2403202,MOSSORO,SBMS,82591,156.69
DOUTOR SEVERIANO,2403202,FORTALEZA (AEROPORTO),SBFZ,82398,272.47
PARNAMIRIM,2403251,NATAL (AEROPORTO),SBNT,82599,15.01
PARNAMIRIM,2403251,JOAO PESSOA,SBJP,82798,131.61
PARNAMIRIM,2403251,CAMPINA GRANDE,SBKG,82795,165.22
ENCANTO,2403301,MOSSORO,SBMS,82591,136.31
ENCANTO,2403301,JOAZEIRO DO NORTEAER. CARIRI CE,SBJU,-,171.76
ENCANTO,2403301,FORTALEZA (AEROPORTO),SBFZ,82398,253.66
EQUADOR,2403400,CAMPINA GRANDE,SBKG,82795,97.75
EQUADOR,2403400,NATAL (AEROPORTO),SBNT,82599,189.75
EQUADOR,2403400,JOAO PESSOA,SBJP,82798,191.7
ESPÍRITO SANTO,2403509,NATAL (AEROPORTO),SBNT,82599,43.33
ESPÍRITO SANTO,2403509,JOAO PESSOA,SBJP,82798,101.67
ESPÍRITO SANTO,2403509,CAMPINA GRANDE,SBKG,82795,124.08
EXTREMOZ,2403608,NATAL (AEROPORTO),SBNT,82599,26.58
EXTREMOZ,2403608,JOAO PESSOA,SBJP,82798,167.04
EXTREMOZ,2403608,CAMPINA GRANDE,SBKG,82795,188.63
FELIPE GUERRA,2403707,MOSSORO,SBMS,82591,49.22
FELIPE GUERRA,2403707,FORTALEZA (AEROPORTO),SBFZ,82398,218.81
FELIPE GUERRA,2403707,JOAZEIRO DO NORTEAER. CARIRI CE,SBJU,-,258.36
FERNANDO PEDROZA,2403756,MOSSORO,SBMS,82591,124.91
FERNANDO PEDROZA,2403756,NATAL (AEROPORTO),SBNT,82599,127.57
FERNANDO PEDROZA,2403756,CAMPINA GRANDE,SBKG,82795,177.47
FLORÂNIA,2403806,MOSSORO,SBMS,82591,123.94
FLORÂNIA,2403806,CAMPINA GRANDE,SBKG,82795,161.02
FLORÂNIA,2403806,NATAL (AEROPORTO),SBNT,82599,175.67
FRANCISCO DANTAS,2403905,MOSSORO,SBMS,82591,125.18
FRANCISCO DANTAS,2403905,JOAZEIRO DO NORTEAER. CARIRI CE,SBJU,-,182.49
FRANCISCO DANTAS,2403905,FORTALEZA (AEROPORTO),SBFZ,82398,257.91
FRUTUOSO GOMES,2404002,MOSSORO,SBMS,82591,118.87
FRUTUOSO GOMES,2404002,JOAZEIRO DO NORTEAER. CARIRI CE,SBJU,-,196.99
FRUTUOSO GOMES,2404002,CAMPINA GRANDE,SBKG,82795,250.02
GALINHOS,2404101,MOSSORO,SBMS,82591,128.95
GALINHOS,2404101,NATAL (AEROPORTO),SBNT,82599,134.28
GALINHOS,2404101,CAMPINA GRANDE,SBKG,82795,235.76
GOIANINHA,2404200,NATAL (AEROPORTO),SBNT,82599,41.1
GOIANINHA,2404200,JOAO PESSOA,SBJP,82798,100.22
GOIANINHA,2404200,CAMPINA GRANDE,SBKG,82795,130.99
GOVERNADOR DIX-SEPT ROSADO,2404309,MOSSORO,SBMS,82591,28.44
GOVERNADOR DIX-SEPT ROSADO,2404309,FORTALEZA (AEROPORTO),SBFZ,82398,210.34
GOVERNADOR DIX-SEPT ROSADO,2404309,NATAL (AEROPORTO),SBNT,82599,260.27
GROSSOS,2404408,MOSSORO,SBMS,82591,33.25
GROSSOS,2404408,FORTALEZA (AEROPORTO),SBFZ,82398,195.58
GROSSOS,2404408,NATAL (AEROPORTO),SBNT,82599,242.37
GUAMARÉ,2404507,MOSSORO,SBMS,82591,109.96
GUAMARÉ,2404507,NATAL (AEROPORTO),SBNT,82599,145.48
GUAMARÉ,2404507,CAMPINA GRANDE,SBKG,82795,231.7
IELMO MARINHO,2404606,NATAL (AEROPORTO),SBNT,82599,36.5
IELMO MARINHO,2404606,JOAO PESSOA,SBJP,82798,165.73
IELMO MARINHO,2404606,CAMPINA GRANDE,SBKG,82795,168.95
IPANGUAÇU,2404705,MOSSORO,SBMS,82591,73.17
IPANGUAÇU,2404705,NATAL (AEROPORTO),SBNT,82599,176.99
IPANGUAÇU,2404705,CAMPINA GRANDE,SBKG,82795,218.44
IPUEIRA,2404804,CAMPINA GRANDE,SBKG,82795,155.37
IPUEIRA,2404804,MOSSORO,SBMS,82591,176.24
IPUEIRA,2404804,NATAL (AEROPORTO),SBNT,82599,234.12
ITAJÁ,2404853,MOSSORO,SBMS,82591,82.68
ITAJÁ,2404853,NATAL (AEROPORTO),SBNT,82599,174.27
ITAJÁ,2404853,CAMPINA GRANDE,SBKG,82795,203.97
ITAÚ,2404903,MOSSORO,SBMS,82591,91.62
ITAÚ,2404903,JOAZEIRO DO NORTEAER. CARIRI CE,SBJU,-,215.94
ITAÚ,2404903,FORTALEZA (AEROPORTO),SBFZ,82398,237.43
JAÇANÃ,2405009,NATAL (AEROPORTO),SBNT,82599,115.3
JAÇANÃ,2405009,CAMPINA GRANDE,SBKG,82795,140.24
JAÇANÃ,2405009,MOSSORO,SBMS,82591,155.02
JANDAÍRA,2405108,NATAL (AEROPORTO),SBNT,82599,117.14
JANDAÍRA,2405108,MOSSORO,SBMS,82591,136.95
JANDAÍRA,2405108,CAMPINA GRANDE,SBKG,82795,215.16
JANDUÍS,2405207,MOSSORO,SBMS,82591,89.42
JANDUÍS,2405207,CAMPINA GRANDE,SBKG,82795,226.8
JANDUÍS,2405207,JOAZEIRO DO NORTEAER. CARIRI CE,SBJU,-,240.43
JANUÁRIO CICCO,2405306,NATAL (AEROPORTO),SBNT,82599,45.9
JANUÁRIO CICCO,2405306,CAMPINA GRANDE,SBKG,82795,129.23
JANUÁRIO CICCO,2405306,JOAO PESSOA,SBJP,82798,133.54
JAPI,2405405,NATAL (AEROPORTO),SBNT,82599,91.74
JAPI,2405405,CAMPINA GRANDE,SBKG,82795,93.06
JAPI,2405405,JOAO PESSOA,SBJP,82798,131.66
JARDIM DE ANGICOS,2405504,NATAL (AEROPORTO),SBNT,82599,88.32
JARDIM DE ANGICOS,2405504,MOSSORO,SBMS,82591,159.9
JARDIM DE ANGICOS,2405504,CAMPINA GRANDE,SBKG,82795,184.62
JARDIM DE PIRANHAS,2405603,MOSSORO,SBMS,82591,126.51
JARDIM DE PIRANHAS,2405603,CAMPINA GRANDE,SBKG,82795,187.78
JARDIM DE PIRANHAS,2405603,NATAL (AEROPORTO),SBNT,82599,229.78
JARDIM DO SERIDÓ,2405702,CAMPINA GRANDE,SBKG,82795,128.21
JARDIM DO SERIDÓ,2405702,MOSSORO,SBMS,82591,166.43
JARDIM DO SERIDÓ,2405702,NATAL (AEROPORTO),SBNT,82599,187.37
JOÃO CÂMARA,2405801,NATAL (AEROPORTO),SBNT,82599,84.93
JOÃO CÂMARA,2405801,MOSSORO,SBMS,82591,168.43
JOÃO CÂMARA,2405801,CAMPINA GRANDE,SBKG,82795,199.57
JOÃO DIAS,2405900,MOSSORO,SBMS,82591,131.58
JOÃO DIAS,2405900,JOAZEIRO DO NORTEAER. CARIRI CE,SBJU,-,189.11
JOÃO DIAS,2405900,CAMPINA GRANDE,SBKG,82795,243.12
JOSÉ DA PENHA,2406007,JOAZEIRO DO NORTEAER. CARIRI CE,SBJU,-,146.43
JOSÉ DA PENHA,2406007,MOSSORO,SBMS,82591,162.13
JOSÉ DA PENHA,2406007,CAMPINA GRANDE,SBKG,82795,285.7
JUCURUTU,2406106,MOSSORO,SBMS,82591,102.91
JUCURUTU,2406106,CAMPINA GRANDE,SBKG,82795,185.29
JUCURUTU,2406106,NATAL (AEROPORTO),SBNT,82599,196.49
JUNDIÁ,2406155,NATAL (AEROPORTO),SBNT,82599,44
JUNDIÁ,2406155,JOAO PESSOA,SBJP,82798,120.91
JUNDIÁ,2406155,CAMPINA GRANDE,SBKG,82795,123.53
LAGOA D'ANTA,2406205,NATAL (AEROPORTO),SBNT,82599,66.13
LAGOA D'ANTA,2406205,CAMPINA GRANDE,SBKG,82795,102.27
LAGOA D'ANTA,2406205,JOAO PESSOA,SBJP,82798,113.33
LAGOA DE PEDRAS,2406304,NATAL (AEROPORTO),SBNT,82599,37.51
LAGOA DE PEDRAS,2406304,JOAO PESSOA,SBJP,82798,119.97
LAGOA DE PEDRAS,2406304,CAMPINA GRANDE,SBKG,82795,128.49
LAGOA DE VELHOS,2406403,NATAL (AEROPORTO),SBNT,82599,66.47
LAGOA DE VELHOS,2406403,CAMPINA GRANDE,SBKG,82795,140.03
LAGOA DE VELHOS,2406403,JOAO PESSOA,SBJP,82798,160.6
LAGOA NOVA,2406502,MOSSORO,SBMS,82591,137.06
LAGOA NOVA,2406502,NATAL (AEROPORTO),SBNT,82599,141.61
LAGOA NOVA,2406502,CAMPINA GRANDE,SBKG,82795,148.99
LAGOA SALGADA,2406601,NATAL (AEROPORTO),SBNT,82599,36.19
LAGOA SALGADA,2406601,JOAO PESSOA,SBJP,82798,136.65
LAGOA SALGADA,2406601,CAMPINA GRANDE,SBKG,82795,138.3
LAJES,2406700,NATAL (AEROPORTO),SBNT,82599,105.86
LAJES,2406700,MOSSORO,SBMS,82591,142.84
LAJES,2406700,CAMPINA GRANDE,SBKG,82795,178.12
LAJES PINTADAS,2406809,NATAL (AEROPORTO),SBNT,82599,101.01
LAJES PINTADAS,2406809,CAMPINA GRANDE,SBKG,82795,128.09
LAJES PINTADAS,2406809,JOAO PESSOA,SBJP,82798,171.78
LUCRÉCIA,2406908,MOSSORO,SBMS,82591,113.05
LUCRÉCIA,2406908,JOAZEIRO DO NORTEAER. CARIRI CE,SBJU,-,203.4
LUCRÉCIA,2406908,CAMPINA GRANDE,SBKG,82795,247.83
LUÍS GOMES,2407005,JOAZEIRO DO NORTEAER. CARIRI CE,SBJU,-,134.85
LUÍS GOMES,2407005,MOSSORO,SBMS,82591,172.79
LUÍS GOMES,2407005,FORTALEZA (AEROPORTO),SBFZ,82398,288.71
MACAÍBA,2407104,NATAL (AEROPORTO),SBNT,82599,21.59
MACAÍBA,2407104,JOAO PESSOA,SBJP,82798,145.08
MACAÍBA,2407104,CAMPINA GRANDE,SBKG,82795,155.08
MACAU,2407203,MOSSORO,SBMS,82591,93.57
MACAU,2407203,NATAL (AEROPORTO),SBNT,82599,162.55
MACAU,2407203,CAMPINA GRANDE,SBKG,82795,241.89
MAJOR SALES,2407252,JOAZEIRO DO NORTEAER. CARIRI CE,SBJU,-,138.87
MAJOR SALES,2407252,MOSSORO,SBMS,82591,170.04
MAJOR SALES,2407252,CAMPINA GRANDE,SBKG,82795,286.9
MARCELINO VIEIRA,2407302,MOSSORO,SBMS,82591,148.38
MARCELINO VIEIRA,2407302,JOAZEIRO DO NORTEAER. CARIRI CE,SBJU,-,161.29
MARCELINO VIEIRA,2407302,CAMPINA GRANDE,SBKG,82795,275.5
MARTINS,2407401,MOSSORO,SBMS,82591,117.16
MARTINS,2407401,JOAZEIRO DO NORTEAER. CARIRI CE,SBJU,-,192.69
MARTINS,2407401,FORTALEZA (AEROPORTO),SBFZ,82398,263.57
MAXARANGUAPE,2407500,NATAL (AEROPORTO),SBNT,82599,58.22
MAXARANGUAPE,2407500,JOAO PESSOA,SBJP,82798,198.26
MAXARANGUAPE,2407500,CAMPINA GRANDE,SBKG,82795,208.12
MESSIAS TARGINO,2407609,MOSSORO,SBMS,82591,100.08
MESSIAS TARGINO,2407609,CAMPINA GRANDE,SBKG,82795,221.27
MESSIAS TARGINO,2407609,JOAZEIRO DO NORTEAER. CARIRI CE,SBJU,-,233.59
MONTANHAS,2407708,NATAL (AEROPORTO),SBNT,82599,52.5
MONTANHAS,2407708,JOAO PESSOA,SBJP,82798,108.39
MONTANHAS,2407708,CAMPINA GRANDE,SBKG,82795,112.78
MONTE ALEGRE,2407807,NATAL (AEROPORTO),SBNT,82599,25.88
MONTE ALEGRE,2407807,JOAO PESSOA,SBJP,82798,133.63
MONTE ALEGRE,2407807,CAMPINA GRANDE,SBKG,82795,143.39
MONTE DAS GAMELEIRAS,2407906,NATAL (AEROPORTO),SBNT,82599,83.64
MONTE DAS GAMELEIRAS,2407906,CAMPINA GRANDE,SBKG,82795,93.85
MONTE DAS GAMELEIRAS,2407906,JOAO PESSOA,SBJP,82798,124.14
MOSSORÓ,2408003,MOSSORO,SBMS,82591,5.6
MOSSORÓ,2408003,FORTALEZA (AEROPORTO),SBFZ,82398,204.85
MOSSORÓ,2408003,NATAL (AEROPORTO),SBNT,82599,244.17
NATAL,2408102,NATAL (AEROPORTO),SBNT,82599,14.04
NATAL,2408102,JOAO PESSOA,SBJP,82798,140.09
NATAL,2408102,CAMPINA GRANDE,SBKG,82795,172.97
NÍSIA FLORESTA,2408201,NATAL (AEROPORTO),SBNT,82599,18.82
NÍSIA FLORESTA,2408201,JOAO PESSOA,SBJP,82798,122.29
NÍSIA FLORESTA,2408201,CAMPINA GRANDE,SBKG,82795,153.27
NOVA CRUZ,2408300,NATAL (AEROPORTO),SBNT,82599,65.8
NOVA CRUZ,2408300,JOAO PESSOA,SBJP,82798,87.34
NOVA CRUZ,2408300,CAMPINA GRANDE,SBKG,82795,101.23
OLHO-D'ÁGUA DO BORGES,2408409,MOSSORO,SBMS,82591,94.42
OLHO-D'ÁGUA DO BORGES,2408409,JOAZEIRO DO NORTEAER. CARIRI CE,SBJU,-,220.76
OLHO-D'ÁGUA DO BORGES,2408409,CAMPINA GRANDE,SBKG,82795,248.85
OURO BRANCO,2408508,CAMPINA GRANDE,SBKG,82795,133.05
OURO BRANCO,2408508,MOSSORO,SBMS,82591,172.29
OURO BRANCO,2408508,NATAL (AEROPORTO),SBNT,82599,203.25
PARANÁ,2408607,JOAZEIRO DO NORTEAER. CARIRI CE,SBJU,-,148.35
PARANÁ,2408607,MOSSORO,SBMS,82591,159.31
PARANÁ,2408607,FORTALEZA (AEROPORTO),SBFZ,82398,279.72
PARAÚ,2408706,MOSSORO,SBMS,82591,71.03
PARAÚ,2408706,NATAL (AEROPORTO),SBNT,82599,206.36
PARAÚ,2408706,CAMPINA GRANDE,SBKG,82795,214.65
PARAZINHO,2408805,NATAL (AEROPORTO),SBNT,82599,104.19
PARAZINHO,2408805,MOSSORO,SBMS,82591,157.72
PARAZINHO,2408805,CAMPINA GRANDE,SBKG,82795,220.13
PARELHAS,2408904,CAMPINA GRANDE,SBKG,82795,100.74
PARELHAS,2408904,NATAL (AEROPORTO),SBNT,82599,176.65
PARELHAS,2408904,JOAO PESSOA,SBJP,82798,189.18
RIO DO FOGO,2408953,NATAL (AEROPORTO),SBNT,82599,61.65
RIO DO FOGO,2408953,JOAO PESSOA,SBJP,82798,202.37
RIO DO FOGO,2408953,CAMPINA GRANDE,SBKG,82795,216.64
PASSA E FICA,2409100,NATAL (AEROPORTO),SBNT,82599,37.44
PASSA E FICA,2409100,JOAO PESSOA,SBJP,82798,115.34
PASSA E FICA,2409100,CAMPINA GRANDE,SBKG,82795,127.64
PASSAGEM,2409209,NATAL (AEROPORTO),SBNT,82599,43.41
PASSAGEM,2409209,JOAO PESSOA,SBJP,82798,108.69
PASSAGEM,2409209,CAMPINA GRANDE,SBKG,82795,121.62
PATU,2409308,MOSSORO,SBMS,82591,102.47
PATU,2409308,JOAZEIRO DO NORTEAER. CARIRI CE,SBJU,-,221.46
PATU,2409308,CAMPINA GRANDE,SBKG,82795,233.85
SANTA MARIA,2409332,NATAL (AEROPORTO),SBNT,82599,54.08
SANTA MARIA,2409332,CAMPINA GRANDE,SBKG,82795,165.56
SANTA MARIA,2409332,JOAO PESSOA,SBJP,82798,173.7
PAU DOS FERROS,2409407,MOSSORO,SBMS,82591,138.74
PAU DOS FERROS,2409407,JOAZEIRO DO NORTEAER. CARIRI CE,SBJU,-,168.77
PAU DOS FERROS,2409407,FORTALEZA (AEROPORTO),SBFZ,82398,263.15
PEDRA GRANDE,2409506,NATAL (AEROPORTO),SBNT,82599,110.31
PEDRA GRANDE,2409506,MOSSORO,SBMS,82591,165.83
PEDRA GRANDE,2409506,CAMPINA GRANDE,SBKG,82795,236.17
PEDRA PRETA,2409605,NATAL (AEROPORTO),SBNT,82599,101.77
PEDRA PRETA,2409605,MOSSORO,SBMS,82591,147.35
PEDRA PRETA,2409605,CAMPINA GRANDE,SBKG,82795,195.46
PEDRO AVELINO,2409704,MOSSORO,SBMS,82591,119.35
PEDRO AVELINO,2409704,NATAL (AEROPORTO),SBNT,82599,129.48
PEDRO AVELINO,2409704,CAMPINA GRANDE,SBKG,82795,207.92
PEDRO VELHO,2409803,NATAL (AEROPORTO),SBNT,82599,60.69
PEDRO VELHO,2409803,JOAO PESSOA,SBJP,82798,81.95
PEDRO VELHO,2409803,CAMPINA GRANDE,SBKG,82795,114.4
PENDÊNCIAS,2409902,MOSSORO,SBMS,82591,83.18
PENDÊNCIAS,2409902,NATAL (AEROPORTO),SBNT,82599,167.35
PENDÊNCIAS,2409902,CAMPINA GRANDE,SBKG,82795,235.15
PILÕES,2410009,MOSSORO,SBMS,82591,141.13
PILÕES,2410009,JOAZEIRO DO NORTEAER. CARIRI CE,SBJU,-,171.89
PILÕES,2410009,CAMPINA GRANDE,SBKG,82795,262.28
POÇO BRANCO,2410108,NATAL (AEROPORTO),SBNT,82599,62.6
POÇO BRANCO,2410108,CAMPINA GRANDE,SBKG,82795,189.88
POÇO BRANCO,2410108,MOSSORO,SBMS,82591,190.05
PORTALEGRE,2410207,MOSSORO,SBMS,82591,116.87
PORTALEGRE,2410207,JOAZEIRO DO NORTEAER. CARIRI CE,SBJU,-,191.47
PORTALEGRE,2410207,FORTALEZA (AEROPORTO),SBFZ,82398,257.75
PORTO DO MANGUE,2410256,MOSSORO,SBMS,82591,60.05
PORTO DO MANGUE,2410256,NATAL (AEROPORTO),SBNT,82599,198.79
PORTO DO MANGUE,2410256,FORTALEZA (AEROPORTO),SBFZ,82398,237.01
PRESIDENTE JUSCELINO,2410306,NATAL (AEROPORTO),SBNT,82599,56.83
PRESIDENTE JUSCELINO,2410306,CAMPINA GRANDE,SBKG,82795,130.38
PRESIDENTE JUSCELINO,2410306,JOAO PESSOA,SBJP,82798,144.49
PUREZA,2410405,NATAL (AEROPORTO),SBNT,82599,67.79
PUREZA,2410405,MOSSORO,SBMS,82591,199.31
PUREZA,2410405,JOAO PESSOA,SBJP,82798,205.95
RAFAEL FERNANDES,2410504,MOSSORO,SBMS,82591,145.87
RAFAEL FERNANDES,2410504,JOAZEIRO DO NORTEAER. CARIRI CE,SBJU,-,161.93
RAFAEL FERNANDES,2410504,FORTALEZA (AEROPORTO),SBFZ,82398,272.04
RAFAEL GODEIRO,2410603,MOSSORO,SBMS,82591,104.52
RAFAEL GODEIRO,2410603,JOAZEIRO DO NORTEAER. CARIRI CE,SBJU,-,212.91
RAFAEL GODEIRO,2410603,CAMPINA GRANDE,SBKG,82795,244.91
RIACHO DA CRUZ,2410702,MOSSORO,SBMS,82591,104.03
RIACHO DA CRUZ,2410702,JOAZEIRO DO NORTEAER. CARIRI CE,SBJU,-,203.79
RIACHO DA CRUZ,2410702,FORTALEZA (AEROPORTO),SBFZ,82398,247.13
RIACHO DE SANTANA,2410801,JOAZEIRO DO NORTEAER. CARIRI CE,SBJU,-,147.13
RIACHO DE SANTANA,2410801,MOSSORO,SBMS,82591,160.45
RIACHO DE SANTANA,2410801,FORTALEZA (AEROPORTO),SBFZ,82398,279.36
RIACHUELO,2410900,NATAL (AEROPORTO),SBNT,82599,67.69
RIACHUELO,2410900,CAMPINA GRANDE,SBKG,82795,163.64
RIACHUELO,2410900,JOAO PESSOA,SBJP,82798,180.18
RODOLFO FERNANDES,2411007,MOSSORO,SBMS,82591,96.16
RODOLFO FERNANDES,2411007,JOAZEIRO DO NORTEAER. CARIRI CE,SBJU,-,211.4
RODOLFO FERNANDES,2411007,FORTALEZA (AEROPORTO),SBFZ,82398,239.86
TIBAU,2411056,MOSSORO,SBMS,82591,22.98
TIBAU,2411056,FORTALEZA (AEROPORTO),SBFZ,82398,195
TIBAU,2411056,NATAL (AEROPORTO),SBNT,82599,246.26
RUY BARBOSA,2411106,NATAL (AEROPORTO),SBNT,82599,76.76
RUY BARBOSA,2411106,CAMPINA GRANDE,SBKG,82795,156.77
RUY BARBOSA,2411106,MOSSORO,SBMS,82591,174.39
SANTA CRUZ,2411205,NATAL (AEROPORTO),SBNT,82599,91.25
SANTA CRUZ,2411205,CAMPINA GRANDE,SBKG,82795,114.61
SANTA CRUZ,2411205,JOAO PESSOA,SBJP,82798,153.83
SANTANA DO MATOS,2411403,MOSSORO,SBMS,82591,112.9
SANTANA DO MATOS,2411403,NATAL (AEROPORTO),SBNT,82599,153.17
SANTANA DO MATOS,2411403,CAMPINA GRANDE,SBKG,82795,173.82
SANTANA DO SERIDÓ,2411429,CAMPINA GRANDE,SBKG,82795,115.51
SANTANA DO SERIDÓ,2411429,MOSSORO,SBMS,82591,183.02
SANTANA DO SERIDÓ,2411429,NATAL (AEROPORTO),SBNT,82599,190.27
SANTO ANTÔNIO,2411502,NATAL (AEROPORTO),SBNT,82599,54.57
SANTO ANTÔNIO,2411502,JOAO PESSOA,SBJP,82798,108.95
SANTO ANTÔNIO,2411502,CAMPINA GRANDE,SBKG,82795,110.97
SÃO BENTO DO NORTE,2411601,NATAL (AEROPORTO),SBNT,82599,120.47
SÃO BENTO DO NORTE,2411601,MOSSORO,SBMS,82591,151.64
SÃO BENTO DO NORTE,2411601,CAMPINA GRANDE,SBKG,82795,237.65
SÃO BENTO DO TRAIRÍ,2411700,CAMPINA GRANDE,SBKG,82795,100.03
SÃO BENTO DO TRAIRÍ,2411700,NATAL (AEROPORTO),SBNT,82599,102.6
SÃO BENTO DO TRAIRÍ,2411700,JOAO PESSOA,SBJP,82798,148.05
SÃO FERNANDO,2411809,MOSSORO,SBMS,82591,127.01
SÃO FERNANDO,2411809,CAMPINA GRANDE,SBKG,82795,176.46
SÃO FERNANDO,2411809,NATAL (AEROPORTO),SBNT,82599,214.88
SÃO FRANCISCO DO OESTE,2411908,MOSSORO,SBMS,82591,124.73
SÃO FRANCISCO DO OESTE,2411908,JOAZEIRO DO NORTEAER. CARIRI CE,SBJU,-,182.97
SÃO FRANCISCO DO OESTE,2411908,FORTALEZA (AEROPORTO),SBFZ,82398,249.47
SÃO GONÇALO DO AMARANTE,2412005,NATAL (AEROPORTO),SBNT,82599,31.9
SÃO GONÇALO DO AMARANTE,2412005,JOAO PESSOA,SBJP,82798,171.7
SÃO GONÇALO DO AMARANTE,2412005,CAMPINA GRANDE,SBKG,82795,185.8
SÃO JOÃO DO SABUGI,2412104,CAMPINA GRANDE,SBKG,82795,160.02
SÃO JOÃO DO SABUGI,2412104,MOSSORO,SBMS,82591,164.04
SÃO JOÃO DO SABUGI,2412104,NATAL (AEROPORTO),SBNT,82599,229.28
SÃO JOSÉ DE MIPIBU,2412203,NATAL (AEROPORTO),SBNT,82599,13.58
SÃO JOSÉ DE MIPIBU,2412203,JOAO PESSOA,SBJP,82798,128.7
SÃO JOSÉ DE MIPIBU,2412203,CAMPINA GRANDE,SBKG,82795,151.72
SÃO JOSÉ DO CAMPESTRE,2412302,NATAL (AEROPORTO),SBNT,82599,68.78
SÃO JOSÉ DO CAMPESTRE,2412302,CAMPINA GRANDE,SBKG,82795,108.71
SÃO JOSÉ DO CAMPESTRE,2412302,JOAO PESSOA,SBJP,82798,128.55
SÃO JOSÉ DO SERIDÓ,2412401,CAMPINA GRANDE,SBKG,82795,139.59
SÃO JOSÉ DO SERIDÓ,2412401,MOSSORO,SBMS,82591,153.86
SÃO JOSÉ DO SERIDÓ,2412401,NATAL (AEROPORTO),SBNT,82599,188.59
SÃO MIGUEL,2412500,JOAZEIRO DO NORTEAER. CARIRI CE,SBJU,-,144.1
SÃO MIGUEL,2412500,MOSSORO,SBMS,82591,164.29
SÃO MIGUEL,2412500,FORTALEZA (AEROPORTO),SBFZ,82398,270.96
SÃO MIGUEL DO GOSTOSO,2412559,NATAL (AEROPORTO),SBNT,82599,87.38
SÃO MIGUEL DO GOSTOSO,2412559,MOSSORO,SBMS,82591,182.46
SÃO MIGUEL DO GOSTOSO,2412559,CAMPINA GRANDE,SBKG,82795,220.52
SÃO PAULO DO POTENGI,2412609,NATAL (AEROPORTO),SBNT,82599,55.77
SÃO PAULO DO POTENGI,2412609,CAMPINA GRANDE,SBKG,82795,149.07
SÃO PAULO DO POTENGI,2412609,JOAO PESSOA,SBJP,82798,161.74
SÃO PEDRO,2412708,NATAL (AEROPORTO),SBNT,82599,42.2
SÃO PEDRO,2412708,CAMPINA GRANDE,SBKG,82795,155.43
SÃO PEDRO,2412708,JOAO PESSOA,SBJP,82798,158.75
SÃO RAFAEL,2412807,MOSSORO,SBMS,82591,89.34
SÃO RAFAEL,2412807,NATAL (AEROPORTO),SBNT,82599,180.36
SÃO RAFAEL,2412807,CAMPINA GRANDE,SBKG,82795,194.39
SÃO TOMÉ,2412906,NATAL (AEROPORTO),SBNT,82599,97.45
SÃO TOMÉ,2412906,CAMPINA GRANDE,SBKG,82795,145.36
SÃO TOMÉ,2412906,MOSSORO,SBMS,82591,162.96
SÃO VICENTE,2413003,MOSSORO,SBMS,82591,136.84
SÃO VICENTE,2413003,CAMPINA GRANDE,SBKG,82795,146.85
SÃO VICENTE,2413003,NATAL (AEROPORTO),SBNT,82599,159.17
SENADOR ELÓI DE SOUZA,2413102,NATAL (AEROPORTO),SBNT,82599,49.39
SENADOR ELÓI DE SOUZA,2413102,CAMPINA GRANDE,SBKG,82795,137.9
SENADOR ELÓI DE SOUZA,2413102,JOAO PESSOA,SBJP,82798,146.94
SENADOR GEORGINO AVELINO,2413201,NATAL (AEROPORTO),SBNT,82599,35.62
SENADOR GEORGINO AVELINO,2413201,JOAO PESSOA,SBJP,82798,160.06
SENADOR GEORGINO AVELINO,2413201,CAMPINA GRANDE,SBKG,82795,197.86
SERRA DE SÃO BENTO,2413300,CAMPINA GRANDE,SBKG,82795,82.9
SERRA DE SÃO BENTO,2413300,NATAL (AEROPORTO),SBNT,82599,91.57
SERRA DE SÃO BENTO,2413300,JOAO PESSOA,SBJP,82798,117.54
SERRA DO MEL,2413359,MOSSORO,SBMS,82591,38.34
SERRA DO MEL,2413359,NATAL (AEROPORTO),SBNT,82599,213.31
SERRA DO MEL,2413359,FORTALEZA (AEROPORTO),SBFZ,82398,227.54
SERRA NEGRA DO NORTE,2413409,MOSSORO,SBMS,82591,154.27
SERRA NEGRA DO NORTE,2413409,CAMPINA GRANDE,SBKG,82795,181.14
SERRA NEGRA DO NORTE,2413409,JOAZEIRO DO NORTEAER. CARIRI CE,SBJU,-,222.27
SERRINHA,2413508,NATAL (AEROPORTO),SBNT,82599,51.67
SERRINHA,2413508,CAMPINA GRANDE,SBKG,82795,117.51
SERRINHA,2413508,JOAO PESSOA,SBJP,82798,121.06
SERRINHA DOS PINTOS,2413557,MOSSORO,SBMS,82591,122.06
SERRINHA DOS PINTOS,2413557,JOAZEIRO DO NORTEAER. CARIRI CE,SBJU,-,190.75
SERRINHA DOS PINTOS,2413557,CAMPINA GRANDE,SBKG,82795,257.98
SEVERIANO MELO,2413607,MOSSORO,SBMS,82591,91.96
SEVERIANO MELO,2413607,JOAZEIRO DO NORTEAER. CARIRI CE,SBJU,-,215.79
SEVERIANO MELO,2413607,FORTALEZA (AEROPORTO),SBFZ,82398,230.42
SÍTIO NOVO,2413706,NATAL (AEROPORTO),SBNT,82599,77.21
SÍTIO NOVO,2413706,CAMPINA GRANDE,SBKG,82795,131.58
SÍTIO NOVO,2413706,JOAO PESSOA,SBJP,82798,160
TABOLEIRO GRANDE,2413805,MOSSORO,SBMS,82591,111.32
TABOLEIRO GRANDE,2413805,JOAZEIRO DO NORTEAER. CARIRI CE,SBJU,-,196.19
TABOLEIRO GRANDE,2413805,FORTALEZA (AEROPORTO),SBFZ,82398,246.43
TAIPU,2413904,NATAL (AEROPORTO),SBNT,82599,51.7
TAIPU,2413904,JOAO PESSOA,SBJP,82798,186.5
TAIPU,2413904,CAMPINA GRANDE,SBKG,82795,188.76
TANGARÁ,2414001,NATAL (AEROPORTO),SBNT,82599,72.24
TANGARÁ,2414001,CAMPINA GRANDE,SBKG,82795,117.64
TANGARÁ,2414001,JOAO PESSOA,SBJP,82798,142.75
TENENTE ANANIAS,2414100,JOAZEIRO DO NORTEAER. CARIRI CE,SBJU,-,149.74
TENENTE ANANIAS,2414100,MOSSORO,SBMS,82591,163.54
TENENTE ANANIAS,2414100,CAMPINA GRANDE,SBKG,82795,269.5
TENENTE LAURENTINO CRUZ,2414159,MOSSORO,SBMS,82591,128.37
TENENTE LAURENTINO CRUZ,2414159,CAMPINA GRANDE,SBKG,82795,155.38
TENENTE LAURENTINO CRUZ,2414159,NATAL (AEROPORTO),SBNT,82599,164.34
TIBAU DO SUL,2414209,NATAL (AEROPORTO),SBNT,82599,35.55
TIBAU DO SUL,2414209,JOAO PESSOA,SBJP,82798,108.94
TIBAU DO SUL,2414209,CAMPINA GRANDE,SBKG,82795,151.15
TIMBAÚBA DOS BATISTAS,2414308,MOSSORO,SBMS,82591,142.7
TIMBAÚBA DOS BATISTAS,2414308,CAMPINA GRANDE,SBKG,82795,175.69
TIMBAÚBA DOS BATISTAS,2414308,NATAL (AEROPORTO),SBNT,82599,229.27
TOUROS,2414407,NATAL (AEROPORTO),SBNT,82599,82.75
TOUROS,2414407,MOSSORO,SBMS,82591,193.63
TOUROS,2414407,JOAO PESSOA,SBJP,82798,221.36
TRIUNFO POTIGUAR,2414456,MOSSORO,SBMS,82591,83.47
TRIUNFO POTIGUAR,2414456,CAMPINA GRANDE,SBKG,82795,206.45
TRIUNFO POTIGUAR,2414456,NATAL (AEROPORTO),SBNT,82599,210.31
UMARIZAL,2414506,MOSSORO,SBMS,82591,101.92
UMARIZAL,2414506,JOAZEIRO DO NORTEAER. CARIRI CE,SBJU,-,209.34
UMARIZAL,2414506,FORTALEZA (AEROPORTO),SBFZ,82398,258.54
UPANEMA,2414605,MOSSORO,SBMS,82591,46.43
UPANEMA,2414605,NATAL (AEROPORTO),SBNT,82599,228.62
UPANEMA,2414605,CAMPINA GRANDE,SBKG,82795,242.42
VÁRZEA,2414704,NATAL (AEROPORTO),SBNT,82599,49.62
VÁRZEA,2414704,JOAO PESSOA,SBJP,82798,100.21
VÁRZEA,2414704,CAMPINA GRANDE,SBKG,82795,116.28
VENHA-VER,2414753,JOAZEIRO DO NORTEAER. CARIRI CE,SBJU,-,113.03
VENHA-VER,2414753,MOSSORO,SBMS,82591,194.73
VENHA-VER,2414753,FORTALEZA (AEROPORTO),SBFZ,82398,305.36
VERA CRUZ,2414803,NATAL (AEROPORTO),SBNT,82599,35.06
VERA CRUZ,2414803,JOAO PESSOA,SBJP,82798,115.29
VERA CRUZ,2414803,CAMPINA GRANDE,SBKG,82795,129.94
VIÇOSA,2414902,MOSSORO,SBMS,82591,108.84
VIÇOSA,2414902,JOAZEIRO DO NORTEAER. CARIRI CE,SBJU,-,199.75
VIÇOSA,2414902,FORTALEZA (AEROPORTO),SBFZ,82398,254.35
VILA FLOR,2415008,NATAL (AEROPORTO),SBNT,82599,46.07
VILA FLOR,2415008,JOAO PESSOA,SBJP,82798,95.58
VILA FLOR,2415008,CAMPINA GRANDE,SBKG,82795,138.12