ACAUÃ,2200053,PETROLINA (AEROPORTO),SBPL,82984,127.47
ACAUÃ,2200053,JOAZEIRO DO NORTEAER. CARIRI CE,SBJU,-,225.8
ACAUÃ,2200053,FLORIANO,SBFO,82678,280.47
AGRICOLÂNDIA,2200103,TERESINA (AER. PETRONIO PORTELA),SBTE,82579,83.03
AGRICOLÂNDIA,2200103,FLORIANO,SBFO,82678,118
AGRICOLÂNDIA,2200103,PARNAIBA (AEROPORTO),SBPB,82288,332.62
ÁGUA BRANCA,2200202,TERESINA (AER. PETRONIO PORTELA),SBTE,82579,100.54
ÁGUA BRANCA,2200202,FLORIANO,SBFO,82678,104.57
ÁGUA BRANCA,2200202,PARNAIBA (AEROPORTO),SBPB,82288,346.86
ALAGOINHA DO PIAUÍ,2200251,JOAZEIRO DO NORTEAER. CARIRI CE,SBJU,-,184.93
ALAGOINHA DO PIAUÍ,2200251,FLORIANO,SBFO,82678,232.51
ALAGOINHA DO PIAUÍ,2200251,PETROLINA (AEROPORTO),SBPL,82984,274.18
ALEGRETE DO PIAUÍ,2200277,JOAZEIRO DO NORTEAER. CARIRI CE,SBJU,-,167.53
ALEGRETE DO PIAUÍ,2200277,PETROLINA (AEROPORTO),SBPL,82984,242.93
ALEGRETE DO PIAUÍ,2200277,FLORIANO,SBFO,82678,250.81
ALTO LONGÁ,2200301,TERESINA (AER. PETRONIO PORTELA),SBTE,82579,83.24
ALTO LONGÁ,2200301,FLORIANO,SBFO,82678,181.86
ALTO LONGÁ,2200301,PARNAIBA (AEROPORTO),SBPB,82288,277.09
ALTOS,2200400,TERESINA (AER. PETRONIO PORTELA),SBTE,82579,38.84
ALTOS,2200400,FLORIANO,SBFO,82678,204.39
ALTOS,2200400,PARNAIBA (AEROPORTO),SBPB,82288,246.28
ALVORADA DO GURGUÉIA,2200459,FLORIANO,SBFO,82678,214.63
ALVORADA DO GURGUÉIA,2200459,PETROLINA (AEROPORTO),SBPL,82984,386.9
ALVORADA DO GURGUÉIA,2200459,TERESINA (AER. PETRONIO PORTELA),SBTE,82579,401.49
AMARANTE,2200509,FLORIANO,SBFO,82678,51.29
AMARANTE,2200509,TERESINA (AER. PETRONIO PORTELA),SBTE,82579,149.08
AMARANTE,2200509,JOAZEIRO DO NORTEAER. CARIRI CE,SBJU,-,399.79
ANGICAL DO PIAUÍ,2200608,FLORIANO,SBFO,82678,78.43
ANGICAL DO PIAUÍ,2200608,TERESINA (AER. PETRONIO PORTELA),SBTE,82579,120.91
ANGICAL DO PIAUÍ,2200608,PARNAIBA (AEROPORTO),SBPB,82288,372.39
ANÍSIO DE ABREU,2200707,PETROLINA (AEROPORTO),SBPL,82984,271.6
ANÍSIO DE ABREU,2200707,FLORIANO,SBFO,82678,271.72
ANÍSIO DE ABREU,2200707,LENCOIS. AEROP. CHAPADA DIAMANTI,SBLE,-,410.92
ANTÔNIO ALMEIDA,2200806,FLORIANO,SBFO,82678,140.11
ANTÔNIO ALMEIDA,2200806,TERESINA (AER. PETRONIO PORTELA),SBTE,82579,287.83
ANTÔNIO ALMEIDA,2200806,CAROLINA (AEROPORTO),SBCI,82764,360.29
AROAZES,2200905,FLORIANO,SBFO,82678,149.76
AROAZES,2200905,TERESINA (AER. PETRONIO PORTELA),SBTE,82579,163.72
AROAZES,2200905,JOAZEIRO DO NORTEAER. CARIRI CE,SBJU,-,307.9
AROEIRAS DO ITAIM,2200954,FLORIANO,SBFO,82678,173.21
AROEIRAS DO ITAIM,2200954,JOAZEIRO DO NORTEAER. CARIRI CE,SBJU,-,248.78
AROEIRAS DO ITAIM,2200954,PETROLINA (AEROPORTO),SBPL,82984,258.65
ARRAIAL,2201002,FLORIANO,SBFO,82678,57.69
ARRAIAL,2201002,TERESINA (AER. PETRONIO PORTELA),SBTE,82579,179.68
ARRAIAL,2201002,JOAZEIRO DO NORTEAER. CARIRI CE,SBJU,-,364.99
ASSUNÇÃO DO PIAUÍ,2201051,TERESINA (AER. PETRONIO PORTELA),SBTE,82579,215.66
ASSUNÇÃO DO PIAUÍ,2201051,FLORIANO,SBFO,82678,237.28
ASSUNÇÃO DO PIAUÍ,2201051,JOAZEIRO DO NORTEAER. CARIRI CE,SBJU,-,248.36
AVELINO LOPES,2201101,BOM JESUS DA LAPA,SBLP,83288,349.92
AVELINO LOPES,2201101,PETROLINA (AEROPORTO),SBPL,82984,380.94
AVELINO LOPES,2201101,LENCOIS. AEROP. CHAPADA DIAMANTI,SBLE,-,388.57
BAIXA GRANDE DO RIBEIRO,2201150,CAROLINA (AEROPORTO),SBCI,82764,286.45
BAIXA GRANDE DO RIBEIRO,2201150,FLORIANO,SBFO,82678,304.8
BAIXA GRANDE DO RIBEIRO,2201150,PALMAS-TO (AEROPORTO),SBPJ,83065,403.57
BARRA D'ALCÂNTARA,2201176,FLORIANO,SBFO,82678,104.37
BARRA D'ALCÂNTARA,2201176,TERESINA (AER. PETRONIO PORTELA),SBTE,82579,184.57
BARRA D'ALCÂNTARA,2201176,JOAZEIRO DO NORTEAER. CARIRI CE,SBJU,-,322.37
BARRAS,2201200,TERESINA (AER. PETRONIO PORTELA),SBTE,82579,105.98
BARRAS,2201200,PARNAIBA (AEROPORTO),SBPB,82288,157
BARRAS,2201200,SBSL (82280) IN SAO LUIZ AEROPORTO,SBSL,82280,271.12
BARREIRAS DO PIAUÍ,2201309,PALMAS-TO (AEROPORTO),SBPJ,83065,294.77
BARREIRAS DO PIAUÍ,2201309,PORTO NACIONAL (AEROPORTO),SBPN,83063,305.02
BARREIRAS DO PIAUÍ,2201309,CAROLINA (AEROPORTO),SBCI,82764,354.68
BARRO DURO,2201408,TERESINA (AER. PETRONIO PORTELA),SBTE,82579,94.66
BARRO DURO,2201408,FLORIANO,SBFO,82678,121.14
BARRO DURO,2201408,PARNAIBA (AEROPORTO),SBPB,82288,332.31
BATALHA,2201507,PARNAIBA (AEROPORTO),SBPB,82288,126.78
BATALHA,2201507,TERESINA (AER. PETRONIO PORTELA),SBTE,82579,140.73
BATALHA,2201507,SBSL (82280) IN SAO LUIZ AEROPORTO,SBSL,82280,287.22
BELA VISTA DO PIAUÍ,2201556,FLORIANO,SBFO,82678,187.27
BELA VISTA DO PIAUÍ,2201556,PETROLINA (AEROPORTO),SBPL,82984,208.11
BELA VISTA DO PIAUÍ,2201556,JOAZEIRO DO NORTEAER. CARIRI CE,SBJU,-,297.76
BELÉM DO PIAUÍ,2201572,JOAZEIRO DO NORTEAER. CARIRI CE,SBJU,-,189.87
BELÉM DO PIAUÍ,2201572,PETROLINA (AEROPORTO),SBPL,82984,224.88
BELÉM DO PIAUÍ,2201572,FLORIANO,SBFO,82678,235.09
BENEDITINOS,2201606,TERESINA (AER. PETRONIO PORTELA),SBTE,82579,67.19
BENEDITINOS,2201606,FLORIANO,SBFO,82678,159.82
BENEDITINOS,2201606,PARNAIBA (AEROPORTO),SBPB,82288,292.65
BERTOLÍNIA,2201705,FLORIANO,SBFO,82678,143.84
BERTOLÍNIA,2201705,TERESINA (AER. PETRONIO PORTELA),SBTE,82579,323.72
BERTOLÍNIA,2201705,CAROLINA (AEROPORTO),SBCI,82764,398.96
BETÂNIA DO PIAUÍ,2201739,PETROLINA (AEROPORTO),SBPL,82984,140.9
BETÂNIA DO PIAUÍ,2201739,JOAZEIRO DO NORTEAER. CARIRI CE,SBJU,-,191.52
BETÂNIA DO PIAUÍ,2201739,FLORIANO,SBFO,82678,291.21
BOA HORA,2201770,TERESINA (AER. PETRONIO PORTELA),SBTE,82579,109.09
BOA HORA,2201770,PARNAIBA (AEROPORTO),SBPB,82288,164.31
BOA HORA,2201770,FLORIANO,SBFO,82678,287.02
BOCAINA,2201804,FLORIANO,SBFO,82678,189.68
BOCAINA,2201804,JOAZEIRO DO NORTEAER. CARIRI CE,SBJU,-,227.53
BOCAINA,2201804,TERESINA (AER. PETRONIO PORTELA),SBTE,82579,267.42
BOM JESUS,2201903,FLORIANO,SBFO,82678,322.21
BOM JESUS,2201903,CAROLINA (AEROPORTO),SBCI,82764,386.99
BOM JESUS,2201903,PALMAS-TO (AEROPORTO),SBPJ,83065,435.12
BOM PRINCÍPIO DO PIAUÍ,2201919,PARNAIBA (AEROPORTO),SBPB,82288,29.83
BOM PRINCÍPIO DO PIAUÍ,2201919,TERESINA (AER. PETRONIO PORTELA),SBTE,82579,246.28
BOM PRINCÍPIO DO PIAUÍ,2201919,SBSL (82280) IN SAO LUIZ AEROPORTO,SBSL,82280,294.3
BONFIM DO PIAUÍ,2201929,PETROLINA (AEROPORTO),SBPL,82984,253.99
BONFIM DO PIAUÍ,2201929,FLORIANO,SBFO,82678,267.47
BONFIM DO PIAUÍ,2201929,LENCOIS. AEROP. CHAPADA DIAMANTI,SBLE,-,407.1
BOQUEIRÃO DO PIAUÍ,2201945,TERESINA (AER. PETRONIO PORTELA),SBTE,82579,95.88
BOQUEIRÃO DO PIAUÍ,2201945,PARNAIBA (AEROPORTO),SBPB,82288,184.38
BOQUEIRÃO DO PIAUÍ,2201945,FLORIANO,SBFO,82678,267.78
BRASILEIRA,2201960,PARNAIBA (AEROPORTO),SBPB,82288,134.1
BRASILEIRA,2201960,TERESINA (AER. PETRONIO PORTELA),SBTE,82579,165.63
BRASILEIRA,2201960,FLORIANO,SBFO,82678,332.02
BREJO DO PIAUÍ,2201988,FLORIANO,SBFO,82678,182.39
BREJO DO PIAUÍ,2201988,PETROLINA (AEROPORTO),SBPL,82984,267.23
BREJO DO PIAUÍ,2201988,TERESINA (AER. PETRONIO PORTELA),SBTE,82579,374.16
BURITI DOS LOPES,2202000,PARNAIBA (AEROPORTO),SBPB,82288,37.63
BURITI DOS LOPES,2202000,TERESINA (AER. PETRONIO PORTELA),SBTE,82579,226.45
BURITI DOS LOPES,2202000,SBSL (82280) IN SAO LUIZ AEROPORTO,SBSL,82280,275.06
BURITI DOS MONTES,2202026,TERESINA (AER. PETRONIO PORTELA),SBTE,82579,177.31
BURITI DOS MONTES,2202026,PARNAIBA (AEROPORTO),SBPB,82288,254.03
BURITI DOS MONTES,2202026,FLORIANO,SBFO,82678,268.71
CABECEIRAS DO PIAUÍ,2202059,TERESINA (AER. PETRONIO PORTELA),SBTE,82579,85.59
CABECEIRAS DO PIAUÍ,2202059,PARNAIBA (AEROPORTO),SBPB,82288,180.16
CABECEIRAS DO PIAUÍ,2202059,FLORIANO,SBFO,82678,270.85
CAJAZEIRAS DO PIAUÍ,2202075,FLORIANO,SBFO,82678,61.95
CAJAZEIRAS DO PIAUÍ,2202075,TERESINA (AER. PETRONIO PORTELA),SBTE,82579,198.81
CAJAZEIRAS DO PIAUÍ,2202075,PETROLINA (AEROPORTO),SBPL,82984,355.09
CAJUEIRO DA PRAIA,2202083,PARNAIBA (AEROPORTO),SBPB,82288,43.83
CAJUEIRO DA PRAIA,2202083,TERESINA (AER. PETRONIO PORTELA),SBTE,82579,278.48
CAJUEIRO DA PRAIA,2202083,SBSL (82280) IN SAO LUIZ AEROPORTO,SBSL,82280,320.4
CALDEIRÃO GRANDE DO PIAUÍ,2202091,JOAZEIRO DO NORTEAER. CARIRI CE,SBJU,-,150.21
CALDEIRÃO GRANDE DO PIAUÍ,2202091,PETROLINA (AEROPORTO),SBPL,82984,229.55
CALDEIRÃO GRANDE DO PIAUÍ,2202091,FLORIANO,SBFO,82678,270.52
CAMPINAS DO PIAUÍ,2202109,FLORIANO,SBFO,82678,160.7
CAMPINAS DO PIAUÍ,2202109,PETROLINA (AEROPORTO),SBPL,82984,238.39
CAMPINAS DO PIAUÍ,2202109,JOAZEIRO DO NORTEAER. CARIRI CE,SBJU,-,290.07
CAMPO ALEGRE DO FIDALGO,2202117,PETROLINA (AEROPORTO),SBPL,82984,183.09
CAMPO ALEGRE DO FIDALGO,2202117,FLORIANO,SBFO,82678,213.9
CAMPO ALEGRE DO FIDALGO,2202117,JOAZEIRO DO NORTEAER. CARIRI CE,SBJU,-,304.94
CAMPO GRANDE DO PIAUÍ,2202133,JOAZEIRO DO NORTEAER. CARIRI CE,SBJU,-,198.12
CAMPO GRANDE DO PIAUÍ,2202133,FLORIANO,SBFO,82678,220.56
CAMPO GRANDE DO PIAUÍ,2202133,PETROLINA (AEROPORTO),SBPL,82984,249.19
CAMPO LARGO DO PIAUÍ,2202174,TERESINA (AER. PETRONIO PORTELA),SBTE,82579,130.97
CAMPO LARGO DO PIAUÍ,2202174,PARNAIBA (AEROPORTO),SBPB,82288,139.23
CAMPO LARGO DO PIAUÍ,2202174,SBSL (82280) IN SAO LUIZ AEROPORTO,SBSL,82280,233.77
CAMPO MAIOR,2202208,TERESINA (AER. PETRONIO PORTELA),SBTE,82579,76.65
CAMPO MAIOR,2202208,PARNAIBA (AEROPORTO),SBPB,82288,222.04
CAMPO MAIOR,2202208,FLORIANO,SBFO,82678,231.62
CANAVIEIRA,2202251,FLORIANO,SBFO,82678,105.81
CANAVIEIRA,2202251,TERESINA (AER. PETRONIO PORTELA),SBTE,82579,292.65
CANAVIEIRA,2202251,PETROLINA (AEROPORTO),SBPL,82984,385.53
CANTO DO BURITI,2202307,FLORIANO,SBFO,82678,178.32
CANTO DO BURITI,2202307,PETROLINA (AEROPORTO),SBPL,82984,324.81
CANTO DO BURITI,2202307,TERESINA (AER. PETRONIO PORTELA),SBTE,82579,372.74
CAPITÃO DE CAMPOS,2202406,TERESINA (AER. PETRONIO PORTELA),SBTE,82579,116.25
CAPITÃO DE CAMPOS,2202406,PARNAIBA (AEROPORTO),SBPB,82288,179.27
CAPITÃO DE CAMPOS,2202406,FLORIANO,SBFO,82678,278.63
CAPITÃO GERVÁSIO OLIVEIRA,2202455,PETROLINA (AEROPORTO),SBPL,82984,173.54
CAPITÃO GERVÁSIO OLIVEIRA,2202455,FLORIANO,SBFO,82678,231.25
CAPITÃO GERVÁSIO OLIVEIRA,2202455,JOAZEIRO DO NORTEAER. CARIRI CE,SBJU,-,324.33
CARACOL,2202505,FLORIANO,SBFO,82678,260.36
CARACOL,2202505,PETROLINA (AEROPORTO),SBPL,82984,306.36
CARACOL,2202505,LENCOIS. AEROP. CHAPADA DIAMANTI,SBLE,-,439.46
CARAÚBAS DO PIAUÍ,2202539,PARNAIBA (AEROPORTO),SBPB,82288,72.14
CARAÚBAS DO PIAUÍ,2202539,TERESINA (AER. PETRONIO PORTELA),SBTE,82579,196.83
CARAÚBAS DO PIAUÍ,2202539,SBSL (82280) IN SAO LUIZ AEROPORTO,SBSL,82280,286.82
CARIDADE DO PIAUÍ,2202554,PETROLINA (AEROPORTO),SBPL,82984,190.14
CARIDADE DO PIAUÍ,2202554,JOAZEIRO DO NORTEAER. CARIRI CE,SBJU,-,193.41
CARIDADE DO PIAUÍ,2202554,FLORIANO,SBFO,82678,250.27
CASTELO DO PIAUÍ,2202604,TERESINA (AER. PETRONIO PORTELA),SBTE,82579,141.78
CASTELO DO PIAUÍ,2202604,FLORIANO,SBFO,82678,227.37
CASTELO DO PIAUÍ,2202604,PARNAIBA (AEROPORTO),SBPB,82288,267.31
CAXINGÓ,2202653,PARNAIBA (AEROPORTO),SBPB,82288,53.66
CAXINGÓ,2202653,TERESINA (AER. PETRONIO PORTELA),SBTE,82579,211.49
CAXINGÓ,2202653,SBSL (82280) IN SAO LUIZ AEROPORTO,SBSL,82280,277.42
COCAL,2202703,PARNAIBA (AEROPORTO),SBPB,82288,63.58
COCAL,2202703,TERESINA (AER. PETRONIO PORTELA),SBTE,82579,224.96
COCAL,2202703,SBSL (82280) IN SAO LUIZ AEROPORTO,SBSL,82280,311.64
COCAL DE TELHA,2202711,TERESINA (AER. PETRONIO PORTELA),SBTE,82579,105.45
COCAL DE TELHA,2202711,PARNAIBA (AEROPORTO),SBPB,82288,190.72
COCAL DE TELHA,2202711,FLORIANO,SBFO,82678,266.03
COCAL DOS ALVES,2202729,PARNAIBA (AEROPORTO),SBPB,82288,93.51
COCAL DOS ALVES,2202729,TERESINA (AER. PETRONIO PORTELA),SBTE,82579,216.43
COCAL DOS ALVES,2202729,FORTALEZA (AEROPORTO),SBFZ,82398,320.4
COIVARAS,2202737,TERESINA (AER. PETRONIO PORTELA),SBTE,82579,59.8
COIVARAS,2202737,FLORIANO,SBFO,82678,202.67
COIVARAS,2202737,PARNAIBA (AEROPORTO),SBPB,82288,249.61
COLÔNIA DO GURGUÉIA,2202752,FLORIANO,SBFO,82678,173.74
COLÔNIA DO GURGUÉIA,2202752,TERESINA (AER. PETRONIO PORTELA),SBTE,82579,363.52
COLÔNIA DO GURGUÉIA,2202752,PETROLINA (AEROPORTO),SBPL,82984,368.16
COLÔNIA DO PIAUÍ,2202778,FLORIANO,SBFO,82678,108.83
COLÔNIA DO PIAUÍ,2202778,TERESINA (AER. PETRONIO PORTELA),SBTE,82579,261.3
COLÔNIA DO PIAUÍ,2202778,PETROLINA (AEROPORTO),SBPL,82984,291.43
CONCEIÇÃO DO CANINDÉ,2202802,PETROLINA (AEROPORTO),SBPL,82984,197.13
CONCEIÇÃO DO CANINDÉ,2202802,FLORIANO,SBFO,82678,202.93
CONCEIÇÃO DO CANINDÉ,2202802,JOAZEIRO DO NORTEAER. CARIRI CE,SBJU,-,265.54
CORONEL JOSÉ DIAS,2202851,PETROLINA (AEROPORTO),SBPL,82984,200.81
CORONEL JOSÉ DIAS,2202851,FLORIANO,SBFO,82678,248.11
CORONEL JOSÉ DIAS,2202851,JOAZEIRO DO NORTEAER. CARIRI CE,SBJU,-,385.44
CORRENTE,2202901,PALMAS-TO (AEROPORTO),SBPJ,83065,353.59
CORRENTE,2202901,PORTO NACIONAL (AEROPORTO),SBPN,83063,356.09
CORRENTE,2202901,BOM JESUS DA LAPA,SBLP,83288,370.75
CRISTALÂNDIA DO PIAUÍ,2203008,BOM JESUS DA LAPA,SBLP,83288,336.08
CRISTALÂNDIA DO PIAUÍ,2203008,PORTO NACIONAL (AEROPORTO),SBPN,83063,356.86
CRISTALÂNDIA DO PIAUÍ,2203008,PALMAS-TO (AEROPORTO),SBPJ,83065,359.7
CRISTINO CASTRO,2203107,FLORIANO,SBFO,82678,246.62
CRISTINO CASTRO,2203107,PETROLINA (AEROPORTO),SBPL,82984,378.08
CRISTINO CASTRO,2203107,CAROLINA (AEROPORTO),SBCI,82764,419.1
CURIMATÁ,2203206,FLORIANO,SBFO,82678,379.94
CURIMATÁ,2203206,BOM JESUS DA LAPA,SBLP,83288,382.59
CURIMATÁ,2203206,PETROLINA (AEROPORTO),SBPL,82984,414.54
CURRAIS,2203230,FLORIANO,SBFO,82678,291.99
CURRAIS,2203230,CAROLINA (AEROPORTO),SBCI,82764,350.29
CURRAIS,2203230,PALMAS-TO (AEROPORTO),SBPJ,83065,436.54
CURRALINHOS,2203255,TERESINA (AER. PETRONIO PORTELA),SBTE,82579,65.25
CURRALINHOS,2203255,FLORIANO,SBFO,82678,129.72
CURRALINHOS,2203255,PARNAIBA (AEROPORTO),SBPB,82288,323.53
CURRAL NOVO DO PIAUÍ,2203271,PETROLINA (AEROPORTO),SBPL,82984,165.97
CURRAL NOVO DO PIAUÍ,2203271,JOAZEIRO DO NORTEAER. CARIRI CE,SBJU,-,180.77
CURRAL NOVO DO PIAUÍ,2203271,FLORIANO,SBFO,82678,278.19
DEMERVAL LOBÃO,2203305,TERESINA (AER. PETRONIO PORTELA),SBTE,82579,37.88
DEMERVAL LOBÃO,2203305,FLORIANO,SBFO,82678,163.81
DEMERVAL LOBÃO,2203305,PARNAIBA (AEROPORTO),SBPB,82288,287.67
DIRCEU ARCOVERDE,2203354,PETROLINA (AEROPORTO),SBPL,82984,207.16
DIRCEU ARCOVERDE,2203354,FLORIANO,SBFO,82678,291.12
DIRCEU ARCOVERDE,2203354,LENCOIS. AEROP. CHAPADA DIAMANTI,SBLE,-,373.3
DOM EXPEDITO LOPES,2203404,FLORIANO,SBFO,82678,147.42
DOM EXPEDITO LOPES,2203404,TERESINA (AER. PETRONIO PORTELA),SBTE,82579,247.78
DOM EXPEDITO LOPES,2203404,JOAZEIRO DO NORTEAER. CARIRI CE,SBJU,-,269.51
DOMINGOS MOURÃO,2203420,PARNAIBA (AEROPORTO),SBPB,82288,156.34
DOMINGOS MOURÃO,2203420,TERESINA (AER. PETRONIO PORTELA),SBTE,82579,188.21
DOMINGOS MOURÃO,2203420,FORTALEZA (AEROPORTO),SBFZ,82398,314.14
DOM INOCÊNCIO,2203453,PETROLINA (AEROPORTO),SBPL,82984,156.76
DOM INOCÊNCIO,2203453,FLORIANO,SBFO,82678,267.69
DOM INOCÊNCIO,2203453,JOAZEIRO DO NORTEAER. CARIRI CE,SBJU,-,347.74
ELESBÃO VELOSO,2203503,FLORIANO,SBFO,82678,112.26
ELESBÃO VELOSO,2203503,TERESINA (AER. PETRONIO PORTELA),SBTE,82579,146.34
ELESBÃO VELOSO,2203503,JOAZEIRO DO NORTEAER. CARIRI CE,SBJU,-,342.33
ELISEU MARTINS,2203602,FLORIANO,SBFO,82678,150.97
ELISEU MARTINS,2203602,TERESINA (AER. PETRONIO PORTELA),SBTE,82579,339.89
ELISEU MARTINS,2203602,PETROLINA (AEROPORTO),SBPL,82984,373.43
ESPERANTINA,2203701,PARNAIBA (AEROPORTO),SBPB,82288,111.7
ESPERANTINA,2203701,TERESINA (AER. PETRONIO PORTELA),SBTE,82579,151.25
ESPERANTINA,2203701,SBSL (82280) IN SAO LUIZ AEROPORTO,SBSL,82280,263.22
FARTURA DO PIAUÍ,2203750,PETROLINA (AEROPORTO),SBPL,82984,243.14
FARTURA DO PIAUÍ,2203750,FLORIANO,SBFO,82678,301.98
FARTURA DO PIAUÍ,2203750,LENCOIS. AEROP. CHAPADA DIAMANTI,SBLE,-,372.22
FLORES DO PIAUÍ,2203800,FLORIANO,SBFO,82678,101.93
FLORES DO PIAUÍ,2203800,TERESINA (AER. PETRONIO PORTELA),SBTE,82579,293.92
FLORES DO PIAUÍ,2203800,PETROLINA (AEROPORTO),SBPL,82984,314.75
FLORESTA DO PIAUÍ,2203859,FLORIANO,SBFO,82678,154.43
FLORESTA DO PIAUÍ,2203859,PETROLINA (AEROPORTO),SBPL,82984,251.95
FLORESTA DO PIAUÍ,2203859,JOAZEIRO DO NORTEAER. CARIRI CE,SBJU,-,281.1
FLORIANO,2203909,FLORIANO,SBFO,82678,27.03
FLORIANO,2203909,TERESINA (AER. PETRONIO PORTELA),SBTE,82579,221.56
FLORIANO,2203909,PETROLINA (AEROPORTO),SBPL,82984,381.28
FRANCINÓPOLIS,2204006,FLORIANO,SBFO,82678,95.05
FRANCINÓPOLIS,2204006,TERESINA (AER. PETRONIO PORTELA),SBTE,82579,167.93
FRANCINÓPOLIS,2204006,JOAZEIRO DO NORTEAER. CARIRI CE,SBJU,-,338.99
FRANCISCO AYRES,2204105,FLORIANO,SBFO,82678,34.82
FRANCISCO AYRES,2204105,TERESINA (AER. PETRONIO PORTELA),SBTE,82579,182.59
FRANCISCO AYRES,2204105,PETROLINA (AEROPORTO),SBPL,82984,382.49
FRANCISCO MACEDO,2204154,JOAZEIRO DO NORTEAER. CARIRI CE,SBJU,-,168.62
FRANCISCO MACEDO,2204154,PETROLINA (AEROPORTO),SBPL,82984,228.33
FRANCISCO MACEDO,2204154,FLORIANO,SBFO,82678,253.3
FRANCISCO SANTOS,2204204,JOAZEIRO DO NORTEAER. CARIRI CE,SBJU,-,208.4
FRANCISCO SANTOS,2204204,FLORIANO,SBFO,82678,208.5
FRANCISCO SANTOS,2204204,PETROLINA (AEROPORTO),SBPL,82984,269.7
FRONTEIRAS,2204303,JOAZEIRO DO NORTEAER. CARIRI CE,SBJU,-,145.93
FRONTEIRAS,2204303,PETROLINA (AEROPORTO),SBPL,82984,255.26
FRONTEIRAS,2204303,FLORIANO,SBFO,82678,270.96
GEMINIANO,2204352,FLORIANO,SBFO,82678,191.32
GEMINIANO,2204352,JOAZEIRO DO NORTEAER. CARIRI CE,SBJU,-,228.19
GEMINIANO,2204352,PETROLINA (AEROPORTO),SBPL,82984,257.05
GILBUÉS,2204402,PALMAS-TO (AEROPORTO),SBPJ,83065,332.59
GILBUÉS,2204402,CAROLINA (AEROPORTO),SBCI,82764,341.98
GILBUÉS,2204402,PORTO NACIONAL (AEROPORTO),SBPN,83063,347.47
GUADALUPE,2204501,FLORIANO,SBFO,82678,76.08
GUADALUPE,2204501,TERESINA (AER. PETRONIO PORTELA),SBTE,82579,224.05
GUADALUPE,2204501,CAROLINA (AEROPORTO),SBCI,82764,418.81
GUARIBAS,2204550,FLORIANO,SBFO,82678,264.88
GUARIBAS,2204550,PETROLINA (AEROPORTO),SBPL,82984,342.05
GUARIBAS,2204550,TERESINA (AER. PETRONIO PORTELA),SBTE,82579,458.2
HUGO NAPOLEÃO,2204600,FLORIANO,SBFO,82678,100.01
HUGO NAPOLEÃO,2204600,TERESINA (AER. PETRONIO PORTELA),SBTE,82579,117.38
HUGO NAPOLEÃO,2204600,PARNAIBA (AEROPORTO),SBPB,82288,356.21
ILHA GRANDE,2204659,PARNAIBA (AEROPORTO),SBPB,82288,12.47
ILHA GRANDE,2204659,SBSL (82280) IN SAO LUIZ AEROPORTO,SBSL,82280,268.22
ILHA GRANDE,2204659,TERESINA (AER. PETRONIO PORTELA),SBTE,82579,268.85
INHUMA,2204709,FLORIANO,SBFO,82678,147.71
INHUMA,2204709,TERESINA (AER. PETRONIO PORTELA),SBTE,82579,221.58
INHUMA,2204709,JOAZEIRO DO NORTEAER. CARIRI CE,SBJU,-,273.53
IPIRANGA DO PIAUÍ,2204808,FLORIANO,SBFO,82678,135.75
IPIRANGA DO PIAUÍ,2204808,TERESINA (AER. PETRONIO PORTELA),SBTE,82579,229.14
IPIRANGA DO PIAUÍ,2204808,JOAZEIRO DO NORTEAER. CARIRI CE,SBJU,-,281.83
ISAÍAS COELHO,2204907,FLORIANO,SBFO,82678,180.02
ISAÍAS COELHO,2204907,PETROLINA (AEROPORTO),SBPL,82984,225.05
ISAÍAS COELHO,2204907,JOAZEIRO DO NORTEAER. CARIRI CE,SBJU,-,266.91
ITAINÓPOLIS,2205003,FLORIANO,SBFO,82678,184.1
ITAINÓPOLIS,2205003,PETROLINA (AEROPORTO),SBPL,82984,239.9
ITAINÓPOLIS,2205003,JOAZEIRO DO NORTEAER. CARIRI CE,SBJU,-,244.79
ITAUEIRA,2205102,FLORIANO,SBFO,82678,82.68
ITAUEIRA,2205102,TERESINA (AER. PETRONIO PORTELA),SBTE,82579,277.38
ITAUEIRA,2205102,PETROLINA (AEROPORTO),SBPL,82984,350.02
JACOBINA DO PIAUÍ,2205151,PETROLINA (AEROPORTO),SBPL,82984,180.59
JACOBINA DO PIAUÍ,2205151,FLORIANO,SBFO,82678,231.29
JACOBINA DO PIAUÍ,2205151,JOAZEIRO DO NORTEAER. CARIRI CE,SBJU,-,231.31
JAICÓS,2205201,FLORIANO,SBFO,82678,211.7
JAICÓS,2205201,JOAZEIRO DO NORTEAER. CARIRI CE,SBJU,-,214.41
JAICÓS,2205201,PETROLINA (AEROPORTO),SBPL,82984,230.93
JARDIM DO MULATO,2205250,FLORIANO,SBFO,82678,88.73
JARDIM DO MULATO,2205250,TERESINA (AER. PETRONIO PORTELA),SBTE,82579,127.91
JARDIM DO MULATO,2205250,PARNAIBA (AEROPORTO),SBPB,82288,368.41
JATOBÁ DO PIAUÍ,2205276,TERESINA (AER. PETRONIO PORTELA),SBTE,82579,102.05
JATOBÁ DO PIAUÍ,2205276,PARNAIBA (AEROPORTO),SBPB,82288,214.45
JATOBÁ DO PIAUÍ,2205276,FLORIANO,SBFO,82678,246.66
JERUMENHA,2205300,FLORIANO,SBFO,82678,65.56
JERUMENHA,2205300,TERESINA (AER. PETRONIO PORTELA),SBTE,82579,243.77
JERUMENHA,2205300,PETROLINA (AEROPORTO),SBPL,82984,408.59
JOÃO COSTA,2205359,FLORIANO,SBFO,82678,205.74
JOÃO COSTA,2205359,PETROLINA (AEROPORTO),SBPL,82984,229.28
JOÃO COSTA,2205359,JOAZEIRO DO NORTEAER. CARIRI CE,SBJU,-,383.05
JOAQUIM PIRES,2205409,PARNAIBA (AEROPORTO),SBPB,82288,78.19
JOAQUIM PIRES,2205409,TERESINA (AER. PETRONIO PORTELA),SBTE,82579,184.77
JOAQUIM PIRES,2205409,SBSL (82280) IN SAO LUIZ AEROPORTO,SBSL,82280,259.35
JOCA MARQUES,2205458,PARNAIBA (AEROPORTO),SBPB,82288,102.42
JOCA MARQUES,2205458,TERESINA (AER. PETRONIO PORTELA),SBTE,82579,170.65
JOCA MARQUES,2205458,SBSL (82280) IN SAO LUIZ AEROPORTO,SBSL,82280,225.24
JOSÉ DE FREITAS,2205508,TERESINA (AER. PETRONIO PORTELA),SBTE,82579,48
JOSÉ DE FREITAS,2205508,PARNAIBA (AEROPORTO),SBPB,82288,217.22
JOSÉ DE FREITAS,2205508,FLORIANO,SBFO,82678,235.08
JUAZEIRO DO PIAUÍ,2205516,TERESINA (AER. PETRONIO PORTELA),SBTE,82579,135.93
JUAZEIRO DO PIAUÍ,2205516,PARNAIBA (AEROPORTO),SBPB,82288,229.66
JUAZEIRO DO PIAUÍ,2205516,FLORIANO,SBFO,82678,254
JÚLIO BORGES,2205524,BOM JESUS DA LAPA,SBLP,83288,327.3
JÚLIO BORGES,2205524,LENCOIS. AEROP. CHAPADA DIAMANTI,SBLE,-,389.74
JÚLIO BORGES,2205524,PETROLINA (AEROPORTO),SBPL,82984,411.68
JUREMA,2205532,FLORIANO,SBFO,82678,250.08
JUREMA,2205532,PETROLINA (AEROPORTO),SBPL,82984,287.68
JUREMA,2205532,LENCOIS. AEROP. CHAPADA DIAMANTI,SBLE,-,436.96
LAGOINHA DO PIAUÍ,2205540,TERESINA (AER. PETRONIO PORTELA),SBTE,82579,91.2
LAGOINHA DO PIAUÍ,2205540,FLORIANO,SBFO,82678,113.34
LAGOINHA DO PIAUÍ,2205540,PARNAIBA (AEROPORTO),SBPB,82288,337.69
LAGOA ALEGRE,2205557,TERESINA (AER. PETRONIO PORTELA),SBTE,82579,66.38
LAGOA ALEGRE,2205557,PARNAIBA (AEROPORTO),SBPB,82288,196.59
LAGOA ALEGRE,2205557,FLORIANO,SBFO,82678,258.49
LAGOA DO BARRO DO PIAUÍ,2205565,PETROLINA (AEROPORTO),SBPL,82984,144.31
LAGOA DO BARRO DO PIAUÍ,2205565,FLORIANO,SBFO,82678,253.78
LAGOA DO BARRO DO PIAUÍ,2205565,JOAZEIRO DO NORTEAER. CARIRI CE,SBJU,-,297.87
LAGOA DE SÃO FRANCISCO,2205573,TERESINA (AER. PETRONIO PORTELA),SBTE,82579,155.86
LAGOA DE SÃO FRANCISCO,2205573,PARNAIBA (AEROPORTO),SBPB,82288,161.57
LAGOA DE SÃO FRANCISCO,2205573,FLORIANO,SBFO,82678,311.29
LAGOA DO PIAUÍ,2205581,TERESINA (AER. PETRONIO PORTELA),SBTE,82579,53.39
LAGOA DO PIAUÍ,2205581,FLORIANO,SBFO,82678,152.49
LAGOA DO PIAUÍ,2205581,PARNAIBA (AEROPORTO),SBPB,82288,298.16
LAGOA DO SÍTIO,2205599,FLORIANO,SBFO,82678,172.23
LAGOA DO SÍTIO,2205599,TERESINA (AER. PETRONIO PORTELA),SBTE,82579,219.37
LAGOA DO SÍTIO,2205599,JOAZEIRO DO NORTEAER. CARIRI CE,SBJU,-,257.8
LANDRI SALES,2205607,FLORIANO,SBFO,82678,116
LANDRI SALES,2205607,TERESINA (AER. PETRONIO PORTELA),SBTE,82579,280.13
LANDRI SALES,2205607,CAROLINA (AEROPORTO),SBCI,82764,390.68
LUÍS CORREIA,2205706,PARNAIBA (AEROPORTO),SBPB,82288,34.97
LUÍS CORREIA,2205706,TERESINA (AER. PETRONIO PORTELA),SBTE,82579,262.38
LUÍS CORREIA,2205706,SBSL (82280) IN SAO LUIZ AEROPORTO,SBSL,82280,308.86
LUZILÂNDIA,2205805,PARNAIBA (AEROPORTO),SBPB,82288,102.46
LUZILÂNDIA,2205805,TERESINA (AER. PETRONIO PORTELA),SBTE,82579,166.05
LUZILÂNDIA,2205805,SBSL (82280) IN SAO LUIZ AEROPORTO,SBSL,82280,234.49
MADEIRO,2205854,PARNAIBA (AEROPORTO),SBPB,82288,112.36
MADEIRO,2205854,TERESINA (AER. PETRONIO PORTELA),SBTE,82579,165.93
MADEIRO,2205854,SBSL (82280) IN SAO LUIZ AEROPORTO,SBSL,82280,216.45
MANOEL EMÍDIO,2205904,FLORIANO,SBFO,82678,193.31
MANOEL EMÍDIO,2205904,TERESINA (AER. PETRONIO PORTELA),SBTE,82579,376.78
MANOEL EMÍDIO,2205904,CAROLINA (AEROPORTO),SBCI,82764,393.99
MARCOLÂNDIA,2205953,JOAZEIRO DO NORTEAER. CARIRI CE,SBJU,-,163.16
MARCOLÂNDIA,2205953,PETROLINA (AEROPORTO),SBPL,82984,216.22
MARCOLÂNDIA,2205953,FLORIANO,SBFO,82678,262.78
MARCOS PARENTE,2206001,FLORIANO,SBFO,82678,102.35
MARCOS PARENTE,2206001,TERESINA (AER. PETRONIO PORTELA),SBTE,82579,256.69
MARCOS PARENTE,2206001,CAROLINA (AEROPORTO),SBCI,82764,395.39
MASSAPÊ DO PIAUÍ,2206050,JOAZEIRO DO NORTEAER. CARIRI CE,SBJU,-,204.2
MASSAPÊ DO PIAUÍ,2206050,PETROLINA (AEROPORTO),SBPL,82984,211.99
MASSAPÊ DO PIAUÍ,2206050,FLORIANO,SBFO,82678,228.88
MATIAS OLÍMPIO,2206100,PARNAIBA (AEROPORTO),SBPB,82288,127.56
MATIAS OLÍMPIO,2206100,TERESINA (AER. PETRONIO PORTELA),SBTE,82579,149.27
MATIAS OLÍMPIO,2206100,SBSL (82280) IN SAO LUIZ AEROPORTO,SBSL,82280,219.4
MIGUEL ALVES,2206209,TERESINA (AER. PETRONIO PORTELA),SBTE,82579,87.95
MIGUEL ALVES,2206209,PARNAIBA (AEROPORTO),SBPB,82288,185.65
MIGUEL ALVES,2206209,SBSL (82280) IN SAO LUIZ AEROPORTO,SBSL,82280,242.97
MIGUEL LEÃO,2206308,TERESINA (AER. PETRONIO PORTELA),SBTE,82579,75.79
MIGUEL LEÃO,2206308,FLORIANO,SBFO,82678,123.92
MIGUEL LEÃO,2206308,PARNAIBA (AEROPORTO),SBPB,82288,326.78
MILTON BRANDÃO,2206357,TERESINA (AER. PETRONIO PORTELA),SBTE,82579,149.42
MILTON BRANDÃO,2206357,PARNAIBA (AEROPORTO),SBPB,82288,199.84
MILTON BRANDÃO,2206357,FLORIANO,SBFO,82678,284.12
MONSENHOR GIL,2206407,TERESINA (AER. PETRONIO PORTELA),SBTE,82579,68.48
MONSENHOR GIL,2206407,FLORIANO,SBFO,82678,137
MONSENHOR GIL,2206407,PARNAIBA (AEROPORTO),SBPB,82288,313.67
MONSENHOR HIPÓLITO,2206506,JOAZEIRO DO NORTEAER. CARIRI CE,SBJU,-,197.95
MONSENHOR HIPÓLITO,2206506,FLORIANO,SBFO,82678,219.44
MONSENHOR HIPÓLITO,2206506,PETROLINA (AEROPORTO),SBPL,82984,277.42
MONTE ALEGRE DO PIAUÍ,2206605,CAROLINA (AEROPORTO),SBCI,82764,369.46
MONTE ALEGRE DO PIAUÍ,2206605,PALMAS-TO (AEROPORTO),SBPJ,83065,373.41
MONTE ALEGRE DO PIAUÍ,2206605,FLORIANO,SBFO,82678,385.05
MORRO CABEÇA NO TEMPO,2206654,FLORIANO,SBFO,82678,351.45
MORRO CABEÇA NO TEMPO,2206654,PETROLINA (AEROPORTO),SBPL,82984,369.96
MORRO CABEÇA NO TEMPO,2206654,BOM JESUS DA LAPA,SBLP,83288,389.17
MORRO DO CHAPÉU DO PIAUÍ,2206670,PARNAIBA (AEROPORTO),SBPB,82288,104.29
MORRO DO CHAPÉU DO PIAUÍ,2206670,TERESINA (AER. PETRONIO PORTELA),SBTE,82579,159.68
MORRO DO CHAPÉU DO PIAUÍ,2206670,SBSL (82280) IN SAO LUIZ AEROPORTO,SBSL,82280,249.63
MURICI DOS PORTELAS,2206696,PARNAIBA (AEROPORTO),SBPB,82288,53.14
MURICI DOS PORTELAS,2206696,TERESINA (AER. PETRONIO PORTELA),SBTE,82579,209.81
MURICI DOS PORTELAS,2206696,SBSL (82280) IN SAO LUIZ AEROPORTO,SBSL,82280,262.71
NAZARÉ DO PIAUÍ,2206704,FLORIANO,SBFO,82678,43.62
NAZARÉ DO PIAUÍ,2206704,TERESINA (AER. PETRONIO PORTELA),SBTE,82579,225.01
NAZARÉ DO PIAUÍ,2206704,PETROLINA (AEROPORTO),SBPL,82984,351.77
NAZÁRIA,2206720,TERESINA (AER. PETRONIO PORTELA),SBTE,82579,46.52
NAZÁRIA,2206720,FLORIANO,SBFO,82678,148.22
NAZÁRIA,2206720,PARNAIBA (AEROPORTO),SBPB,82288,307.01
NOSSA SENHORA DE NAZARÉ,2206753,TERESINA (AER. PETRONIO PORTELA),SBTE,82579,82.01
NOSSA SENHORA DE NAZARÉ,2206753,PARNAIBA (AEROPORTO),SBPB,82288,197.77
NOSSA SENHORA DE NAZARÉ,2206753,FLORIANO,SBFO,82678,253.66
NOSSA SENHORA DOS REMÉDIOS,2206803,TERESINA (AER. PETRONIO PORTELA),SBTE,82579,114.55
NOSSA SENHORA DOS REMÉDIOS,2206803,PARNAIBA (AEROPORTO),SBPB,82288,154.73
NOSSA SENHORA DOS REMÉDIOS,2206803,SBSL (82280) IN SAO LUIZ AEROPORTO,SBSL,82280,239.66
NOVO ORIENTE DO PIAUÍ,2206902,FLORIANO,SBFO,82678,119
NOVO ORIENTE DO PIAUÍ,2206902,TERESINA (AER. PETRONIO PORTELA),SBTE,82579,188.26
NOVO ORIENTE DO PIAUÍ,2206902,JOAZEIRO DO NORTEAER. CARIRI CE,SBJU,-,309.38
NOVO SANTO ANTÔNIO,2206951,TERESINA (AER. PETRONIO PORTELA),SBTE,82579,103.92
NOVO SANTO ANTÔNIO,2206951,FLORIANO,SBFO,82678,206.08
NOVO SANTO ANTÔNIO,2206951,PARNAIBA (AEROPORTO),SBPB,82288,262.78
OEIRAS,2207009,FLORIANO,SBFO,82678,96.88
OEIRAS,2207009,TERESINA (AER. PETRONIO PORTELA),SBTE,82579,227.24
OEIRAS,2207009,PETROLINA (AEROPORTO),SBPL,82984,319.71
OLHO D'ÁGUA DO PIAUÍ,2207108,TERESINA (AER. PETRONIO PORTELA),SBTE,82579,94.59
OLHO D'ÁGUA DO PIAUÍ,2207108,FLORIANO,SBFO,82678,115.78
OLHO D'ÁGUA DO PIAUÍ,2207108,PARNAIBA (AEROPORTO),SBPB,82288,336.45
PADRE MARCOS,2207207,JOAZEIRO DO NORTEAER. CARIRI CE,SBJU,-,178.72
PADRE MARCOS,2207207,PETROLINA (AEROPORTO),SBPL,82984,224.36
PADRE MARCOS,2207207,FLORIANO,SBFO,82678,245.29
PAES LANDIM,2207306,FLORIANO,SBFO,82678,141.46
PAES LANDIM,2207306,PETROLINA (AEROPORTO),SBPL,82984,256.01
PAES LANDIM,2207306,TERESINA (AER. PETRONIO PORTELA),SBTE,82579,315.01
PAJEÚ DO PIAUÍ,2207355,FLORIANO,SBFO,82678,129.3
PAJEÚ DO PIAUÍ,2207355,PETROLINA (AEROPORTO),SBPL,82984,295.88
PAJEÚ DO PIAUÍ,2207355,TERESINA (AER. PETRONIO PORTELA),SBTE,82579,320.97
PALMEIRA DO PIAUÍ,2207405,FLORIANO,SBFO,82678,254.59
PALMEIRA DO PIAUÍ,2207405,CAROLINA (AEROPORTO),SBCI,82764,358.4
PALMEIRA DO PIAUÍ,2207405,TERESINA (AER. PETRONIO PORTELA),SBTE,82579,432.14
PALMEIRAIS,2207504,TERESINA (AER. PETRONIO PORTELA),SBTE,82579,96.06
PALMEIRAIS,2207504,FLORIANO,SBFO,82678,98.82
PALMEIRAIS,2207504,PARNAIBA (AEROPORTO),SBPB,82288,355.48
PAQUETÁ,2207553,FLORIANO,SBFO,82678,153.01
PAQUETÁ,2207553,TERESINA (AER. PETRONIO PORTELA),SBTE,82579,265.95
PAQUETÁ,2207553,JOAZEIRO DO NORTEAER. CARIRI CE,SBJU,-,266.51
PARNAGUÁ,2207603,BOM JESUS DA LAPA,SBLP,83288,351.49
PARNAGUÁ,2207603,PALMAS-TO (AEROPORTO),SBPJ,83065,415.91
PARNAGUÁ,2207603,PORTO NACIONAL (AEROPORTO),SBPN,83063,419.11
PARNAÍBA,2207702,PARNAIBA (AEROPORTO),SBPB,82288,4.5
PARNAÍBA,2207702,TERESINA (AER. PETRONIO PORTELA),SBTE,82579,258.75
PARNAÍBA,2207702,SBSL (82280) IN SAO LUIZ AEROPORTO,SBSL,82280,276.81
PASSAGEM FRANCA DO PIAUÍ,2207751,TERESINA (AER. PETRONIO PORTELA),SBTE,82579,101.84
PASSAGEM FRANCA DO PIAUÍ,2207751,FLORIANO,SBFO,82678,123.67
PASSAGEM FRANCA DO PIAUÍ,2207751,PARNAIBA (AEROPORTO),SBPB,82288,333.07
PATOS DO PIAUÍ,2207777,PETROLINA (AEROPORTO),SBPL,82984,205.56
PATOS DO PIAUÍ,2207777,FLORIANO,SBFO,82678,215.02
PATOS DO PIAUÍ,2207777,JOAZEIRO DO NORTEAER. CARIRI CE,SBJU,-,228.38
PAU D'ARCO DO PIAUÍ,2207793,TERESINA (AER. PETRONIO PORTELA),SBTE,82579,45.43
PAU D'ARCO DO PIAUÍ,2207793,FLORIANO,SBFO,82678,180.15
PAU D'ARCO DO PIAUÍ,2207793,PARNAIBA (AEROPORTO),SBPB,82288,270.57
PAULISTANA,2207801,PETROLINA (AEROPORTO),SBPL,82984,153.83
PAULISTANA,2207801,JOAZEIRO DO NORTEAER. CARIRI CE,SBJU,-,228.66
PAULISTANA,2207801,FLORIANO,SBFO,82678,254.93
PAVUSSU,2207850,FLORIANO,SBFO,82678,133.14
PAVUSSU,2207850,TERESINA (AER. PETRONIO PORTELA),SBTE,82579,326.97
PAVUSSU,2207850,PETROLINA (AEROPORTO),SBPL,82984,344.01
PEDRO II,2207900,TERESINA (AER. PETRONIO PORTELA),SBTE,82579,168.45
PEDRO II,2207900,PARNAIBA (AEROPORTO),SBPB,82288,178.88
PEDRO II,2207900,FLORIANO,SBFO,82678,310.49
PEDRO LAURENTINO,2207934,FLORIANO,SBFO,82678,167.06
PEDRO LAURENTINO,2207934,PETROLINA (AEROPORTO),SBPL,82984,235.65
PEDRO LAURENTINO,2207934,JOAZEIRO DO NORTEAER. CARIRI CE,SBJU,-,343.48
NOVA SANTA RITA,2207959,FLORIANO,SBFO,82678,185.96
NOVA SANTA RITA,2207959,PETROLINA (AEROPORTO),SBPL,82984,211.81
NOVA SANTA RITA,2207959,JOAZEIRO DO NORTEAER. CARIRI CE,SBJU,-,319.51
PICOS,2208007,FLORIANO,SBFO,82678,168.6
PICOS,2208007,JOAZEIRO DO NORTEAER. CARIRI CE,SBJU,-,249.04
PICOS,2208007,TERESINA (AER. PETRONIO PORTELA),SBTE,82579,267.97
PIMENTEIRAS,2208106,FLORIANO,SBFO,82678,210.14
PIMENTEIRAS,2208106,JOAZEIRO DO NORTEAER. CARIRI CE,SBJU,-,230.91
PIMENTEIRAS,2208106,TERESINA (AER. PETRONIO PORTELA),SBTE,82579,234.19
PIO IX,2208205,JOAZEIRO DO NORTEAER. CARIRI CE,SBJU,-,166.81
PIO IX,2208205,FLORIANO,SBFO,82678,254.18
PIO IX,2208205,PETROLINA (AEROPORTO),SBPL,82984,287.32
PIRACURUCA,2208304,PARNAIBA (AEROPORTO),SBPB,82288,104.1
PIRACURUCA,2208304,TERESINA (AER. PETRONIO PORTELA),SBTE,82579,187.73
PIRACURUCA,2208304,SBSL (82280) IN SAO LUIZ AEROPORTO,SBSL,82280,320.91
PIRIPIRI,2208403,TERESINA (AER. PETRONIO PORTELA),SBTE,82579,139.77
PIRIPIRI,2208403,PARNAIBA (AEROPORTO),SBPB,82288,156.97
PIRIPIRI,2208403,FLORIANO,SBFO,82678,304.32
PORTO,2208502,TERESINA (AER. PETRONIO PORTELA),SBTE,82579,120.82
PORTO,2208502,PARNAIBA (AEROPORTO),SBPB,82288,156.38
PORTO,2208502,SBSL (82280) IN SAO LUIZ AEROPORTO,SBSL,82280,224.89
PORTO ALEGRE DO PIAUÍ,2208551,FLORIANO,SBFO,82678,116.39
PORTO ALEGRE DO PIAUÍ,2208551,TERESINA (AER. PETRONIO PORTELA),SBTE,82579,254.18
PORTO ALEGRE DO PIAUÍ,2208551,CAROLINA (AEROPORTO),SBCI,82764,378.68
PRATA DO PIAUÍ,2208601,TERESINA (AER. PETRONIO PORTELA),SBTE,82579,105.8
PRATA DO PIAUÍ,2208601,FLORIANO,SBFO,82678,149.83
PRATA DO PIAUÍ,2208601,PARNAIBA (AEROPORTO),SBPB,82288,315.15
QUEIMADA NOVA,2208650,PETROLINA (AEROPORTO),SBPL,82984,128.48
QUEIMADA NOVA,2208650,FLORIANO,SBFO,82678,266.91
QUEIMADA NOVA,2208650,JOAZEIRO DO NORTEAER. CARIRI CE,SBJU,-,271.49
REDENÇÃO DO GURGUÉIA,2208700,FLORIANO,SBFO,82678,344.59
REDENÇÃO DO GURGUÉIA,2208700,CAROLINA (AEROPORTO),SBCI,82764,412.39
REDENÇÃO DO GURGUÉIA,2208700,PETROLINA (AEROPORTO),SBPL,82984,426.46
REGENERAÇÃO,2208809,FLORIANO,SBFO,82678,74.68
REGENERAÇÃO,2208809,TERESINA (AER. PETRONIO PORTELA),SBTE,82579,151.51
REGENERAÇÃO,2208809,JOAZEIRO DO NORTEAER. CARIRI CE,SBJU,-,368.43
RIACHO FRIO,2208858,PALMAS-TO (AEROPORTO),SBPJ,83065,391.37
RIACHO FRIO,2208858,PORTO NACIONAL (AEROPORTO),SBPN,83063,400.02
RIACHO FRIO,2208858,BOM JESUS DA LAPA,SBLP,83288,401.15
RIBEIRA DO PIAUÍ,2208874,FLORIANO,SBFO,82678,136.29
RIBEIRA DO PIAUÍ,2208874,PETROLINA (AEROPORTO),SBPL,82984,275.98
RIBEIRA DO PIAUÍ,2208874,TERESINA (AER. PETRONIO PORTELA),SBTE,82579,322.97
RIBEIRO GONÇALVES,2208908,CAROLINA (AEROPORTO),SBCI,82764,245.24
RIBEIRO GONÇALVES,2208908,FLORIANO,SBFO,82678,289.17
RIBEIRO GONÇALVES,2208908,IMPERATRIZ,SBIZ,82564,358.42
RIO GRANDE DO PIAUÍ,2209005,FLORIANO,SBFO,82678,112.27
RIO GRANDE DO PIAUÍ,2209005,TERESINA (AER. PETRONIO PORTELA),SBTE,82579,307
RIO GRANDE DO PIAUÍ,2209005,PETROLINA (AEROPORTO),SBPL,82984,334.98
SANTA CRUZ DO PIAUÍ,2209104,FLORIANO,SBFO,82678,147.75
SANTA CRUZ DO PIAUÍ,2209104,PETROLINA (AEROPORTO),SBPL,82984,271
SANTA CRUZ DO PIAUÍ,2209104,TERESINA (AER. PETRONIO PORTELA),SBTE,82579,271.92
SANTA CRUZ DOS MILAGRES,2209153,TERESINA (AER. PETRONIO PORTELA),SBTE,82579,143.56
SANTA CRUZ DOS MILAGRES,2209153,FLORIANO,SBFO,82678,159.28
SANTA CRUZ DOS MILAGRES,2209153,JOAZEIRO DO NORTEAER. CARIRI CE,SBJU,-,322.04
SANTA FILOMENA,2209203,CAROLINA (AEROPORTO),SBCI,82764,271.2
SANTA FILOMENA,2209203,PALMAS-TO (AEROPORTO),SBPJ,83065,328.54
SANTA FILOMENA,2209203,PORTO NACIONAL (AEROPORTO),SBPN,83063,353.41
SANTA LUZ,2209302,FLORIANO,SBFO,82678,279.82
SANTA LUZ,2209302,PETROLINA (AEROPORTO),SBPL,82984,389.75
SANTA LUZ,2209302,CAROLINA (AEROPORTO),SBCI,82764,417.02
SANTANA DO PIAUÍ,2209351,FLORIANO,SBFO,82678,167.95
SANTANA DO PIAUÍ,2209351,JOAZEIRO DO NORTEAER. CARIRI CE,SBJU,-,248.96
SANTANA DO PIAUÍ,2209351,TERESINA (AER. PETRONIO PORTELA),SBTE,82579,256.85
SANTA ROSA DO PIAUÍ,2209377,FLORIANO,SBFO,82678,87.63
SANTA ROSA DO PIAUÍ,2209377,TERESINA (AER. PETRONIO PORTELA),SBTE,82579,208.46
SANTA ROSA DO PIAUÍ,2209377,JOAZEIRO DO NORTEAER. CARIRI CE,SBJU,-,329.55
SANTO ANTÔNIO DE LISBOA,2209401,FLORIANO,SBFO,82678,200.56
SANTO ANTÔNIO DE LISBOA,2209401,JOAZEIRO DO NORTEAER. CARIRI CE,SBJU,-,216.74
SANTO ANTÔNIO DE LISBOA,2209401,TERESINA (AER. PETRONIO PORTELA),SBTE,82579,274.44
SANTO ANTÔNIO DOS MILAGRES,2209450,FLORIANO,SBFO,82678,87.47
SANTO ANTÔNIO DOS MILAGRES,2209450,TERESINA (AER. PETRONIO PORTELA),SBTE,82579,114.14
SANTO ANTÔNIO DOS MILAGRES,2209450,PARNAIBA (AEROPORTO),SBPB,82288,363.64
SANTO INÁCIO DO PIAUÍ,2209500,FLORIANO,SBFO,82678,134.74
SANTO INÁCIO DO PIAUÍ,2209500,PETROLINA (AEROPORTO),SBPL,82984,265.41
SANTO INÁCIO DO PIAUÍ,2209500,TERESINA (AER. PETRONIO PORTELA),SBTE,82579,284.31
SÃO BRAZ DO PIAUÍ,2209559,FLORIANO,SBFO,82678,243.84
SÃO BRAZ DO PIAUÍ,2209559,PETROLINA (AEROPORTO),SBPL,82984,271.41
SÃO BRAZ DO PIAUÍ,2209559,LENCOIS. AEROP. CHAPADA DIAMANTI,SBLE,-,434.24
SÃO FÉLIX DO PIAUÍ,2209609,TERESINA (AER. PETRONIO PORTELA),SBTE,82579,127.45
SÃO FÉLIX DO PIAUÍ,2209609,FLORIANO,SBFO,82678,136.97
SÃO FÉLIX DO PIAUÍ,2209609,PARNAIBA (AEROPORTO),SBPB,82288,337.4
SÃO FRANCISCO DE ASSIS DO PIAUÍ,2209658,PETROLINA (AEROPORTO),SBPL,82984,172.11
SÃO FRANCISCO DE ASSIS DO PIAUÍ,2209658,FLORIANO,SBFO,82678,223.64
SÃO FRANCISCO DE ASSIS DO PIAUÍ,2209658,JOAZEIRO DO NORTEAER. CARIRI CE,SBJU,-,276.74
SÃO FRANCISCO DO PIAUÍ,2209708,FLORIANO,SBFO,82678,74.53
SÃO FRANCISCO DO PIAUÍ,2209708,TERESINA (AER. PETRONIO PORTELA),SBTE,82579,243.71
SÃO FRANCISCO DO PIAUÍ,2209708,PETROLINA (AEROPORTO),SBPL,82984,321.6
SÃO GONÇALO DO GURGUÉIA,2209757,PALMAS-TO (AEROPORTO),SBPJ,83065,334.32
SÃO GONÇALO DO GURGUÉIA,2209757,PORTO NACIONAL (AEROPORTO),SBPN,83063,341.8
SÃO GONÇALO DO GURGUÉIA,2209757,CAROLINA (AEROPORTO),SBCI,82764,387.96
SÃO GONÇALO DO PIAUÍ,2209807,FLORIANO,SBFO,82678,94.48
SÃO GONÇALO DO PIAUÍ,2209807,TERESINA (AER. PETRONIO PORTELA),SBTE,82579,109.77
SÃO GONÇALO DO PIAUÍ,2209807,PARNAIBA (AEROPORTO),SBPB,82288,357.1
SÃO JOÃO DA CANABRAVA,2209856,FLORIANO,SBFO,82678,180.03
SÃO JOÃO DA CANABRAVA,2209856,JOAZEIRO DO NORTEAER. CARIRI CE,SBJU,-,241.43
SÃO JOÃO DA CANABRAVA,2209856,TERESINA (AER. PETRONIO PORTELA),SBTE,82579,243.12
SÃO JOÃO DA FRONTEIRA,2209872,PARNAIBA (AEROPORTO),SBPB,82288,131.94
SÃO JOÃO DA FRONTEIRA,2209872,TERESINA (AER. PETRONIO PORTELA),SBTE,82579,204.56
SÃO JOÃO DA FRONTEIRA,2209872,FORTALEZA (AEROPORTO),SBFZ,82398,307.73
SÃO JOÃO DA SERRA,2209906,TERESINA (AER. PETRONIO PORTELA),SBTE,82579,118.95
SÃO JOÃO DA SERRA,2209906,FLORIANO,SBFO,82678,186.06
SÃO JOÃO DA SERRA,2209906,PARNAIBA (AEROPORTO),SBPB,82288,291.9
SÃO JOÃO DA VARJOTA,2209955,FLORIANO,SBFO,82678,127.28
SÃO JOÃO DA VARJOTA,2209955,TERESINA (AER. PETRONIO PORTELA),SBTE,82579,237.77
SÃO JOÃO DA VARJOTA,2209955,JOAZEIRO DO NORTEAER. CARIRI CE,SBJU,-,289.74
SÃO JOÃO DO ARRAIAL,2209971,PARNAIBA (AEROPORTO),SBPB,82288,126.56
SÃO JOÃO DO ARRAIAL,2209971,TERESINA (AER. PETRONIO PORTELA),SBTE,82579,140.8
SÃO JOÃO DO ARRAIAL,2209971,SBSL (82280) IN SAO LUIZ AEROPORTO,SBSL,82280,238.76
SÃO JOÃO DO PIAUÍ,2210003,FLORIANO,SBFO,82678,191.81
SÃO JOÃO DO PIAUÍ,2210003,PETROLINA (AEROPORTO),SBPL,82984,219.07
SÃO JOÃO DO PIAUÍ,2210003,JOAZEIRO DO NORTEAER. CARIRI CE,SBJU,-,351.14
SÃO JOSÉ DO DIVINO,2210052,PARNAIBA (AEROPORTO),SBPB,82288,95.82
SÃO JOSÉ DO DIVINO,2210052,TERESINA (AER. PETRONIO PORTELA),SBTE,82579,175.49
SÃO JOSÉ DO DIVINO,2210052,SBSL (82280) IN SAO LUIZ AEROPORTO,SBSL,82280,292.68
SÃO JOSÉ DO PEIXE,2210102,FLORIANO,SBFO,82678,92.78
SÃO JOSÉ DO PEIXE,2210102,TERESINA (AER. PETRONIO PORTELA),SBTE,82579,273.96
SÃO JOSÉ DO PEIXE,2210102,PETROLINA (AEROPORTO),SBPL,82984,305.03
SÃO JOSÉ DO PIAUÍ,2210201,FLORIANO,SBFO,82678,168.69
SÃO JOSÉ DO PIAUÍ,2210201,TERESINA (AER. PETRONIO PORTELA),SBTE,82579,246.71
SÃO JOSÉ DO PIAUÍ,2210201,JOAZEIRO DO NORTEAER. CARIRI CE,SBJU,-,249.44
SÃO JULIÃO,2210300,JOAZEIRO DO NORTEAER. CARIRI CE,SBJU,-,173.02
SÃO JULIÃO,2210300,FLORIANO,SBFO,82678,243.96
SÃO JULIÃO,2210300,PETROLINA (AEROPORTO),SBPL,82984,256.75
SÃO LOURENÇO DO PIAUÍ,2210359,PETROLINA (AEROPORTO),SBPL,82984,216.8
SÃO LOURENÇO DO PIAUÍ,2210359,FLORIANO,SBFO,82678,272.33
SÃO LOURENÇO DO PIAUÍ,2210359,LENCOIS. AEROP. CHAPADA DIAMANTI,SBLE,-,392.58
SÃO LUIS DO PIAUÍ,2210375,FLORIANO,SBFO,82678,193.99
SÃO LUIS DO PIAUÍ,2210375,JOAZEIRO DO NORTEAER. CARIRI CE,SBJU,-,225.72
SÃO LUIS DO PIAUÍ,2210375,TERESINA (AER. PETRONIO PORTELA),SBTE,82579,258.61
SÃO MIGUEL DA BAIXA GRANDE,2210383,TERESINA (AER. PETRONIO PORTELA),SBTE,82579,106.64
SÃO MIGUEL DA BAIXA GRANDE,2210383,FLORIANO,SBFO,82678,134.39
SÃO MIGUEL DA BAIXA GRANDE,2210383,PARNAIBA (AEROPORTO),SBPB,82288,327.38
SÃO MIGUEL DO FIDALGO,2210391,FLORIANO,SBFO,82678,119.16
SÃO MIGUEL DO FIDALGO,2210391,PETROLINA (AEROPORTO),SBPL,82984,276.51
SÃO MIGUEL DO FIDALGO,2210391,TERESINA (AER. PETRONIO PORTELA),SBTE,82579,290.44
SÃO MIGUEL DO TAPUIO,2210409,TERESINA (AER. PETRONIO PORTELA),SBTE,82579,171.68
SÃO MIGUEL DO TAPUIO,2210409,FLORIANO,SBFO,82678,209.49
SÃO MIGUEL DO TAPUIO,2210409,JOAZEIRO DO NORTEAER. CARIRI CE,SBJU,-,291.19
SÃO PEDRO DO PIAUÍ,2210508,TERESINA (AER. PETRONIO PORTELA),SBTE,82579,87.72
SÃO PEDRO DO PIAUÍ,2210508,FLORIANO,SBFO,82678,108.94
SÃO PEDRO DO PIAUÍ,2210508,PARNAIBA (AEROPORTO),SBPB,82288,342.14
SÃO RAIMUNDO NONATO,2210607,PETROLINA (AEROPORTO),SBPL,82984,239.79
SÃO RAIMUNDO NONATO,2210607,FLORIANO,SBFO,82678,246.43
SÃO RAIMUNDO NONATO,2210607,LENCOIS. AEROP. CHAPADA DIAMANTI,SBLE,-,421.07
SEBASTIÃO BARROS,2210623,BOM JESUS DA LAPA,SBLP,83288,328.98
SEBASTIÃO BARROS,2210623,PORTO NACIONAL (AEROPORTO),SBPN,83063,387.58
SEBASTIÃO BARROS,2210623,PALMAS-TO (AEROPORTO),SBPJ,83065,388.93
SEBASTIÃO LEAL,2210631,FLORIANO,SBFO,82678,160.44
SEBASTIÃO LEAL,2210631,TERESINA (AER. PETRONIO PORTELA),SBTE,82579,333
SEBASTIÃO LEAL,2210631,CAROLINA (AEROPORTO),SBCI,82764,375.29
SIGEFREDO PACHECO,2210656,TERESINA (AER. PETRONIO PORTELA),SBTE,82579,111.66
SIGEFREDO PACHECO,2210656,PARNAIBA (AEROPORTO),SBPB,82288,229.18
SIGEFREDO PACHECO,2210656,FLORIANO,SBFO,82678,239.64
SIMÕES,2210706,JOAZEIRO DO NORTEAER. CARIRI CE,SBJU,-,169.85
SIMÕES,2210706,PETROLINA (AEROPORTO),SBPL,82984,189.9
SIMÕES,2210706,FLORIANO,SBFO,82678,270.52
SIMPLÍCIO MENDES,2210805,FLORIANO,SBFO,82678,158.6
SIMPLÍCIO MENDES,2210805,PETROLINA (AEROPORTO),SBPL,82984,236.82
SIMPLÍCIO MENDES,2210805,JOAZEIRO DO NORTEAER. CARIRI CE,SBJU,-,310.35
SOCORRO DO PIAUÍ,2210904,FLORIANO,SBFO,82678,138.92
SOCORRO DO PIAUÍ,2210904,PETROLINA (AEROPORTO),SBPL,82984,265.97
SOCORRO DO PIAUÍ,2210904,TERESINA (AER. PETRONIO PORTELA),SBTE,82579,321.04
SUSSUAPARA,2210938,FLORIANO,SBFO,82678,185.42
SUSSUAPARA,2210938,JOAZEIRO DO NORTEAER. CARIRI CE,SBJU,-,231.6
SUSSUAPARA,2210938,TERESINA (AER. PETRONIO PORTELA),SBTE,82579,273.9
TAMBORIL DO PIAUÍ,2210953,FLORIANO,SBFO,82678,190.91
TAMBORIL DO PIAUÍ,2210953,PETROLINA (AEROPORTO),SBPL,82984,292.94
TAMBORIL DO PIAUÍ,2210953,TERESINA (AER. PETRONIO PORTELA),SBTE,82579,385.36
TANQUE DO PIAUÍ,2210979,FLORIANO,SBFO,82678,84.1
TANQUE DO PIAUÍ,2210979,TERESINA (AER. PETRONIO PORTELA),SBTE,82579,191.59
TANQUE DO PIAUÍ,2210979,JOAZEIRO DO NORTEAER. CARIRI CE,SBJU,-,336.47
TERESINA,2211001,TERESINA (AER. PETRONIO PORTELA),SBTE,82579,12.41
TERESINA,2211001,FLORIANO,SBFO,82678,188.03
TERESINA,2211001,PARNAIBA (AEROPORTO),SBPB,82288,266.19
UNIÃO,2211100,TERESINA (AER. PETRONIO PORTELA),SBTE,82579,48.35
UNIÃO,2211100,PARNAIBA (AEROPORTO),SBPB,82288,219.45
UNIÃO,2211100,FLORIANO,SBFO,82678,243.03
URUÇUÍ,2211209,FLORIANO,SBFO,82678,205.2
URUÇUÍ,2211209,CAROLINA (AEROPORTO),SBCI,82764,324
URUÇUÍ,2211209,TERESINA (AER. PETRONIO PORTELA),SBTE,82579,362.83
VALENÇA DO PIAUÍ,2211308,FLORIANO,SBFO,82678,142.12
VALENÇA DO PIAUÍ,2211308,TERESINA (AER. PETRONIO PORTELA),SBTE,82579,186.73
VALENÇA DO PIAUÍ,2211308,JOAZEIRO DO NORTEAER. CARIRI CE,SBJU,-,294.91
VÁRZEA BRANCA,2211357,PETROLINA (AEROPORTO),SBPL,82984,258.09
VÁRZEA BRANCA,2211357,FLORIANO,SBFO,82678,284.08
VÁRZEA BRANCA,2211357,LENCOIS. AEROP. CHAPADA DIAMANTI,SBLE,-,394.16
VÁRZEA GRANDE,2211407,FLORIANO,SBFO,82678,90.99
VÁRZEA GRANDE,2211407,TERESINA (AER. PETRONIO PORTELA),SBTE,82579,181.66
VÁRZEA GRANDE,2211407,JOAZEIRO DO NORTEAER. CARIRI CE,SBJU,-,334.61
VERA MENDES,2211506,FLORIANO,SBFO,82678,189.49
VERA MENDES,2211506,PETROLINA (AEROPORTO),SBPL,82984,222.99
VERA MENDES,2211506,JOAZEIRO DO NORTEAER. CARIRI CE,SBJU,-,251.46
VILA NOVA DO PIAUÍ,2211605,JOAZEIRO DO NORTEAER. CARIRI CE,SBJU,-,183.88
VILA NOVA DO PIAUÍ,2211605,FLORIANO,SBFO,82678,234.87
VILA NOVA DO PIAUÍ,2211605,PETROLINA (AEROPORTO),SBPL,82984,244.54
WALL FERRAZ,2211704,FLORIANO,SBFO,82678,137.62
WALL FERRAZ,2211704,TERESINA (AER. PETRONIO PORTELA),SBTE,82579,269.57
WALL FERRAZ,2211704,PETROLINA (AEROPORTO),SBPL,82984,274.65