ABAÍRA,2900108,LENCOIS. AEROP. CHAPADA DIAMANTI,SBLE,-,78.38
ABAÍRA,2900108,BOM JESUS DA LAPA,SBLP,83288,182.04
ABAÍRA,2900108,VITORIA DA CONQUISTA,SBQV,83344,228.45
ABARÉ,2900207,PAULO AFONSO,SBUF,82986,135.64
ABARÉ,2900207,PETROLINA (AEROPORTO),SBPL,82984,152.45
ABARÉ,2900207,JOAZEIRO DO NORTEAER. CARIRI CE,SBJU,-,173.83
ACAJUTIBA,2900306,ARACAJU (AEROPORTO),SBAR,83095,121.71
ACAJUTIBA,2900306,SALVADOR (AEROPORTO),SBSV,83248,155.69
ACAJUTIBA,2900306,PAULO AFONSO,SBUF,82986,237.95
ADUSTINA,2900355,ARACAJU (AEROPORTO),SBAR,83095,115.44
ADUSTINA,2900355,PAULO AFONSO,SBUF,82986,128.07
ADUSTINA,2900355,SALVADOR (AEROPORTO),SBSV,83248,265.37
ÁGUA FRIA,2900405,SALVADOR (AEROPORTO),SBSV,83248,132.77
ÁGUA FRIA,2900405,ARACAJU (AEROPORTO),SBAR,83095,214.2
ÁGUA FRIA,2900405,LENCOIS. AEROP. CHAPADA DIAMANTI,SBLE,-,275.82
ÉRICO CARDOSO,2900504,LENCOIS. AEROP. CHAPADA DIAMANTI,SBLE,-,136.12
ÉRICO CARDOSO,2900504,BOM JESUS DA LAPA,SBLP,83288,144.61
ÉRICO CARDOSO,2900504,VITORIA DA CONQUISTA,SBQV,83344,208.69
AIQUARA,2900603,ILHEUS,SBIL,83348,108.75
AIQUARA,2900603,VITORIA DA CONQUISTA,SBQV,83344,148.29
AIQUARA,2900603,UNA - AER. HOTEL TRANSAMERIC,SBTC,-,160
ALAGOINHAS,2900702,SALVADOR (AEROPORTO),SBSV,83248,89.21
ALAGOINHAS,2900702,ARACAJU (AEROPORTO),SBAR,83095,190.34
ALAGOINHAS,2900702,PAULO AFONSO,SBUF,82986,300.57
ALCOBAÇA,2900801,CARAVELAS (AEROPORTO),SBCV,83497,24.7
ALCOBAÇA,2900801,PORTO SEGURO (AEROPORTO),SBPS,83460,121.43
ALCOBAÇA,2900801,UNA - AER. HOTEL TRANSAMERIC,SBTC,-,240.28
ALMADINA,2900900,ILHEUS,SBIL,83348,85.58
ALMADINA,2900900,VITORIA DA CONQUISTA,SBQV,83344,121.27
ALMADINA,2900900,UNA - AER. HOTEL TRANSAMERIC,SBTC,-,121.45
AMARGOSA,2901007,SALVADOR (AEROPORTO),SBSV,83248,161.4
AMARGOSA,2901007,LENCOIS. AEROP. CHAPADA DIAMANTI,SBLE,-,169.81
AMARGOSA,2901007,ILHEUS,SBIL,83348,217.89
AMÉLIA RODRIGUES,2901106,SALVADOR (AEROPORTO),SBSV,83248,96.16
AMÉLIA RODRIGUES,2901106,ARACAJU (AEROPORTO),SBAR,83095,162.58
AMÉLIA RODRIGUES,2901106,PAULO AFONSO,SBUF,82986,298.7
AMÉRICA DOURADA,2901155,LENCOIS. AEROP. CHAPADA DIAMANTI,SBLE,-,116.53
AMÉRICA DOURADA,2901155,PETROLINA (AEROPORTO),SBPL,82984,252.66
AMÉRICA DOURADA,2901155,BOM JESUS DA LAPA,SBLP,83288,290.9
ANAGÉ,2901205,VITORIA DA CONQUISTA,SBQV,83344,30.98
ANAGÉ,2901205,ILHEUS,SBIL,83348,203.8
ANAGÉ,2901205,UNA - AER. HOTEL TRANSAMERIC,SBTC,-,223.02
ANDARAÍ,2901304,LENCOIS. AEROP. CHAPADA DIAMANTI,SBLE,-,33.03
ANDARAÍ,2901304,VITORIA DA CONQUISTA,SBQV,83344,236.64
ANDARAÍ,2901304,BOM JESUS DA LAPA,SBLP,83288,247.4
ANDORINHA,2901353,PETROLINA (AEROPORTO),SBPL,82984,127.19
ANDORINHA,2901353,PAULO AFONSO,SBUF,82986,203.28
ANDORINHA,2901353,LENCOIS. AEROP. CHAPADA DIAMANTI,SBLE,-,288.22
ANGICAL,2901403,BOM JESUS DA LAPA,SBLP,83288,196.39
ANGICAL,2901403,LENCOIS. AEROP. CHAPADA DIAMANTI,SBLE,-,371.03
ANGICAL,2901403,MINACU,SBMC,-,422.17
ANGUERA,2901502,SALVADOR (AEROPORTO),SBSV,83248,114.87
ANGUERA,2901502,LENCOIS. AEROP. CHAPADA DIAMANTI,SBLE,-,234.08
ANGUERA,2901502,ARACAJU (AEROPORTO),SBAR,83095,266.17
ANTAS,2901601,PAULO AFONSO,SBUF,82986,112.07
ANTAS,2901601,ARACAJU (AEROPORTO),SBAR,83095,148.24
ANTAS,2901601,PETROLINA (AEROPORTO),SBPL,82984,274.11
ANTÔNIO CARDOSO,2901700,SALVADOR (AEROPORTO),SBSV,83248,106.52
ANTÔNIO CARDOSO,2901700,LENCOIS. AEROP. CHAPADA DIAMANTI,SBLE,-,231.91
ANTÔNIO CARDOSO,2901700,ILHEUS,SBIL,83348,269.08
ANTÔNIO GONÇALVES,2901809,PETROLINA (AEROPORTO),SBPL,82984,141.99
ANTÔNIO GONÇALVES,2901809,LENCOIS. AEROP. CHAPADA DIAMANTI,SBLE,-,228.7
ANTÔNIO GONÇALVES,2901809,PAULO AFONSO,SBUF,82986,268.68
APORÁ,2901908,SALVADOR (AEROPORTO),SBSV,83248,134.15
APORÁ,2901908,ARACAJU (AEROPORTO),SBAR,83095,152.33
APORÁ,2901908,PAULO AFONSO,SBUF,82986,255.21
APUAREMA,2901957,ILHEUS,SBIL,83348,94.25
APUAREMA,2901957,UNA - AER. HOTEL TRANSAMERIC,SBTC,-,146.79
APUAREMA,2901957,VITORIA DA CONQUISTA,SBQV,83344,154.3
ARACATU,2902005,VITORIA DA CONQUISTA,SBQV,83344,74.07
ARACATU,2902005,LENCOIS. AEROP. CHAPADA DIAMANTI,SBLE,-,214.86
ARACATU,2902005,BOM JESUS DA LAPA,SBLP,83288,255.24
ARAÇAS,2902054,SALVADOR (AEROPORTO),SBSV,83248,82.85
ARAÇAS,2902054,ARACAJU (AEROPORTO),SBAR,83095,181.04
ARAÇAS,2902054,ILHEUS,SBIL,83348,306.22
ARACI,2902104,SALVADOR (AEROPORTO),SBSV,83248,206.09
ARACI,2902104,PAULO AFONSO,SBUF,82986,218.22
ARACI,2902104,ARACAJU (AEROPORTO),SBAR,83095,218.54
ARAMARI,2902203,SALVADOR (AEROPORTO),SBSV,83248,96.94
ARAMARI,2902203,ARACAJU (AEROPORTO),SBAR,83095,189.54
ARAMARI,2902203,PAULO AFONSO,SBUF,82986,293.61
ARATACA,2902252,UNA - AER. HOTEL TRANSAMERIC,SBTC,-,50.99
ARATACA,2902252,ILHEUS,SBIL,83348,65.26
ARATACA,2902252,PORTO SEGURO (AEROPORTO),SBPS,83460,139.52
ARATUÍPE,2902302,SALVADOR (AEROPORTO),SBSV,83248,89.08
ARATUÍPE,2902302,ILHEUS,SBIL,83348,205.76
ARATUÍPE,2902302,LENCOIS. AEROP. CHAPADA DIAMANTI,SBLE,-,237.99
AURELINO LEAL,2902401,ILHEUS,SBIL,83348,67.71
AURELINO LEAL,2902401,UNA - AER. HOTEL TRANSAMERIC,SBTC,-,120.87
AURELINO LEAL,2902401,VITORIA DA CONQUISTA,SBQV,83344,161.14
BAIANÓPOLIS,2902500,BOM JESUS DA LAPA,SBLP,83288,128.77
BAIANÓPOLIS,2902500,LENCOIS. AEROP. CHAPADA DIAMANTI,SBLE,-,341.37
BAIANÓPOLIS,2902500,MINACU,SBMC,-,421.47
BAIXA GRANDE,2902609,LENCOIS. AEROP. CHAPADA DIAMANTI,SBLE,-,135.93
BAIXA GRANDE,2902609,SALVADOR (AEROPORTO),SBSV,83248,226.51
BAIXA GRANDE,2902609,PETROLINA (AEROPORTO),SBPL,82984,289.09
BANZAÊ,2902658,PAULO AFONSO,SBUF,82986,142.55
BANZAÊ,2902658,ARACAJU (AEROPORTO),SBAR,83095,176.28
BANZAÊ,2902658,PETROLINA (AEROPORTO),SBPL,82984,252.65
BARRA,2902708,BOM JESUS DA LAPA,SBLP,83288,248.9
BARRA,2902708,LENCOIS. AEROP. CHAPADA DIAMANTI,SBLE,-,278.46
BARRA,2902708,PETROLINA (AEROPORTO),SBPL,82984,357.58
BARRA DA ESTIVA,2902807,LENCOIS. AEROP. CHAPADA DIAMANTI,SBLE,-,128.43
BARRA DA ESTIVA,2902807,VITORIA DA CONQUISTA,SBQV,83344,141.38
BARRA DA ESTIVA,2902807,BOM JESUS DA LAPA,SBLP,83288,248.57
BARRA DO CHOÇA,2902906,VITORIA DA CONQUISTA,SBQV,83344,31.62
BARRA DO CHOÇA,2902906,ILHEUS,SBIL,83348,167.92
BARRA DO CHOÇA,2902906,UNA - AER. HOTEL TRANSAMERIC,SBTC,-,178.47
BARRA DO MENDES,2903003,LENCOIS. AEROP. CHAPADA DIAMANTI,SBLE,-,105.26
BARRA DO MENDES,2903003,BOM JESUS DA LAPA,SBLP,83288,202.87
BARRA DO MENDES,2903003,PETROLINA (AEROPORTO),SBPL,82984,334.69
BARRA DO ROCHA,2903102,ILHEUS,SBIL,83348,135.86
BARRA DO ROCHA,2903102,VITORIA DA CONQUISTA,SBQV,83344,154.51
BARRA DO ROCHA,2903102,UNA - AER. HOTEL TRANSAMERIC,SBTC,-,188.15
BARREIRAS,2903201,BOM JESUS DA LAPA,SBLP,83288,268.02
BARREIRAS,2903201,MINACU,SBMC,-,336.27
BARREIRAS,2903201,PORTO NACIONAL (AEROPORTO),SBPN,83063,342.53
BARRO ALTO,2903235,LENCOIS. AEROP. CHAPADA DIAMANTI,SBLE,-,92.57
BARRO ALTO,2903235,BOM JESUS DA LAPA,SBLP,83288,233.92
BARRO ALTO,2903235,PETROLINA (AEROPORTO),SBPL,82984,308.05
BARROCAS,2903276,SALVADOR (AEROPORTO),SBSV,83248,164.44
BARROCAS,2903276,LENCOIS. AEROP. CHAPADA DIAMANTI,SBLE,-,237.3
BARROCAS,2903276,ARACAJU (AEROPORTO),SBAR,83095,250.88
BARRO PRETO,2903300,ILHEUS,SBIL,83348,53.85
BARRO PRETO,2903300,UNA - AER. HOTEL TRANSAMERIC,SBTC,-,78.21
BARRO PRETO,2903300,VITORIA DA CONQUISTA,SBQV,83344,145.59
BELMONTE,2903409,PORTO SEGURO (AEROPORTO),SBPS,83460,55.35
BELMONTE,2903409,UNA - AER. HOTEL TRANSAMERIC,SBTC,-,68.4
BELMONTE,2903409,ILHEUS,SBIL,83348,127.65
BELO CAMPO,2903508,VITORIA DA CONQUISTA,SBQV,83344,37.71
BELO CAMPO,2903508,ILHEUS,SBIL,83348,235.52
BELO CAMPO,2903508,UNA - AER. HOTEL TRANSAMERIC,SBTC,-,242.37
BIRITINGA,2903607,SALVADOR (AEROPORTO),SBSV,83248,155.94
BIRITINGA,2903607,ARACAJU (AEROPORTO),SBAR,83095,197.51
BIRITINGA,2903607,PAULO AFONSO,SBUF,82986,248
BOA NOVA,2903706,VITORIA DA CONQUISTA,SBQV,83344,83.95
BOA NOVA,2903706,ILHEUS,SBIL,83348,138.08
BOA NOVA,2903706,UNA - AER. HOTEL TRANSAMERIC,SBTC,-,170.47
BOA VISTA DO TUPIM,2903805,LENCOIS. AEROP. CHAPADA DIAMANTI,SBLE,-,68.33
BOA VISTA DO TUPIM,2903805,VITORIA DA CONQUISTA,SBQV,83344,233.8
BOA VISTA DO TUPIM,2903805,SALVADOR (AEROPORTO),SBSV,83248,261.23
BOM JESUS DA LAPA,2903904,BOM JESUS DA LAPA,SBLP,83288,14.16
BOM JESUS DA LAPA,2903904,LENCOIS. AEROP. CHAPADA DIAMANTI,SBLE,-,235.42
BOM JESUS DA LAPA,2903904,VITORIA DA CONQUISTA,SBQV,83344,315.06
BOM JESUS DA SERRA,2903953,VITORIA DA CONQUISTA,SBQV,83344,66.93
BOM JESUS DA SERRA,2903953,ILHEUS,SBIL,83348,160.15
BOM JESUS DA SERRA,2903953,UNA - AER. HOTEL TRANSAMERIC,SBTC,-,189.28
BONINAL,2904001,LENCOIS. AEROP. CHAPADA DIAMANTI,SBLE,-,66.44
BONINAL,2904001,BOM JESUS DA LAPA,SBLP,83288,183.48
BONINAL,2904001,VITORIA DA CONQUISTA,SBQV,83344,250.75
BONITO,2904050,LENCOIS. AEROP. CHAPADA DIAMANTI,SBLE,-,54.8
BONITO,2904050,BOM JESUS DA LAPA,SBLP,83288,268.62
BONITO,2904050,PETROLINA (AEROPORTO),SBPL,82984,302.54
BOQUIRA,2904100,BOM JESUS DA LAPA,SBLP,83288,95.79
BOQUIRA,2904100,LENCOIS. AEROP. CHAPADA DIAMANTI,SBLE,-,159.55
BOQUIRA,2904100,VITORIA DA CONQUISTA,SBQV,83344,310.72
BOTUPORÃ,2904209,BOM JESUS DA LAPA,SBLP,83288,97.28
BOTUPORÃ,2904209,LENCOIS. AEROP. CHAPADA DIAMANTI,SBLE,-,165.4
BOTUPORÃ,2904209,VITORIA DA CONQUISTA,SBQV,83344,246.36
BREJÕES,2904308,LENCOIS. AEROP. CHAPADA DIAMANTI,SBLE,-,149.71
BREJÕES,2904308,SALVADOR (AEROPORTO),SBSV,83248,198.7
BREJÕES,2904308,VITORIA DA CONQUISTA,SBQV,83344,200.49
BREJOLÂNDIA,2904407,BOM JESUS DA LAPA,SBLP,83288,93.51
BREJOLÂNDIA,2904407,LENCOIS. AEROP. CHAPADA DIAMANTI,SBLE,-,272.44
BREJOLÂNDIA,2904407,VITORIA DA CONQUISTA,SBQV,83344,410.27
BROTAS DE MACAÚBAS,2904506,LENCOIS. AEROP. CHAPADA DIAMANTI,SBLE,-,133.91
BROTAS DE MACAÚBAS,2904506,BOM JESUS DA LAPA,SBLP,83288,168.66
BROTAS DE MACAÚBAS,2904506,VITORIA DA CONQUISTA,SBQV,83344,353.13
BRUMADO,2904605,VITORIA DA CONQUISTA,SBQV,83344,117.94
BRUMADO,2904605,LENCOIS. AEROP. CHAPADA DIAMANTI,SBLE,-,193.12
BRUMADO,2904605,BOM JESUS DA LAPA,SBLP,83288,211.7
BUERAREMA,2904704,ILHEUS,SBIL,83348,46.76
BUERAREMA,2904704,UNA - AER. HOTEL TRANSAMERIC,SBTC,-,54.34
BUERAREMA,2904704,PORTO SEGURO (AEROPORTO),SBPS,83460,157.55
BURITIRAMA,2904753,BOM JESUS DA LAPA,SBLP,83288,298.04
BURITIRAMA,2904753,LENCOIS. AEROP. CHAPADA DIAMANTI,SBLE,-,333.98
BURITIRAMA,2904753,PETROLINA (AEROPORTO),SBPL,82984,366.2
CAATIBA,2904803,VITORIA DA CONQUISTA,SBQV,83344,59.99
CAATIBA,2904803,ILHEUS,SBIL,83348,144.2
CAATIBA,2904803,UNA - AER. HOTEL TRANSAMERIC,SBTC,-,149.94
CABACEIRAS DO PARAGUAÇU,2904852,SALVADOR (AEROPORTO),SBSV,83248,85.91
CABACEIRAS DO PARAGUAÇU,2904852,LENCOIS. AEROP. CHAPADA DIAMANTI,SBLE,-,242.96
CABACEIRAS DO PARAGUAÇU,2904852,ILHEUS,SBIL,83348,246.05
CACHOEIRA,2904902,SALVADOR (AEROPORTO),SBSV,83248,64.86
CACHOEIRA,2904902,ILHEUS,SBIL,83348,244.08
CACHOEIRA,2904902,LENCOIS. AEROP. CHAPADA DIAMANTI,SBLE,-,265.24
CACULÉ,2905008,VITORIA DA CONQUISTA,SBQV,83344,158.5
CACULÉ,2905008,BOM JESUS DA LAPA,SBLP,83288,181.26
CACULÉ,2905008,LENCOIS. AEROP. CHAPADA DIAMANTI,SBLE,-,246.59
CAÉM,2905107,LENCOIS. AEROP. CHAPADA DIAMANTI,SBLE,-,182.73
CAÉM,2905107,PETROLINA (AEROPORTO),SBPL,82984,200.5
CAÉM,2905107,SALVADOR (AEROPORTO),SBSV,83248,289.34
CAETANOS,2905156,VITORIA DA CONQUISTA,SBQV,83344,61.33
CAETANOS,2905156,LENCOIS. AEROP. CHAPADA DIAMANTI,SBLE,-,208.33
CAETANOS,2905156,ILHEUS,SBIL,83348,211.32
CAETITÉ,2905206,BOM JESUS DA LAPA,SBLP,83288,129.23
CAETITÉ,2905206,VITORIA DA CONQUISTA,SBQV,83344,199.18
CAETITÉ,2905206,LENCOIS. AEROP. CHAPADA DIAMANTI,SBLE,-,212.21
CAFARNAUM,2905305,LENCOIS. AEROP. CHAPADA DIAMANTI,SBLE,-,90.47
CAFARNAUM,2905305,BOM JESUS DA LAPA,SBLP,83288,267.13
CAFARNAUM,2905305,PETROLINA (AEROPORTO),SBPL,82984,281.33
CAIRU,2905404,SALVADOR (AEROPORTO),SBSV,83248,99.86
CAIRU,2905404,ILHEUS,SBIL,83348,142.2
CAIRU,2905404,UNA - AER. HOTEL TRANSAMERIC,SBTC,-,203.31
CALDEIRÃO GRANDE,2905503,PETROLINA (AEROPORTO),SBPL,82984,191.77
CALDEIRÃO GRANDE,2905503,LENCOIS. AEROP. CHAPADA DIAMANTI,SBLE,-,195.03
CALDEIRÃO GRANDE,2905503,PAULO AFONSO,SBUF,82986,284.43
CAMACAN,2905602,UNA - AER. HOTEL TRANSAMERIC,SBTC,-,58.25
CAMACAN,2905602,ILHEUS,SBIL,83348,89.12
CAMACAN,2905602,PORTO SEGURO (AEROPORTO),SBPS,83460,119.53
CAMAÇARI,2905701,SALVADOR (AEROPORTO),SBSV,83248,29.98
CAMAÇARI,2905701,ARACAJU (AEROPORTO),SBAR,83095,225.53
CAMAÇARI,2905701,ILHEUS,SBIL,83348,254.3
CAMAMU,2905800,ILHEUS,SBIL,83348,93.29
CAMAMU,2905800,UNA - AER. HOTEL TRANSAMERIC,SBTC,-,154.1
CAMAMU,2905800,SALVADOR (AEROPORTO),SBSV,83248,154.89
CAMPO ALEGRE DE LOURDES,2905909,PETROLINA (AEROPORTO),SBPL,82984,282.74
CAMPO ALEGRE DE LOURDES,2905909,FLORIANO,SBFO,82678,310.01
CAMPO ALEGRE DE LOURDES,2905909,LENCOIS. AEROP. CHAPADA DIAMANTI,SBLE,-,383.41
CAMPO FORMOSO,2906006,PETROLINA (AEROPORTO),SBPL,82984,100.37
CAMPO FORMOSO,2906006,LENCOIS. AEROP. CHAPADA DIAMANTI,SBLE,-,254.21
CAMPO FORMOSO,2906006,PAULO AFONSO,SBUF,82986,287.38
CANÁPOLIS,2906105,BOM JESUS DA LAPA,SBLP,83288,89.34
CANÁPOLIS,2906105,LENCOIS. AEROP. CHAPADA DIAMANTI,SBLE,-,326.08
CANÁPOLIS,2906105,MONTES CLAROS,SBMK,83437,404.43
CANARANA,2906204,LENCOIS. AEROP. CHAPADA DIAMANTI,SBLE,-,89.89
CANARANA,2906204,BOM JESUS DA LAPA,SBLP,83288,255.22
CANARANA,2906204,PETROLINA (AEROPORTO),SBPL,82984,290.62
CANAVIEIRAS,2906303,UNA - AER. HOTEL TRANSAMERIC,SBTC,-,37.16
CANAVIEIRAS,2906303,PORTO SEGURO (AEROPORTO),SBPS,83460,85.94
CANAVIEIRAS,2906303,ILHEUS,SBIL,83348,95.96
CANDEAL,2906402,SALVADOR (AEROPORTO),SBSV,83248,148.54
CANDEAL,2906402,LENCOIS. AEROP. CHAPADA DIAMANTI,SBLE,-,236.74
CANDEAL,2906402,ARACAJU (AEROPORTO),SBAR,83095,252.15
CANDEIAS,2906501,SALVADOR (AEROPORTO),SBSV,83248,92.53
CANDEIAS,2906501,ARACAJU (AEROPORTO),SBAR,83095,241.93
CANDEIAS,2906501,LENCOIS. AEROP. CHAPADA DIAMANTI,SBLE,-,263.9
CANDIBA,2906600,BOM JESUS DA LAPA,SBLP,83288,141.5
CANDIBA,2906600,VITORIA DA CONQUISTA,SBQV,83344,217.99
CANDIBA,2906600,LENCOIS. AEROP. CHAPADA DIAMANTI,SBLE,-,273.07
CÂNDIDO SALES,2906709,VITORIA DA CONQUISTA,SBQV,83344,70.52
CÂNDIDO SALES,2906709,UNA - AER. HOTEL TRANSAMERIC,SBTC,-,251.78
CÂNDIDO SALES,2906709,ILHEUS,SBIL,83348,254.58
CANSANÇÃO,2906808,PETROLINA (AEROPORTO),SBPL,82984,193.59
CANSANÇÃO,2906808,PAULO AFONSO,SBUF,82986,198.01
CANSANÇÃO,2906808,ARACAJU (AEROPORTO),SBAR,83095,262.33
CANUDOS,2906824,PAULO AFONSO,SBUF,82986,109.02
CANUDOS,2906824,PETROLINA (AEROPORTO),SBPL,82984,189.86
CANUDOS,2906824,ARACAJU (AEROPORTO),SBAR,83095,232.57
CAPELA DO ALTO ALEGRE,2906857,LENCOIS. AEROP. CHAPADA DIAMANTI,SBLE,-,179.65
CAPELA DO ALTO ALEGRE,2906857,SALVADOR (AEROPORTO),SBSV,83248,207.74
CAPELA DO ALTO ALEGRE,2906857,PETROLINA (AEROPORTO),SBPL,82984,275.55
CAPIM GROSSO,2906873,LENCOIS. AEROP. CHAPADA DIAMANTI,SBLE,-,189.13
CAPIM GROSSO,2906873,PETROLINA (AEROPORTO),SBPL,82984,227.91
CAPIM GROSSO,2906873,SALVADOR (AEROPORTO),SBSV,83248,251.25
CARAÍBAS,2906899,VITORIA DA CONQUISTA,SBQV,83344,53.55
CARAÍBAS,2906899,LENCOIS. AEROP. CHAPADA DIAMANTI,SBLE,-,240.53
CARAÍBAS,2906899,ILHEUS,SBIL,83348,246.81
CARAVELAS,2906907,CARAVELAS (AEROPORTO),SBCV,83497,45.69
CARAVELAS,2906907,PORTO SEGURO (AEROPORTO),SBPS,83460,151.59
CARAVELAS,2906907,UNA - AER. HOTEL TRANSAMERIC,SBTC,-,267.74
CARDEAL DA SILVA,2907004,SALVADOR (AEROPORTO),SBSV,83248,104.63
CARDEAL DA SILVA,2907004,ARACAJU (AEROPORTO),SBAR,83095,151.77
CARDEAL DA SILVA,2907004,PAULO AFONSO,SBUF,82986,294.89
CARINHANHA,2907103,BOM JESUS DA LAPA,SBLP,83288,93.43
CARINHANHA,2907103,MONTES CLAROS,SBMK,83437,300.42
CARINHANHA,2907103,LENCOIS. AEROP. CHAPADA DIAMANTI,SBLE,-,325.48
CASA NOVA,2907202,PETROLINA (AEROPORTO),SBPL,82984,85.59
CASA NOVA,2907202,JOAZEIRO DO NORTEAER. CARIRI CE,SBJU,-,319.96
CASA NOVA,2907202,FLORIANO,SBFO,82678,331.34
CASTRO ALVES,2907301,SALVADOR (AEROPORTO),SBSV,83248,115.57
CASTRO ALVES,2907301,LENCOIS. AEROP. CHAPADA DIAMANTI,SBLE,-,208.96
CASTRO ALVES,2907301,ILHEUS,SBIL,83348,233.44
CATOLÂNDIA,2907400,BOM JESUS DA LAPA,SBLP,83288,176.68
CATOLÂNDIA,2907400,LENCOIS. AEROP. CHAPADA DIAMANTI,SBLE,-,372.18
CATOLÂNDIA,2907400,MINACU,SBMC,-,404.31
CATU,2907509,SALVADOR (AEROPORTO),SBSV,83248,64.67
CATU,2907509,ARACAJU (AEROPORTO),SBAR,83095,210.16
CATU,2907509,ILHEUS,SBIL,83348,282.79
CATURAMA,2907558,BOM JESUS DA LAPA,SBLP,83288,121.48
CATURAMA,2907558,LENCOIS. AEROP. CHAPADA DIAMANTI,SBLE,-,138.53
CATURAMA,2907558,VITORIA DA CONQUISTA,SBQV,83344,238.49
CENTRAL,2907608,LENCOIS. AEROP. CHAPADA DIAMANTI,SBLE,-,177.26
CENTRAL,2907608,PETROLINA (AEROPORTO),SBPL,82984,250.51
CENTRAL,2907608,BOM JESUS DA LAPA,SBLP,83288,284.82
CHORROCHÓ,2907707,PAULO AFONSO,SBUF,82986,107.26
CHORROCHÓ,2907707,PETROLINA (AEROPORTO),SBPL,82984,149.11
CHORROCHÓ,2907707,JOAZEIRO DO NORTEAER. CARIRI CE,SBJU,-,226.24
CÍCERO DANTAS,2907806,PAULO AFONSO,SBUF,82986,124.42
CÍCERO DANTAS,2907806,ARACAJU (AEROPORTO),SBAR,83095,159.14
CÍCERO DANTAS,2907806,PETROLINA (AEROPORTO),SBPL,82984,264.44
CIPÓ,2907905,ARACAJU (AEROPORTO),SBAR,83095,166.23
CIPÓ,2907905,SALVADOR (AEROPORTO),SBSV,83248,188.64
CIPÓ,2907905,PAULO AFONSO,SBUF,82986,205.58
COARACI,2908002,ILHEUS,SBIL,83348,76.32
COARACI,2908002,UNA - AER. HOTEL TRANSAMERIC,SBTC,-,113.93
COARACI,2908002,VITORIA DA CONQUISTA,SBQV,83344,129.77
COCOS,2908101,BOM JESUS DA LAPA,SBLP,83288,236.93
COCOS,2908101,MONTES CLAROS,SBMK,83437,287.09
COCOS,2908101,BRASILIA (AEROPORTO),SBBR,83378,328
CONCEIÇÃO DA FEIRA,2908200,SALVADOR (AEROPORTO),SBSV,83248,98.33
CONCEIÇÃO DA FEIRA,2908200,LENCOIS. AEROP. CHAPADA DIAMANTI,SBLE,-,233.41
CONCEIÇÃO DA FEIRA,2908200,ILHEUS,SBIL,83348,255.66
CONCEIÇÃO DO ALMEIDA,2908309,SALVADOR (AEROPORTO),SBSV,83248,118.83
CONCEIÇÃO DO ALMEIDA,2908309,LENCOIS. AEROP. CHAPADA DIAMANTI,SBLE,-,207.28
CONCEIÇÃO DO ALMEIDA,2908309,ILHEUS,SBIL,83348,246.32
CONCEIÇÃO DO COITÉ,2908408,SALVADOR (AEROPORTO),SBSV,83248,187.12
CONCEIÇÃO DO COITÉ,2908408,ARACAJU (AEROPORTO),SBAR,83095,236.45
CONCEIÇÃO DO COITÉ,2908408,PAULO AFONSO,SBUF,82986,249.15
CONCEIÇÃO DO JACUÍPE,2908507,SALVADOR (AEROPORTO),SBSV,83248,82.61
CONCEIÇÃO DO JACUÍPE,2908507,ARACAJU (AEROPORTO),SBAR,83095,225.19
CONCEIÇÃO DO JACUÍPE,2908507,LENCOIS. AEROP. CHAPADA DIAMANTI,SBLE,-,283.92
CONDE,2908606,SALVADOR (AEROPORTO),SBSV,83248,123.34
CONDE,2908606,ARACAJU (AEROPORTO),SBAR,83095,130.79
CONDE,2908606,PAULO AFONSO,SBUF,82986,289.14
CONDEÚBA,2908705,VITORIA DA CONQUISTA,SBQV,83344,128.86
CONDEÚBA,2908705,BOM JESUS DA LAPA,SBLP,83288,236.33
CONDEÚBA,2908705,MONTES CLAROS,SBMK,83437,270.9
CONTENDAS DO SINCORÁ,2908804,VITORIA DA CONQUISTA,SBQV,83344,114.01
CONTENDAS DO SINCORÁ,2908804,LENCOIS. AEROP. CHAPADA DIAMANTI,SBLE,-,155.64
CONTENDAS DO SINCORÁ,2908804,ILHEUS,SBIL,83348,246.4
CORAÇÃO DE MARIA,2908903,SALVADOR (AEROPORTO),SBSV,83248,91.87
CORAÇÃO DE MARIA,2908903,ARACAJU (AEROPORTO),SBAR,83095,248.64
CORAÇÃO DE MARIA,2908903,LENCOIS. AEROP. CHAPADA DIAMANTI,SBLE,-,258.81
CORDEIROS,2909000,VITORIA DA CONQUISTA,SBQV,83344,115.63
CORDEIROS,2909000,BOM JESUS DA LAPA,SBLP,83288,237.38
CORDEIROS,2909000,LENCOIS. AEROP. CHAPADA DIAMANTI,SBLE,-,273.72
CORIBE,2909109,BOM JESUS DA LAPA,SBLP,83288,119.53
CORIBE,2909109,MONTES CLAROS,SBMK,83437,330.73
CORIBE,2909109,LENCOIS. AEROP. CHAPADA DIAMANTI,SBLE,-,366.83
CORONEL JOÃO SÁ,2909208,PAULO AFONSO,SBUF,82986,105.26
CORONEL JOÃO SÁ,2909208,ARACAJU (AEROPORTO),SBAR,83095,121.86
CORONEL JOÃO SÁ,2909208,MACEIO (AEROPORTO),SBMO,82993,254.31
CORRENTINA,2909307,BOM JESUS DA LAPA,SBLP,83288,216.54
CORRENTINA,2909307,MINACU,SBMC,-,301.75
CORRENTINA,2909307,BRASILIA (AEROPORTO),SBBR,83378,378.75
COTEGIPE,2909406,BOM JESUS DA LAPA,SBLP,83288,197.99
COTEGIPE,2909406,LENCOIS. AEROP. CHAPADA DIAMANTI,SBLE,-,340.48
COTEGIPE,2909406,PORTO NACIONAL (AEROPORTO),SBPN,83063,457.24
CRAVOLÂNDIA,2909505,VITORIA DA CONQUISTA,SBQV,83344,116.83
CRAVOLÂNDIA,2909505,ILHEUS,SBIL,83348,157.61
CRAVOLÂNDIA,2909505,UNA - AER. HOTEL TRANSAMERIC,SBTC,-,200.89
CRISÓPOLIS,2909604,ARACAJU (AEROPORTO),SBAR,83095,137.38
CRISÓPOLIS,2909604,SALVADOR (AEROPORTO),SBSV,83248,154.26
CRISÓPOLIS,2909604,PAULO AFONSO,SBUF,82986,235.55
CRISTÓPOLIS,2909703,BOM JESUS DA LAPA,SBLP,83288,150.54
CRISTÓPOLIS,2909703,LENCOIS. AEROP. CHAPADA DIAMANTI,SBLE,-,324.67
CRISTÓPOLIS,2909703,MINACU,SBMC,-,453.79
CRUZ DAS ALMAS,2909802,SALVADOR (AEROPORTO),SBSV,83248,108.78
CRUZ DAS ALMAS,2909802,ARACAJU (AEROPORTO),SBAR,83095,229.79
CRUZ DAS ALMAS,2909802,LENCOIS. AEROP. CHAPADA DIAMANTI,SBLE,-,267.46
CURAÇÁ,2909901,PETROLINA (AEROPORTO),SBPL,82984,102.54
CURAÇÁ,2909901,PAULO AFONSO,SBUF,82986,154.73
CURAÇÁ,2909901,JOAZEIRO DO NORTEAER. CARIRI CE,SBJU,-,226.18
DÁRIO MEIRA,2910008,VITORIA DA CONQUISTA,SBQV,83344,136.9
DÁRIO MEIRA,2910008,LENCOIS. AEROP. CHAPADA DIAMANTI,SBLE,-,162
DÁRIO MEIRA,2910008,ILHEUS,SBIL,83348,197.97
DIAS D'ÁVILA,2910057,SALVADOR (AEROPORTO),SBSV,83248,37.67
DIAS D'ÁVILA,2910057,ARACAJU (AEROPORTO),SBAR,83095,218.59
DIAS D'ÁVILA,2910057,ILHEUS,SBIL,83348,261.91
DOM BASÍLIO,2910107,VITORIA DA CONQUISTA,SBQV,83344,145.71
DOM BASÍLIO,2910107,LENCOIS. AEROP. CHAPADA DIAMANTI,SBLE,-,159.4
DOM BASÍLIO,2910107,BOM JESUS DA LAPA,SBLP,83288,194.96
DOM MACEDO COSTA,2910206,SALVADOR (AEROPORTO),SBSV,83248,62.68
DOM MACEDO COSTA,2910206,ILHEUS,SBIL,83348,201.6
DOM MACEDO COSTA,2910206,UNA - AER. HOTEL TRANSAMERIC,SBTC,-,262.45
ELÍSIO MEDRADO,2910305,SALVADOR (AEROPORTO),SBSV,83248,150.28
ELÍSIO MEDRADO,2910305,LENCOIS. AEROP. CHAPADA DIAMANTI,SBLE,-,182.1
ELÍSIO MEDRADO,2910305,ILHEUS,SBIL,83348,209.61
ENCRUZILHADA,2910404,VITORIA DA CONQUISTA,SBQV,83344,82.07
ENCRUZILHADA,2910404,UNA - AER. HOTEL TRANSAMERIC,SBTC,-,214.65
ENCRUZILHADA,2910404,PORTO SEGURO (AEROPORTO),SBPS,83460,222.55
ENTRE RIOS,2910503,SALVADOR (AEROPORTO),SBSV,83248,94.31
ENTRE RIOS,2910503,ARACAJU (AEROPORTO),SBAR,83095,163.4
ENTRE RIOS,2910503,PAULO AFONSO,SBUF,82986,301.4
ESPLANADA,2910602,ARACAJU (AEROPORTO),SBAR,83095,127.7
ESPLANADA,2910602,SALVADOR (AEROPORTO),SBSV,83248,130.39
ESPLANADA,2910602,PAULO AFONSO,SBUF,82986,271.95
EUCLIDES DA CUNHA,2910701,PAULO AFONSO,SBUF,82986,137.23
EUCLIDES DA CUNHA,2910701,ARACAJU (AEROPORTO),SBAR,83095,206.82
EUCLIDES DA CUNHA,2910701,PETROLINA (AEROPORTO),SBPL,82984,220.33
EUNÁPOLIS,2910727,PORTO SEGURO (AEROPORTO),SBPS,83460,60.87
EUNÁPOLIS,2910727,UNA - AER. HOTEL TRANSAMERIC,SBTC,-,122.58
EUNÁPOLIS,2910727,CARAVELAS (AEROPORTO),SBCV,83497,155.3
FÁTIMA,2910750,ARACAJU (AEROPORTO),SBAR,83095,130.41
FÁTIMA,2910750,PAULO AFONSO,SBUF,82986,132.43
FÁTIMA,2910750,SALVADOR (AEROPORTO),SBSV,83248,257.2
FEIRA DA MATA,2910776,BOM JESUS DA LAPA,SBLP,83288,120.65
FEIRA DA MATA,2910776,MONTES CLAROS,SBMK,83437,297.42
FEIRA DA MATA,2910776,LENCOIS. AEROP. CHAPADA DIAMANTI,SBLE,-,360.68
FEIRA DE SANTANA,2910800,SALVADOR (AEROPORTO),SBSV,83248,112
FEIRA DE SANTANA,2910800,LENCOIS. AEROP. CHAPADA DIAMANTI,SBLE,-,247.78
FEIRA DE SANTANA,2910800,ARACAJU (AEROPORTO),SBAR,83095,250.62
FILADÉLFIA,2910859,PETROLINA (AEROPORTO),SBPL,82984,146.42
FILADÉLFIA,2910859,LENCOIS. AEROP. CHAPADA DIAMANTI,SBLE,-,237.21
FILADÉLFIA,2910859,PAULO AFONSO,SBUF,82986,252.9
FIRMINO ALVES,2910909,ILHEUS,SBIL,83348,96.51
FIRMINO ALVES,2910909,VITORIA DA CONQUISTA,SBQV,83344,103.51
FIRMINO ALVES,2910909,UNA - AER. HOTEL TRANSAMERIC,SBTC,-,110.24
FLORESTA AZUL,2911006,ILHEUS,SBIL,83348,74.85
FLORESTA AZUL,2911006,UNA - AER. HOTEL TRANSAMERIC,SBTC,-,97.41
FLORESTA AZUL,2911006,VITORIA DA CONQUISTA,SBQV,83344,124.16
FORMOSA DO RIO PRETO,2911105,PORTO NACIONAL (AEROPORTO),SBPN,83063,289.07
FORMOSA DO RIO PRETO,2911105,PALMAS-TO (AEROPORTO),SBPJ,83065,297.99
FORMOSA DO RIO PRETO,2911105,BOM JESUS DA LAPA,SBLP,83288,355.49
GANDU,2911204,SALVADOR (AEROPORTO),SBSV,83248,147.34
GANDU,2911204,ILHEUS,SBIL,83348,154.66
GANDU,2911204,VITORIA DA CONQUISTA,SBQV,83344,209.63
GAVIÃO,2911253,LENCOIS. AEROP. CHAPADA DIAMANTI,SBLE,-,169.11
GAVIÃO,2911253,SALVADOR (AEROPORTO),SBSV,83248,231.61
GAVIÃO,2911253,PETROLINA (AEROPORTO),SBPL,82984,257.54
GENTIO DO OURO,2911303,LENCOIS. AEROP. CHAPADA DIAMANTI,SBLE,-,185.22
GENTIO DO OURO,2911303,BOM JESUS DA LAPA,SBLP,83288,225.99
GENTIO DO OURO,2911303,PETROLINA (AEROPORTO),SBPL,82984,316.1
GLÓRIA,2911402,PAULO AFONSO,SBUF,82986,30.41
GLÓRIA,2911402,PETROLINA (AEROPORTO),SBPL,82984,233.59
GLÓRIA,2911402,JOAZEIRO DO NORTEAER. CARIRI CE,SBJU,-,238.9
GONGOGI,2911501,ILHEUS,SBIL,83348,75.67
GONGOGI,2911501,UNA - AER. HOTEL TRANSAMERIC,SBTC,-,129.09
GONGOGI,2911501,VITORIA DA CONQUISTA,SBQV,83344,160.08
GOVERNADOR MANGABEIRA,2911600,SALVADOR (AEROPORTO),SBSV,83248,101.88
GOVERNADOR MANGABEIRA,2911600,LENCOIS. AEROP. CHAPADA DIAMANTI,SBLE,-,222.63
GOVERNADOR MANGABEIRA,2911600,ILHEUS,SBIL,83348,229.18
GUAJERU,2911659,VITORIA DA CONQUISTA,SBQV,83344,122.12
GUAJERU,2911659,BOM JESUS DA LAPA,SBLP,83288,213.11
GUAJERU,2911659,LENCOIS. AEROP. CHAPADA DIAMANTI,SBLE,-,242.61
GUANAMBI,2911709,BOM JESUS DA LAPA,SBLP,83288,119.91
GUANAMBI,2911709,VITORIA DA CONQUISTA,SBQV,83344,223.3
GUANAMBI,2911709,LENCOIS. AEROP. CHAPADA DIAMANTI,SBLE,-,251.29
GUARATINGA,2911808,PORTO SEGURO (AEROPORTO),SBPS,83460,90.6
GUARATINGA,2911808,CARAVELAS (AEROPORTO),SBCV,83497,137.58
GUARATINGA,2911808,UNA - AER. HOTEL TRANSAMERIC,SBTC,-,166.86
HELIÓPOLIS,2911857,ARACAJU (AEROPORTO),SBAR,83095,140.43
HELIÓPOLIS,2911857,PAULO AFONSO,SBUF,82986,154.69
HELIÓPOLIS,2911857,SALVADOR (AEROPORTO),SBSV,83248,234.84
IAÇU,2911907,LENCOIS. AEROP. CHAPADA DIAMANTI,SBLE,-,134.77
IAÇU,2911907,SALVADOR (AEROPORTO),SBSV,83248,191.83
IAÇU,2911907,VITORIA DA CONQUISTA,SBQV,83344,243.13
IBIASSUCÊ,2912004,BOM JESUS DA LAPA,SBLP,83288,163.59
IBIASSUCÊ,2912004,VITORIA DA CONQUISTA,SBQV,83344,166.78
IBIASSUCÊ,2912004,LENCOIS. AEROP. CHAPADA DIAMANTI,SBLE,-,221.91
IBICARAÍ,2912103,ILHEUS,SBIL,83348,61.24
IBICARAÍ,2912103,UNA - AER. HOTEL TRANSAMERIC,SBTC,-,83.44
IBICARAÍ,2912103,VITORIA DA CONQUISTA,SBQV,83344,138.2
IBICOARA,2912202,LENCOIS. AEROP. CHAPADA DIAMANTI,SBLE,-,103.1
IBICOARA,2912202,VITORIA DA CONQUISTA,SBQV,83344,170.49
IBICOARA,2912202,BOM JESUS DA LAPA,SBLP,83288,225.74
IBICUÍ,2912301,VITORIA DA CONQUISTA,SBQV,83344,102.73
IBICUÍ,2912301,ILHEUS,SBIL,83348,107.7
IBICUÍ,2912301,UNA - AER. HOTEL TRANSAMERIC,SBTC,-,141.01
IBIPEBA,2912400,LENCOIS. AEROP. CHAPADA DIAMANTI,SBLE,-,143.76
IBIPEBA,2912400,BOM JESUS DA LAPA,SBLP,83288,230.66
IBIPEBA,2912400,PETROLINA (AEROPORTO),SBPL,82984,302.87
IBIPITANGA,2912509,LENCOIS. AEROP. CHAPADA DIAMANTI,SBLE,-,123.42
IBIPITANGA,2912509,BOM JESUS DA LAPA,SBLP,83288,124.63
IBIPITANGA,2912509,VITORIA DA CONQUISTA,SBQV,83344,273.89
IBIQUERA,2912608,LENCOIS. AEROP. CHAPADA DIAMANTI,SBLE,-,50.96
IBIQUERA,2912608,VITORIA DA CONQUISTA,SBQV,83344,247.33
IBIQUERA,2912608,SALVADOR (AEROPORTO),SBSV,83248,274.97
IBIRAPITANGA,2912707,ILHEUS,SBIL,83348,95.04
IBIRAPITANGA,2912707,UNA - AER. HOTEL TRANSAMERIC,SBTC,-,152.29
IBIRAPITANGA,2912707,VITORIA DA CONQUISTA,SBQV,83344,175.18
IBIRAPUÃ,2912806,CARAVELAS (AEROPORTO),SBCV,83497,84.85
IBIRAPUÃ,2912806,PORTO SEGURO (AEROPORTO),SBPS,83460,177.96
IBIRAPUÃ,2912806,GOVERNADOR VALADARE,SBGV,-,241.08
IBIRATAIA,2912905,VITORIA DA CONQUISTA,SBQV,83344,137.98
IBIRATAIA,2912905,ILHEUS,SBIL,83348,144
IBIRATAIA,2912905,UNA - AER. HOTEL TRANSAMERIC,SBTC,-,192.55
IBITIARA,2913002,LENCOIS. AEROP. CHAPADA DIAMANTI,SBLE,-,110.56
IBITIARA,2913002,BOM JESUS DA LAPA,SBLP,83288,144.26
IBITIARA,2913002,VITORIA DA CONQUISTA,SBQV,83344,297.57
IBITITÁ,2913101,LENCOIS. AEROP. CHAPADA DIAMANTI,SBLE,-,122.59
IBITITÁ,2913101,BOM JESUS DA LAPA,SBLP,83288,246.94
IBITITÁ,2913101,PETROLINA (AEROPORTO),SBPL,82984,288.2
IBOTIRAMA,2913200,BOM JESUS DA LAPA,SBLP,83288,139.36
IBOTIRAMA,2913200,LENCOIS. AEROP. CHAPADA DIAMANTI,SBLE,-,214.54
IBOTIRAMA,2913200,VITORIA DA CONQUISTA,SBQV,83344,403.63
ICHU,2913309,SALVADOR (AEROPORTO),SBSV,83248,151.67
ICHU,2913309,ARACAJU (AEROPORTO),SBAR,83095,220.53
ICHU,2913309,PAULO AFONSO,SBUF,82986,265.65
IGAPORÃ,2913408,BOM JESUS DA LAPA,SBLP,83288,103.65
IGAPORÃ,2913408,LENCOIS. AEROP. CHAPADA DIAMANTI,SBLE,-,218.43
IGAPORÃ,2913408,VITORIA DA CONQUISTA,SBQV,83344,225.3
IGRAPIÚNA,2913457,ILHEUS,SBIL,83348,102.12
IGRAPIÚNA,2913457,SALVADOR (AEROPORTO),SBSV,83248,150.86
IGRAPIÚNA,2913457,UNA - AER. HOTEL TRANSAMERIC,SBTC,-,162.83
IGUAÍ,2913507,ILHEUS,SBIL,83348,90.57
IGUAÍ,2913507,VITORIA DA CONQUISTA,SBQV,83344,108.52
IGUAÍ,2913507,UNA - AER. HOTEL TRANSAMERIC,SBTC,-,112.33
ILHÉUS,2913606,ILHEUS,SBIL,83348,19.49
ILHÉUS,2913606,UNA - AER. HOTEL TRANSAMERIC,SBTC,-,70.31
ILHÉUS,2913606,VITORIA DA CONQUISTA,SBQV,83344,180.59
INHAMBUPE,2913705,SALVADOR (AEROPORTO),SBSV,83248,123.54
INHAMBUPE,2913705,ARACAJU (AEROPORTO),SBAR,83095,177.06
INHAMBUPE,2913705,PAULO AFONSO,SBUF,82986,267.52
IPECAETÁ,2913804,SALVADOR (AEROPORTO),SBSV,83248,123.64
IPECAETÁ,2913804,LENCOIS. AEROP. CHAPADA DIAMANTI,SBLE,-,219.71
IPECAETÁ,2913804,ARACAJU (AEROPORTO),SBAR,83095,280.27
IPIAÚ,2913903,ILHEUS,SBIL,83348,98.3
IPIAÚ,2913903,UNA - AER. HOTEL TRANSAMERIC,SBTC,-,154.07
IPIAÚ,2913903,VITORIA DA CONQUISTA,SBQV,83344,167.73
IPIRÁ,2914000,LENCOIS. AEROP. CHAPADA DIAMANTI,SBLE,-,162.62
IPIRÁ,2914000,SALVADOR (AEROPORTO),SBSV,83248,177.3
IPIRÁ,2914000,ILHEUS,SBIL,83348,297.67
IPUPIARA,2914109,LENCOIS. AEROP. CHAPADA DIAMANTI,SBLE,-,151.36
IPUPIARA,2914109,BOM JESUS DA LAPA,SBLP,83288,187.43
IPUPIARA,2914109,PETROLINA (AEROPORTO),SBPL,82984,346.71
IRAJUBA,2914208,LENCOIS. AEROP. CHAPADA DIAMANTI,SBLE,-,155.83
IRAJUBA,2914208,SALVADOR (AEROPORTO),SBSV,83248,186.64
IRAJUBA,2914208,VITORIA DA CONQUISTA,SBQV,83344,211.17
IRAMAIA,2914307,LENCOIS. AEROP. CHAPADA DIAMANTI,SBLE,-,119.84
IRAMAIA,2914307,VITORIA DA CONQUISTA,SBQV,83344,152.86
IRAMAIA,2914307,ILHEUS,SBIL,83348,250.18
IRAQUARA,2914406,LENCOIS. AEROP. CHAPADA DIAMANTI,SBLE,-,42.77
IRAQUARA,2914406,BOM JESUS DA LAPA,SBLP,83288,227.6
IRAQUARA,2914406,VITORIA DA CONQUISTA,SBQV,83344,301.4
IRARÁ,2914505,SALVADOR (AEROPORTO),SBSV,83248,107.8
IRARÁ,2914505,ARACAJU (AEROPORTO),SBAR,83095,216.15
IRARÁ,2914505,LENCOIS. AEROP. CHAPADA DIAMANTI,SBLE,-,280.82
IRECÊ,2914604,LENCOIS. AEROP. CHAPADA DIAMANTI,SBLE,-,140.06
IRECÊ,2914604,PETROLINA (AEROPORTO),SBPL,82984,254.66
IRECÊ,2914604,BOM JESUS DA LAPA,SBLP,83288,279.94
ITABELA,2914653,PORTO SEGURO (AEROPORTO),SBPS,83460,64.51
ITABELA,2914653,CARAVELAS (AEROPORTO),SBCV,83497,109.18
ITABELA,2914653,UNA - AER. HOTEL TRANSAMERIC,SBTC,-,164.25
ITABERABA,2914703,LENCOIS. AEROP. CHAPADA DIAMANTI,SBLE,-,113.85
ITABERABA,2914703,SALVADOR (AEROPORTO),SBSV,83248,212.2
ITABERABA,2914703,VITORIA DA CONQUISTA,SBQV,83344,273.08
ITABUNA,2914802,ILHEUS,SBIL,83348,30.83
ITABUNA,2914802,UNA - AER. HOTEL TRANSAMERIC,SBTC,-,67.04
ITABUNA,2914802,VITORIA DA CONQUISTA,SBQV,83344,168.31
ITACARÉ,2914901,ILHEUS,SBIL,83348,49.37
ITACARÉ,2914901,UNA - AER. HOTEL TRANSAMERIC,SBTC,-,109.84
ITACARÉ,2914901,SALVADOR (AEROPORTO),SBSV,83248,187.93
ITAETÉ,2915007,LENCOIS. AEROP. CHAPADA DIAMANTI,SBLE,-,75.43
ITAETÉ,2915007,VITORIA DA CONQUISTA,SBQV,83344,197.3
ITAETÉ,2915007,BOM JESUS DA LAPA,SBLP,83288,262.93
ITAGI,2915106,ILHEUS,SBIL,83348,84.6
ITAGI,2915106,UNA - AER. HOTEL TRANSAMERIC,SBTC,-,139.65
ITAGI,2915106,VITORIA DA CONQUISTA,SBQV,83344,164.72
ITAGIBÁ,2915205,ILHEUS,SBIL,83348,95.06
ITAGIBÁ,2915205,VITORIA DA CONQUISTA,SBQV,83344,119.49
ITAGIBÁ,2915205,UNA - AER. HOTEL TRANSAMERIC,SBTC,-,134
ITAGIMIRIM,2915304,PORTO SEGURO (AEROPORTO),SBPS,83460,82.68
ITAGIMIRIM,2915304,UNA - AER. HOTEL TRANSAMERIC,SBTC,-,113.92
ITAGIMIRIM,2915304,ILHEUS,SBIL,83348,160.48
ITAGUAÇU DA BAHIA,2915353,LENCOIS. AEROP. CHAPADA DIAMANTI,SBLE,-,215.15
ITAGUAÇU DA BAHIA,2915353,PETROLINA (AEROPORTO),SBPL,82984,240.07
ITAGUAÇU DA BAHIA,2915353,BOM JESUS DA LAPA,SBLP,83288,305.44
ITAJU DO COLÔNIA,2915403,UNA - AER. HOTEL TRANSAMERIC,SBTC,-,85.7
ITAJU DO COLÔNIA,2915403,ILHEUS,SBIL,83348,87.64
ITAJU DO COLÔNIA,2915403,VITORIA DA CONQUISTA,SBQV,83344,124.1
ITAJUÍPE,2915502,ILHEUS,SBIL,83348,52.95
ITAJUÍPE,2915502,UNA - AER. HOTEL TRANSAMERIC,SBTC,-,93.12
ITAJUÍPE,2915502,VITORIA DA CONQUISTA,SBQV,83344,149.34
ITAMARAJU,2915601,CARAVELAS (AEROPORTO),SBCV,83497,89.24
ITAMARAJU,2915601,PORTO SEGURO (AEROPORTO),SBPS,83460,97.84
ITAMARAJU,2915601,UNA - AER. HOTEL TRANSAMERIC,SBTC,-,201.54
ITAMARI,2915700,LENCOIS. AEROP. CHAPADA DIAMANTI,SBLE,-,160.81
ITAMARI,2915700,VITORIA DA CONQUISTA,SBQV,83344,185.67
ITAMARI,2915700,ILHEUS,SBIL,83348,197.73
ITAMBÉ,2915809,VITORIA DA CONQUISTA,SBQV,83344,48.2
ITAMBÉ,2915809,ILHEUS,SBIL,83348,159.22
ITAMBÉ,2915809,UNA - AER. HOTEL TRANSAMERIC,SBTC,-,163.25
ITANAGRA,2915908,SALVADOR (AEROPORTO),SBSV,83248,70.82
ITANAGRA,2915908,ARACAJU (AEROPORTO),SBAR,83095,184.47
ITANAGRA,2915908,ILHEUS,SBIL,83348,295.08
ITANHÉM,2916005,CARAVELAS (AEROPORTO),SBCV,83497,129.6
ITANHÉM,2916005,PORTO SEGURO (AEROPORTO),SBPS,83460,156.96
ITANHÉM,2916005,UNA - AER. HOTEL TRANSAMERIC,SBTC,-,245.75
ITAPARICA,2916104,SALVADOR (AEROPORTO),SBSV,83248,59.7
ITAPARICA,2916104,ILHEUS,SBIL,83348,164.88
ITAPARICA,2916104,UNA - AER. HOTEL TRANSAMERIC,SBTC,-,222.81
ITAPÉ,2916203,ILHEUS,SBIL,83348,54.5
ITAPÉ,2916203,UNA - AER. HOTEL TRANSAMERIC,SBTC,-,72.84
ITAPÉ,2916203,VITORIA DA CONQUISTA,SBQV,83344,146.67
ITAPEBI,2916302,PORTO SEGURO (AEROPORTO),SBPS,83460,89.03
ITAPEBI,2916302,UNA - AER. HOTEL TRANSAMERIC,SBTC,-,103.73
ITAPEBI,2916302,ILHEUS,SBIL,83348,147.91
ITAPETINGA,2916401,VITORIA DA CONQUISTA,SBQV,83344,98.28
ITAPETINGA,2916401,UNA - AER. HOTEL TRANSAMERIC,SBTC,-,117.26
ITAPETINGA,2916401,ILHEUS,SBIL,83348,126.13
ITAPICURU,2916500,ARACAJU (AEROPORTO),SBAR,83095,124.79
ITAPICURU,2916500,SALVADOR (AEROPORTO),SBSV,83248,191.34
ITAPICURU,2916500,PAULO AFONSO,SBUF,82986,198.45
ITAPITANGA,2916609,ILHEUS,SBIL,83348,71.29
ITAPITANGA,2916609,UNA - AER. HOTEL TRANSAMERIC,SBTC,-,116.31
ITAPITANGA,2916609,VITORIA DA CONQUISTA,SBQV,83344,142.61
ITAQUARA,2916708,SALVADOR (AEROPORTO),SBSV,83248,159.33
ITAQUARA,2916708,ILHEUS,SBIL,83348,176.96
ITAQUARA,2916708,LENCOIS. AEROP. CHAPADA DIAMANTI,SBLE,-,195.78
ITARANTIM,2916807,UNA - AER. HOTEL TRANSAMERIC,SBTC,-,119.11
ITARANTIM,2916807,VITORIA DA CONQUISTA,SBQV,83344,127.52
ITARANTIM,2916807,PORTO SEGURO (AEROPORTO),SBPS,83460,132.18
ITATIM,2916856,LENCOIS. AEROP. CHAPADA DIAMANTI,SBLE,-,157.19
ITATIM,2916856,SALVADOR (AEROPORTO),SBSV,83248,167.52
ITATIM,2916856,ILHEUS,SBIL,83348,246.04
ITIRUÇU,2916906,LENCOIS. AEROP. CHAPADA DIAMANTI,SBLE,-,161.3
ITIRUÇU,2916906,VITORIA DA CONQUISTA,SBQV,83344,177.52
ITIRUÇU,2916906,ILHEUS,SBIL,83348,195.39
ITIÚBA,2917003,PETROLINA (AEROPORTO),SBPL,82984,172.51
ITIÚBA,2917003,PAULO AFONSO,SBUF,82986,233.99
ITIÚBA,2917003,LENCOIS. AEROP. CHAPADA DIAMANTI,SBLE,-,244.42
ITORORÓ,2917102,VITORIA DA CONQUISTA,SBQV,83344,101.89
ITORORÓ,2917102,ILHEUS,SBIL,83348,102.01
ITORORÓ,2917102,UNA - AER. HOTEL TRANSAMERIC,SBTC,-,108.48
ITUAÇU,2917201,VITORIA DA CONQUISTA,SBQV,83344,127.28
ITUAÇU,2917201,LENCOIS. AEROP. CHAPADA DIAMANTI,SBLE,-,152.27
ITUAÇU,2917201,BOM JESUS DA LAPA,SBLP,83288,227.99
ITUBERÁ,2917300,ILHEUS,SBIL,83348,111.73
ITUBERÁ,2917300,SALVADOR (AEROPORTO),SBSV,83248,132.44
ITUBERÁ,2917300,UNA - AER. HOTEL TRANSAMERIC,SBTC,-,173.02
IUIÚ,2917334,BOM JESUS DA LAPA,SBLP,83288,139.35
IUIÚ,2917334,MONTES CLAROS,SBMK,83437,244.46
IUIÚ,2917334,VITORIA DA CONQUISTA,SBQV,83344,291.95
JABORANDI,2917359,BOM JESUS DA LAPA,SBLP,83288,233.05
JABORANDI,2917359,MINACU,SBMC,-,304.5
JABORANDI,2917359,BRASILIA (AEROPORTO),SBBR,83378,336.41
JACARACI,2917409,VITORIA DA CONQUISTA,SBQV,83344,155.08
JACARACI,2917409,BOM JESUS DA LAPA,SBLP,83288,204.16
JACARACI,2917409,MONTES CLAROS,SBMK,83437,270.09
JACOBINA,2917508,LENCOIS. AEROP. CHAPADA DIAMANTI,SBLE,-,168.62
JACOBINA,2917508,PETROLINA (AEROPORTO),SBPL,82984,196.07
JACOBINA,2917508,SALVADOR (AEROPORTO),SBSV,83248,313.61
JAGUAQUARA,2917607,LENCOIS. AEROP. CHAPADA DIAMANTI,SBLE,-,177.02
JAGUAQUARA,2917607,ILHEUS,SBIL,83348,182.49
JAGUAQUARA,2917607,VITORIA DA CONQUISTA,SBQV,83344,184.07
JAGUARARI,2917706,PETROLINA (AEROPORTO),SBPL,82984,94.41
JAGUARARI,2917706,PAULO AFONSO,SBUF,82986,209.49
JAGUARARI,2917706,LENCOIS. AEROP. CHAPADA DIAMANTI,SBLE,-,302.43
JAGUARIPE,2917805,SALVADOR (AEROPORTO),SBSV,83248,76.47
JAGUARIPE,2917805,ILHEUS,SBIL,83348,186.11
JAGUARIPE,2917805,UNA - AER. HOTEL TRANSAMERIC,SBTC,-,247.23
JANDAÍRA,2917904,ARACAJU (AEROPORTO),SBAR,83095,92.46
JANDAÍRA,2917904,SALVADOR (AEROPORTO),SBSV,83248,162.06
JANDAÍRA,2917904,PAULO AFONSO,SBUF,82986,259.21
JEQUIÉ,2918001,VITORIA DA CONQUISTA,SBQV,83344,134.09
JEQUIÉ,2918001,ILHEUS,SBIL,83348,158.69
JEQUIÉ,2918001,LENCOIS. AEROP. CHAPADA DIAMANTI,SBLE,-,198.41
JEREMOABO,2918100,PAULO AFONSO,SBUF,82986,71.1
JEREMOABO,2918100,ARACAJU (AEROPORTO),SBAR,83095,197.02
JEREMOABO,2918100,PETROLINA (AEROPORTO),SBPL,82984,230.69
JIQUIRIÇÁ,2918209,ILHEUS,SBIL,83348,151.68
JIQUIRIÇÁ,2918209,SALVADOR (AEROPORTO),SBSV,83248,174
JIQUIRIÇÁ,2918209,VITORIA DA CONQUISTA,SBQV,83344,183.84
JITAÚNA,2918308,ILHEUS,SBIL,83348,117.51
JITAÚNA,2918308,VITORIA DA CONQUISTA,SBQV,83344,139.68
JITAÚNA,2918308,UNA - AER. HOTEL TRANSAMERIC,SBTC,-,166.64
JOÃO DOURADO,2918357,LENCOIS. AEROP. CHAPADA DIAMANTI,SBLE,-,147.26
JOÃO DOURADO,2918357,PETROLINA (AEROPORTO),SBPL,82984,236.31
JOÃO DOURADO,2918357,BOM JESUS DA LAPA,SBLP,83288,298.95
JUAZEIRO,2918407,PETROLINA (AEROPORTO),SBPL,82984,37.97
JUAZEIRO,2918407,PAULO AFONSO,SBUF,82986,222.48
JUAZEIRO,2918407,JOAZEIRO DO NORTEAER. CARIRI CE,SBJU,-,281.15
JUCURUÇU,2918456,PORTO SEGURO (AEROPORTO),SBPS,83460,120.97
JUCURUÇU,2918456,CARAVELAS (AEROPORTO),SBCV,83497,123.28
JUCURUÇU,2918456,UNA - AER. HOTEL TRANSAMERIC,SBTC,-,207.75
JUSSARA,2918506,LENCOIS. AEROP. CHAPADA DIAMANTI,SBLE,-,181.22
JUSSARA,2918506,PETROLINA (AEROPORTO),SBPL,82984,225.47
JUSSARA,2918506,BOM JESUS DA LAPA,SBLP,83288,308.62
JUSSARI,2918555,UNA - AER. HOTEL TRANSAMERIC,SBTC,-,58.57
JUSSARI,2918555,ILHEUS,SBIL,83348,60.76
JUSSARI,2918555,PORTO SEGURO (AEROPORTO),SBPS,83460,151.32
JUSSIAPE,2918605,LENCOIS. AEROP. CHAPADA DIAMANTI,SBLE,-,123.23
JUSSIAPE,2918605,VITORIA DA CONQUISTA,SBQV,83344,170.47
JUSSIAPE,2918605,BOM JESUS DA LAPA,SBLP,83288,194.68
LAFAIETE COUTINHO,2918704,VITORIA DA CONQUISTA,SBQV,83344,152.46
LAFAIETE COUTINHO,2918704,LENCOIS. AEROP. CHAPADA DIAMANTI,SBLE,-,169.44
LAFAIETE COUTINHO,2918704,ILHEUS,SBIL,83348,186.09
LAGOA REAL,2918753,BOM JESUS DA LAPA,SBLP,83288,162.39
LAGOA REAL,2918753,VITORIA DA CONQUISTA,SBQV,83344,165.23
LAGOA REAL,2918753,LENCOIS. AEROP. CHAPADA DIAMANTI,SBLE,-,203.75
LAJE,2918803,SALVADOR (AEROPORTO),SBSV,83248,111.21
LAJE,2918803,ILHEUS,SBIL,83348,191.17
LAJE,2918803,LENCOIS. AEROP. CHAPADA DIAMANTI,SBLE,-,223.2
LAJEDÃO,2918902,CARAVELAS (AEROPORTO),SBCV,83497,112.58
LAJEDÃO,2918902,PORTO SEGURO (AEROPORTO),SBPS,83460,179.69
LAJEDÃO,2918902,GOVERNADOR VALADARE,SBGV,-,231.8
LAJEDINHO,2919009,LENCOIS. AEROP. CHAPADA DIAMANTI,SBLE,-,32.97
LAJEDINHO,2919009,VITORIA DA CONQUISTA,SBQV,83344,274.52
LAJEDINHO,2919009,BOM JESUS DA LAPA,SBLP,83288,280.85
LAJEDO DO TABOCAL,2919058,LENCOIS. AEROP. CHAPADA DIAMANTI,SBLE,-,152.62
LAJEDO DO TABOCAL,2919058,VITORIA DA CONQUISTA,SBQV,83344,165.11
LAJEDO DO TABOCAL,2919058,ILHEUS,SBIL,83348,202.6
LAMARÃO,2919108,SALVADOR (AEROPORTO),SBSV,83248,132.16
LAMARÃO,2919108,ARACAJU (AEROPORTO),SBAR,83095,205.41
LAMARÃO,2919108,PAULO AFONSO,SBUF,82986,271.61
LAPÃO,2919157,LENCOIS. AEROP. CHAPADA DIAMANTI,SBLE,-,121.96
LAPÃO,2919157,BOM JESUS DA LAPA,SBLP,83288,264.25
LAPÃO,2919157,PETROLINA (AEROPORTO),SBPL,82984,272.32
LAURO DE FREITAS,2919207,SALVADOR (AEROPORTO),SBSV,83248,31.22
LAURO DE FREITAS,2919207,ILHEUS,SBIL,83348,195.28
LAURO DE FREITAS,2919207,UNA - AER. HOTEL TRANSAMERIC,SBTC,-,251.5
LENÇÓIS,2919306,LENCOIS. AEROP. CHAPADA DIAMANTI,SBLE,-,9.82
LENÇÓIS,2919306,BOM JESUS DA LAPA,SBLP,83288,242.34
LENÇÓIS,2919306,VITORIA DA CONQUISTA,SBQV,83344,276.09
LICÍNIO DE ALMEIDA,2919405,VITORIA DA CONQUISTA,SBQV,83344,176.67
LICÍNIO DE ALMEIDA,2919405,BOM JESUS DA LAPA,SBLP,83288,178.44
LICÍNIO DE ALMEIDA,2919405,LENCOIS. AEROP. CHAPADA DIAMANTI,SBLE,-,269.07
LIVRAMENTO DE NOSSA SENHORA,2919504,BOM JESUS DA LAPA,SBLP,83288,164.1
LIVRAMENTO DE NOSSA SENHORA,2919504,LENCOIS. AEROP. CHAPADA DIAMANTI,SBLE,-,166.98
LIVRAMENTO DE NOSSA SENHORA,2919504,VITORIA DA CONQUISTA,SBQV,83344,170.24
LUÍS EDUARDO MAGALHÃES,2919553,MINACU,SBMC,-,280.82
LUÍS EDUARDO MAGALHÃES,2919553,BOM JESUS DA LAPA,SBLP,83288,305.36
LUÍS EDUARDO MAGALHÃES,2919553,PORTO NACIONAL (AEROPORTO),SBPN,83063,305.93
MACAJUBA,2919603,LENCOIS. AEROP. CHAPADA DIAMANTI,SBLE,-,119.8
MACAJUBA,2919603,SALVADOR (AEROPORTO),SBSV,83248,235.29
MACAJUBA,2919603,PETROLINA (AEROPORTO),SBPL,82984,295.39
MACARANI,2919702,VITORIA DA CONQUISTA,SBQV,83344,93.84
MACARANI,2919702,UNA - AER. HOTEL TRANSAMERIC,SBTC,-,158.76
MACARANI,2919702,PORTO SEGURO (AEROPORTO),SBPS,83460,172.67
MACAÚBAS,2919801,BOM JESUS DA LAPA,SBLP,83288,77.17
MACAÚBAS,2919801,LENCOIS. AEROP. CHAPADA DIAMANTI,SBLE,-,174.17
MACAÚBAS,2919801,VITORIA DA CONQUISTA,SBQV,83344,272.67
MACURURÉ,2919900,PAULO AFONSO,SBUF,82986,70.94
MACURURÉ,2919900,PETROLINA (AEROPORTO),SBPL,82984,184.63
MACURURÉ,2919900,JOAZEIRO DO NORTEAER. CARIRI CE,SBJU,-,235.18
MADRE DE DEUS,2919926,SALVADOR (AEROPORTO),SBSV,83248,114.86
MADRE DE DEUS,2919926,LENCOIS. AEROP. CHAPADA DIAMANTI,SBLE,-,217.38
MADRE DE DEUS,2919926,ILHEUS,SBIL,83348,261.69
MAETINGA,2919959,VITORIA DA CONQUISTA,SBQV,83344,73.74
MAETINGA,2919959,LENCOIS. AEROP. CHAPADA DIAMANTI,SBLE,-,243.82
MAETINGA,2919959,BOM JESUS DA LAPA,SBLP,83288,256.72
MAIQUINIQUE,2920007,VITORIA DA CONQUISTA,SBQV,83344,115.41
MAIQUINIQUE,2920007,UNA - AER. HOTEL TRANSAMERIC,SBTC,-,137.1
MAIQUINIQUE,2920007,PORTO SEGURO (AEROPORTO),SBPS,83460,147.02
MAIRI,2920106,LENCOIS. AEROP. CHAPADA DIAMANTI,SBLE,-,143.2
MAIRI,2920106,SALVADOR (AEROPORTO),SBSV,83248,245.01
MAIRI,2920106,PETROLINA (AEROPORTO),SBPL,82984,263.45
MALHADA,2920205,BOM JESUS DA LAPA,SBLP,83288,104.23
MALHADA,2920205,MONTES CLAROS,SBMK,83437,280.41
MALHADA,2920205,VITORIA DA CONQUISTA,SBQV,83344,306.74
MALHADA DE PEDRAS,2920304,VITORIA DA CONQUISTA,SBQV,83344,119.51
MALHADA DE PEDRAS,2920304,BOM JESUS DA LAPA,SBLP,83288,208.52
MALHADA DE PEDRAS,2920304,LENCOIS. AEROP. CHAPADA DIAMANTI,SBLE,-,217.26
MANOEL VITORINO,2920403,VITORIA DA CONQUISTA,SBQV,83344,96.72
MANOEL VITORINO,2920403,ILHEUS,SBIL,83348,186.02
MANOEL VITORINO,2920403,LENCOIS. AEROP. CHAPADA DIAMANTI,SBLE,-,191.14
MANSIDÃO,2920452,BOM JESUS DA LAPA,SBLP,83288,250.05
MANSIDÃO,2920452,LENCOIS. AEROP. CHAPADA DIAMANTI,SBLE,-,342.3
MANSIDÃO,2920452,PETROLINA (AEROPORTO),SBPL,82984,432.87
MARACÁS,2920502,LENCOIS. AEROP. CHAPADA DIAMANTI,SBLE,-,138.88
MARACÁS,2920502,VITORIA DA CONQUISTA,SBQV,83344,155.22
MARACÁS,2920502,ILHEUS,SBIL,83348,218.93
MARAGOGIPE,2920601,SALVADOR (AEROPORTO),SBSV,83248,73.43
MARAGOGIPE,2920601,ILHEUS,SBIL,83348,220.85
MARAGOGIPE,2920601,LENCOIS. AEROP. CHAPADA DIAMANTI,SBLE,-,251.05
MARAÚ,2920700,ILHEUS,SBIL,83348,66.74
MARAÚ,2920700,UNA - AER. HOTEL TRANSAMERIC,SBTC,-,127.96
MARAÚ,2920700,SALVADOR (AEROPORTO),SBSV,83248,168.44
MARCIONÍLIO SOUZA,2920809,LENCOIS. AEROP. CHAPADA DIAMANTI,SBLE,-,99.23
MARCIONÍLIO SOUZA,2920809,VITORIA DA CONQUISTA,SBQV,83344,189.53
MARCIONÍLIO SOUZA,2920809,ILHEUS,SBIL,83348,256.35
MASCOTE,2920908,UNA - AER. HOTEL TRANSAMERIC,SBTC,-,59.55
MASCOTE,2920908,PORTO SEGURO (AEROPORTO),SBPS,83460,95.52
MASCOTE,2920908,ILHEUS,SBIL,83348,104.63
MATA DE SÃO JOÃO,2921005,SALVADOR (AEROPORTO),SBSV,83248,43.86
MATA DE SÃO JOÃO,2921005,ARACAJU (AEROPORTO),SBAR,83095,211.17
MATA DE SÃO JOÃO,2921005,ILHEUS,SBIL,83348,268.22
MATINA,2921054,BOM JESUS DA LAPA,SBLP,83288,84.54
MATINA,2921054,LENCOIS. AEROP. CHAPADA DIAMANTI,SBLE,-,240.03
MATINA,2921054,VITORIA DA CONQUISTA,SBQV,83344,250.48
MEDEIROS NETO,2921104,CARAVELAS (AEROPORTO),SBCV,83497,117.73
MEDEIROS NETO,2921104,PORTO SEGURO (AEROPORTO),SBPS,83460,169.42
MEDEIROS NETO,2921104,GOVERNADOR VALADARE,SBGV,-,242.65
MIGUEL CALMON,2921203,LENCOIS. AEROP. CHAPADA DIAMANTI,SBLE,-,137.96
MIGUEL CALMON,2921203,PETROLINA (AEROPORTO),SBPL,82984,227.92
MIGUEL CALMON,2921203,SALVADOR (AEROPORTO),SBSV,83248,299.59
MILAGRES,2921302,SALVADOR (AEROPORTO),SBSV,83248,99.54
MILAGRES,2921302,ILHEUS,SBIL,83348,213.19
MILAGRES,2921302,LENCOIS. AEROP. CHAPADA DIAMANTI,SBLE,-,226.22
MIRANGABA,2921401,PETROLINA (AEROPORTO),SBPL,82984,157.27
MIRANGABA,2921401,LENCOIS. AEROP. CHAPADA DIAMANTI,SBLE,-,199.11
MIRANGABA,2921401,PAULO AFONSO,SBUF,82986,310.24
MIRANTE,2921450,VITORIA DA CONQUISTA,SBQV,83344,77.85
MIRANTE,2921450,LENCOIS. AEROP. CHAPADA DIAMANTI,SBLE,-,197.32
MIRANTE,2921450,ILHEUS,SBIL,83348,199
MONTE SANTO,2921500,PETROLINA (AEROPORTO),SBPL,82984,163.45
MONTE SANTO,2921500,PAULO AFONSO,SBUF,82986,172
MONTE SANTO,2921500,ARACAJU (AEROPORTO),SBAR,83095,271.15
MORPARÁ,2921609,BOM JESUS DA LAPA,SBLP,83288,174.44
MORPARÁ,2921609,LENCOIS. AEROP. CHAPADA DIAMANTI,SBLE,-,205.8
MORPARÁ,2921609,PETROLINA (AEROPORTO),SBPL,82984,376.53
MORRO DO CHAPÉU,2921708,LENCOIS. AEROP. CHAPADA DIAMANTI,SBLE,-,111.27
MORRO DO CHAPÉU,2921708,PETROLINA (AEROPORTO),SBPL,82984,243.92
MORRO DO CHAPÉU,2921708,BOM JESUS DA LAPA,SBLP,83288,315.95
MORTUGABA,2921807,VITORIA DA CONQUISTA,SBQV,83344,158.86
MORTUGABA,2921807,BOM JESUS DA LAPA,SBLP,83288,220.82
MORTUGABA,2921807,MONTES CLAROS,SBMK,83437,249.58
MUCUGÊ,2921906,LENCOIS. AEROP. CHAPADA DIAMANTI,SBLE,-,70.16
MUCUGÊ,2921906,VITORIA DA CONQUISTA,SBQV,83344,208.38
MUCUGÊ,2921906,BOM JESUS DA LAPA,SBLP,83288,213.09
MUCURI,2922003,CARAVELAS (AEROPORTO),SBCV,83497,83.29
MUCURI,2922003,PORTO SEGURO (AEROPORTO),SBPS,83460,200.89
MUCURI,2922003,GOVERNADOR VALADARE,SBGV,-,238.82
MULUNGU DO MORRO,2922052,LENCOIS. AEROP. CHAPADA DIAMANTI,SBLE,-,65.38
MULUNGU DO MORRO,2922052,BOM JESUS DA LAPA,SBLP,83288,257.38
MULUNGU DO MORRO,2922052,PETROLINA (AEROPORTO),SBPL,82984,301.59
MUNDO NOVO,2922102,LENCOIS. AEROP. CHAPADA DIAMANTI,SBLE,-,102.49
MUNDO NOVO,2922102,SALVADOR (AEROPORTO),SBSV,83248,263.01
MUNDO NOVO,2922102,PETROLINA (AEROPORTO),SBPL,82984,284.19
MUNIZ FERREIRA,2922201,SALVADOR (AEROPORTO),SBSV,83248,86.83
MUNIZ FERREIRA,2922201,ILHEUS,SBIL,83348,184.97
MUNIZ FERREIRA,2922201,UNA - AER. HOTEL TRANSAMERIC,SBTC,-,246.25
MUQUÉM DE SÃO FRANCISCO,2922250,BOM JESUS DA LAPA,SBLP,83288,118.97
MUQUÉM DE SÃO FRANCISCO,2922250,LENCOIS. AEROP. CHAPADA DIAMANTI,SBLE,-,242.45
MUQUÉM DE SÃO FRANCISCO,2922250,VITORIA DA CONQUISTA,SBQV,83344,410.39
MURITIBA,2922300,SALVADOR (AEROPORTO),SBSV,83248,60.76
MURITIBA,2922300,ARACAJU (AEROPORTO),SBAR,83095,249.16
MURITIBA,2922300,ILHEUS,SBIL,83348,255.53
MUTUÍPE,2922409,SALVADOR (AEROPORTO),SBSV,83248,133.41
MUTUÍPE,2922409,ILHEUS,SBIL,83348,197.51
MUTUÍPE,2922409,LENCOIS. AEROP. CHAPADA DIAMANTI,SBLE,-,201.23
NAZARÉ,2922508,SALVADOR (AEROPORTO),SBSV,83248,61.91
NAZARÉ,2922508,ILHEUS,SBIL,83348,205.21
NAZARÉ,2922508,LENCOIS. AEROP. CHAPADA DIAMANTI,SBLE,-,264.86
NILO PEÇANHA,2922607,SALVADOR (AEROPORTO),SBSV,83248,117.15
NILO PEÇANHA,2922607,ILHEUS,SBIL,83348,124.79
NILO PEÇANHA,2922607,UNA - AER. HOTEL TRANSAMERIC,SBTC,-,186.06
NORDESTINA,2922656,PAULO AFONSO,SBUF,82986,212.74
NORDESTINA,2922656,PETROLINA (AEROPORTO),SBPL,82984,213.38
NORDESTINA,2922656,SALVADOR (AEROPORTO),SBSV,83248,250.53
NOVA CANAÃ,2922706,VITORIA DA CONQUISTA,SBQV,83344,81.9
NOVA CANAÃ,2922706,ILHEUS,SBIL,83348,120.35
NOVA CANAÃ,2922706,UNA - AER. HOTEL TRANSAMERIC,SBTC,-,144.24
NOVA FÁTIMA,2922730,SALVADOR (AEROPORTO),SBSV,83248,173.83
NOVA FÁTIMA,2922730,LENCOIS. AEROP. CHAPADA DIAMANTI,SBLE,-,188.7
NOVA FÁTIMA,2922730,ARACAJU (AEROPORTO),SBAR,83095,299.84
NOVA IBIÁ,2922755,ILHEUS,SBIL,83348,80.14
NOVA IBIÁ,2922755,UNA - AER. HOTEL TRANSAMERIC,SBTC,-,141.36
NOVA IBIÁ,2922755,SALVADOR (AEROPORTO),SBSV,83248,157.94
NOVA ITARANA,2922805,LENCOIS. AEROP. CHAPADA DIAMANTI,SBLE,-,147.13
NOVA ITARANA,2922805,SALVADOR (AEROPORTO),SBSV,83248,182.38
NOVA ITARANA,2922805,ILHEUS,SBIL,83348,233.95
NOVA REDENÇÃO,2922854,LENCOIS. AEROP. CHAPADA DIAMANTI,SBLE,-,42.13
NOVA REDENÇÃO,2922854,VITORIA DA CONQUISTA,SBQV,83344,228.96
NOVA REDENÇÃO,2922854,BOM JESUS DA LAPA,SBLP,83288,253.97
NOVA SOURE,2922904,ARACAJU (AEROPORTO),SBAR,83095,166.67
NOVA SOURE,2922904,SALVADOR (AEROPORTO),SBSV,83248,180.68
NOVA SOURE,2922904,PAULO AFONSO,SBUF,82986,213.17
NOVA VIÇOSA,2923001,CARAVELAS (AEROPORTO),SBCV,83497,61.61
NOVA VIÇOSA,2923001,PORTO SEGURO (AEROPORTO),SBPS,83460,182.2
NOVA VIÇOSA,2923001,GOVERNADOR VALADARE,SBGV,-,260.03
NOVO HORIZONTE,2923035,LENCOIS. AEROP. CHAPADA DIAMANTI,SBLE,-,101.76
NOVO HORIZONTE,2923035,BOM JESUS DA LAPA,SBLP,83288,146.36
NOVO HORIZONTE,2923035,VITORIA DA CONQUISTA,SBQV,83344,265.29
NOVO TRIUNFO,2923050,PAULO AFONSO,SBUF,82986,120.12
NOVO TRIUNFO,2923050,ARACAJU (AEROPORTO),SBAR,83095,185.89
NOVO TRIUNFO,2923050,PETROLINA (AEROPORTO),SBPL,82984,237.6
OLINDINA,2923100,ARACAJU (AEROPORTO),SBAR,83095,148.52
OLINDINA,2923100,SALVADOR (AEROPORTO),SBSV,83248,164.22
OLINDINA,2923100,PAULO AFONSO,SBUF,82986,225.26
OLIVEIRA DOS BREJINHOS,2923209,BOM JESUS DA LAPA,SBLP,83288,133.09
OLIVEIRA DOS BREJINHOS,2923209,LENCOIS. AEROP. CHAPADA DIAMANTI,SBLE,-,160.86
OLIVEIRA DOS BREJINHOS,2923209,VITORIA DA CONQUISTA,SBQV,83344,353.08
OURIÇANGAS,2923308,SALVADOR (AEROPORTO),SBSV,83248,102.34
OURIÇANGAS,2923308,ARACAJU (AEROPORTO),SBAR,83095,203.85
OURIÇANGAS,2923308,PAULO AFONSO,SBUF,82986,294.07
OUROLÂNDIA,2923357,PETROLINA (AEROPORTO),SBPL,82984,176.74
OUROLÂNDIA,2923357,LENCOIS. AEROP. CHAPADA DIAMANTI,SBLE,-,181.1
OUROLÂNDIA,2923357,PAULO AFONSO,SBUF,82986,355.43
PALMAS DE MONTE ALTO,2923407,BOM JESUS DA LAPA,SBLP,83288,102.66
PALMAS DE MONTE ALTO,2923407,VITORIA DA CONQUISTA,SBQV,83344,263.56
PALMAS DE MONTE ALTO,2923407,LENCOIS. AEROP. CHAPADA DIAMANTI,SBLE,-,280.9
PALMEIRAS,2923506,LENCOIS. AEROP. CHAPADA DIAMANTI,SBLE,-,35.98
PALMEIRAS,2923506,BOM JESUS DA LAPA,SBLP,83288,212.08
PALMEIRAS,2923506,VITORIA DA CONQUISTA,SBQV,83344,265.56
PARAMIRIM,2923605,BOM JESUS DA LAPA,SBLP,83288,131.51
PARAMIRIM,2923605,LENCOIS. AEROP. CHAPADA DIAMANTI,SBLE,-,152.97
PARAMIRIM,2923605,VITORIA DA CONQUISTA,SBQV,83344,211.25
PARATINGA,2923704,BOM JESUS DA LAPA,SBLP,83288,74.06
PARATINGA,2923704,LENCOIS. AEROP. CHAPADA DIAMANTI,SBLE,-,195.23
PARATINGA,2923704,VITORIA DA CONQUISTA,SBQV,83344,338.13
PARIPIRANGA,2923803,ARACAJU (AEROPORTO),SBAR,83095,102.22
PARIPIRANGA,2923803,PAULO AFONSO,SBUF,82986,137.02
PARIPIRANGA,2923803,SALVADOR (AEROPORTO),SBSV,83248,260.6
PAU BRASIL,2923902,UNA - AER. HOTEL TRANSAMERIC,SBTC,-,78.04
PAU BRASIL,2923902,ILHEUS,SBIL,83348,103.45
PAU BRASIL,2923902,PORTO SEGURO (AEROPORTO),SBPS,83460,127.09
PAULO AFONSO,2924009,PAULO AFONSO,SBUF,82986,21.91
PAULO AFONSO,2924009,ARACAJU (AEROPORTO),SBAR,83095,203.24
PAULO AFONSO,2924009,PETROLINA (AEROPORTO),SBPL,82984,251.13
PÉ DE SERRA,2924058,SALVADOR (AEROPORTO),SBSV,83248,180.64
PÉ DE SERRA,2924058,LENCOIS. AEROP. CHAPADA DIAMANTI,SBLE,-,194.14
PÉ DE SERRA,2924058,ARACAJU (AEROPORTO),SBAR,83095,294
PEDRÃO,2924108,SALVADOR (AEROPORTO),SBSV,83248,86.18
PEDRÃO,2924108,ARACAJU (AEROPORTO),SBAR,83095,220.14
PEDRÃO,2924108,LENCOIS. AEROP. CHAPADA DIAMANTI,SBLE,-,286.8
PEDRO ALEXANDRE,2924207,PAULO AFONSO,SBUF,82986,82.68
PEDRO ALEXANDRE,2924207,ARACAJU (AEROPORTO),SBAR,83095,138.02
PEDRO ALEXANDRE,2924207,MACEIO (AEROPORTO),SBMO,82993,247.42
PIATÃ,2924306,LENCOIS. AEROP. CHAPADA DIAMANTI,SBLE,-,92.65
PIATÃ,2924306,BOM JESUS DA LAPA,SBLP,83288,167.38
PIATÃ,2924306,VITORIA DA CONQUISTA,SBQV,83344,228.83
PILÃO ARCADO,2924405,PETROLINA (AEROPORTO),SBPL,82984,288.3
PILÃO ARCADO,2924405,LENCOIS. AEROP. CHAPADA DIAMANTI,SBLE,-,340.42
PILÃO ARCADO,2924405,FLORIANO,SBFO,82678,360.07
PINDAÍ,2924504,BOM JESUS DA LAPA,SBLP,83288,156.25
PINDAÍ,2924504,VITORIA DA CONQUISTA,SBQV,83344,199.41
PINDAÍ,2924504,LENCOIS. AEROP. CHAPADA DIAMANTI,SBLE,-,268.67
PINDOBAÇU,2924603,PETROLINA (AEROPORTO),SBPL,82984,155.81
PINDOBAÇU,2924603,LENCOIS. AEROP. CHAPADA DIAMANTI,SBLE,-,225.27
PINDOBAÇU,2924603,PAULO AFONSO,SBUF,82986,262.97
PINTADAS,2924652,LENCOIS. AEROP. CHAPADA DIAMANTI,SBLE,-,168.71
PINTADAS,2924652,SALVADOR (AEROPORTO),SBSV,83248,200.72
PINTADAS,2924652,PETROLINA (AEROPORTO),SBPL,82984,290.84
PIRAÍ DO NORTE,2924678,ILHEUS,SBIL,83348,139.01
PIRAÍ DO NORTE,2924678,SALVADOR (AEROPORTO),SBSV,83248,146.68
PIRAÍ DO NORTE,2924678,UNA - AER. HOTEL TRANSAMERIC,SBTC,-,198.73
PIRIPÁ,2924702,VITORIA DA CONQUISTA,SBQV,83344,91.43
PIRIPÁ,2924702,MONTES CLAROS,SBMK,83437,285.59
PIRIPÁ,2924702,ILHEUS,SBIL,83348,285.76
PIRITIBA,2924801,LENCOIS. AEROP. CHAPADA DIAMANTI,SBLE,-,115.05
PIRITIBA,2924801,PETROLINA (AEROPORTO),SBPL,82984,256.82
PIRITIBA,2924801,SALVADOR (AEROPORTO),SBSV,83248,283.39
PLANALTINO,2924900,LENCOIS. AEROP. CHAPADA DIAMANTI,SBLE,-,135.46
PLANALTINO,2924900,VITORIA DA CONQUISTA,SBQV,83344,192.57
PLANALTINO,2924900,SALVADOR (AEROPORTO),SBSV,83248,217.11
PLANALTO,2925006,VITORIA DA CONQUISTA,SBQV,83344,38.71
PLANALTO,2925006,ILHEUS,SBIL,83348,161.07
PLANALTO,2925006,UNA - AER. HOTEL TRANSAMERIC,SBTC,-,176.3
POÇÕES,2925105,VITORIA DA CONQUISTA,SBQV,83344,60.5
POÇÕES,2925105,ILHEUS,SBIL,83348,163.82
POÇÕES,2925105,UNA - AER. HOTEL TRANSAMERIC,SBTC,-,191.14
POJUCA,2925204,SALVADOR (AEROPORTO),SBSV,83248,54.96
POJUCA,2925204,ARACAJU (AEROPORTO),SBAR,83095,199.11
POJUCA,2925204,ILHEUS,SBIL,83348,278.39
PONTO NOVO,2925253,PETROLINA (AEROPORTO),SBPL,82984,173
PONTO NOVO,2925253,LENCOIS. AEROP. CHAPADA DIAMANTI,SBLE,-,219.78
PONTO NOVO,2925253,PAULO AFONSO,SBUF,82986,261.47
PORTO SEGURO,2925303,PORTO SEGURO (AEROPORTO),SBPS,83460,32.87
PORTO SEGURO,2925303,CARAVELAS (AEROPORTO),SBCV,83497,110.6
PORTO SEGURO,2925303,UNA - AER. HOTEL TRANSAMERIC,SBTC,-,146.01
POTIRAGUÁ,2925402,UNA - AER. HOTEL TRANSAMERIC,SBTC,-,92.41
POTIRAGUÁ,2925402,PORTO SEGURO (AEROPORTO),SBPS,83460,110.46
POTIRAGUÁ,2925402,ILHEUS,SBIL,83348,127.59
PRADO,2925501,CARAVELAS (AEROPORTO),SBCV,83497,56.19
PRADO,2925501,PORTO SEGURO (AEROPORTO),SBPS,83460,83.28
PRADO,2925501,UNA - AER. HOTEL TRANSAMERIC,SBTC,-,201.56
PRESIDENTE DUTRA,2925600,LENCOIS. AEROP. CHAPADA DIAMANTI,SBLE,-,149.74
PRESIDENTE DUTRA,2925600,BOM JESUS DA LAPA,SBLP,83288,247.8
PRESIDENTE DUTRA,2925600,PETROLINA (AEROPORTO),SBPL,82984,285.83
PRESIDENTE JÂNIO QUADROS,2925709,VITORIA DA CONQUISTA,SBQV,83344,95.86
PRESIDENTE JÂNIO QUADROS,2925709,BOM JESUS DA LAPA,SBLP,83288,241.51
PRESIDENTE JÂNIO QUADROS,2925709,LENCOIS. AEROP. CHAPADA DIAMANTI,SBLE,-,253.34
PRESIDENTE TANCREDO NEVES,2925758,SALVADOR (AEROPORTO),SBSV,83248,133.52
PRESIDENTE TANCREDO NEVES,2925758,ILHEUS,SBIL,83348,154.97
PRESIDENTE TANCREDO NEVES,2925758,UNA - AER. HOTEL TRANSAMERIC,SBTC,-,215.34
QUEIMADAS,2925808,PETROLINA (AEROPORTO),SBPL,82984,201.88
QUEIMADAS,2925808,LENCOIS. AEROP. CHAPADA DIAMANTI,SBLE,-,228.94
QUEIMADAS,2925808,PAULO AFONSO,SBUF,82986,247.21
QUIJINGUE,2925907,PAULO AFONSO,SBUF,82986,175.79
QUIJINGUE,2925907,ARACAJU (AEROPORTO),SBAR,83095,219.12
QUIJINGUE,2925907,PETROLINA (AEROPORTO),SBPL,82984,226.03
QUIXABEIRA,2925931,LENCOIS. AEROP. CHAPADA DIAMANTI,SBLE,-,175.51
QUIXABEIRA,2925931,PETROLINA (AEROPORTO),SBPL,82984,231.07
QUIXABEIRA,2925931,SALVADOR (AEROPORTO),SBSV,83248,256.14
RAFAEL JAMBEIRO,2925956,SALVADOR (AEROPORTO),SBSV,83248,147.33
RAFAEL JAMBEIRO,2925956,LENCOIS. AEROP. CHAPADA DIAMANTI,SBLE,-,180.67
RAFAEL JAMBEIRO,2925956,ILHEUS,SBIL,83348,263.37
REMANSO,2926004,PETROLINA (AEROPORTO),SBPL,82984,188.44
REMANSO,2926004,FLORIANO,SBFO,82678,323.98
REMANSO,2926004,LENCOIS. AEROP. CHAPADA DIAMANTI,SBLE,-,339.32
RETIROLÂNDIA,2926103,SALVADOR (AEROPORTO),SBSV,83248,193.27
RETIROLÂNDIA,2926103,LENCOIS. AEROP. CHAPADA DIAMANTI,SBLE,-,232.93
RETIROLÂNDIA,2926103,ARACAJU (AEROPORTO),SBAR,83095,259.28
RIACHÃO DAS NEVES,2926202,BOM JESUS DA LAPA,SBLP,83288,264.1
RIACHÃO DAS NEVES,2926202,PORTO NACIONAL (AEROPORTO),SBPN,83063,363.47
RIACHÃO DAS NEVES,2926202,PALMAS-TO (AEROPORTO),SBPJ,83065,379.25
RIACHÃO DO JACUÍPE,2926301,SALVADOR (AEROPORTO),SBSV,83248,167.19
RIACHÃO DO JACUÍPE,2926301,LENCOIS. AEROP. CHAPADA DIAMANTI,SBLE,-,214.23
RIACHÃO DO JACUÍPE,2926301,ARACAJU (AEROPORTO),SBAR,83095,273.93
RIACHO DE SANTANA,2926400,BOM JESUS DA LAPA,SBLP,83288,56.62
RIACHO DE SANTANA,2926400,LENCOIS. AEROP. CHAPADA DIAMANTI,SBLE,-,237.8
RIACHO DE SANTANA,2926400,VITORIA DA CONQUISTA,SBQV,83344,274.78
RIBEIRA DO AMPARO,2926509,ARACAJU (AEROPORTO),SBAR,83095,144.05
RIBEIRA DO AMPARO,2926509,PAULO AFONSO,SBUF,82986,175.69
RIBEIRA DO AMPARO,2926509,SALVADOR (AEROPORTO),SBSV,83248,214.29
RIBEIRA DO POMBAL,2926608,PAULO AFONSO,SBUF,82986,154.64
RIBEIRA DO POMBAL,2926608,ARACAJU (AEROPORTO),SBAR,83095,156.88
RIBEIRA DO POMBAL,2926608,SALVADOR (AEROPORTO),SBSV,83248,237.57
RIBEIRÃO DO LARGO,2926657,VITORIA DA CONQUISTA,SBQV,83344,65.06
RIBEIRÃO DO LARGO,2926657,UNA - AER. HOTEL TRANSAMERIC,SBTC,-,178.95
RIBEIRÃO DO LARGO,2926657,ILHEUS,SBIL,83348,187.62
RIO DE CONTAS,2926707,LENCOIS. AEROP. CHAPADA DIAMANTI,SBLE,-,132.59
RIO DE CONTAS,2926707,VITORIA DA CONQUISTA,SBQV,83344,164.2
RIO DE CONTAS,2926707,BOM JESUS DA LAPA,SBLP,83288,193.38
RIO DO ANTÔNIO,2926806,VITORIA DA CONQUISTA,SBQV,83344,145.84
RIO DO ANTÔNIO,2926806,BOM JESUS DA LAPA,SBLP,83288,183.56
RIO DO ANTÔNIO,2926806,LENCOIS. AEROP. CHAPADA DIAMANTI,SBLE,-,220.09
RIO DO PIRES,2926905,LENCOIS. AEROP. CHAPADA DIAMANTI,SBLE,-,123.12
RIO DO PIRES,2926905,BOM JESUS DA LAPA,SBLP,83288,134.01
RIO DO PIRES,2926905,VITORIA DA CONQUISTA,SBQV,83344,238.93
RIO REAL,2927002,ARACAJU (AEROPORTO),SBAR,83095,114.22
RIO REAL,2927002,SALVADOR (AEROPORTO),SBSV,83248,155.15
RIO REAL,2927002,PAULO AFONSO,SBUF,82986,242.53
RODELAS,2927101,PAULO AFONSO,SBUF,82986,49.58
RODELAS,2927101,PETROLINA (AEROPORTO),SBPL,82984,209.75
RODELAS,2927101,JOAZEIRO DO NORTEAER. CARIRI CE,SBJU,-,232.43
RUY BARBOSA,2927200,LENCOIS. AEROP. CHAPADA DIAMANTI,SBLE,-,70.64
RUY BARBOSA,2927200,SALVADOR (AEROPORTO),SBSV,83248,260.68
RUY BARBOSA,2927200,VITORIA DA CONQUISTA,SBQV,83344,283.95
SALINAS DA MARGARIDA,2927309,SALVADOR (AEROPORTO),SBSV,83248,47.51
SALINAS DA MARGARIDA,2927309,ILHEUS,SBIL,83348,214.96
SALINAS DA MARGARIDA,2927309,UNA - AER. HOTEL TRANSAMERIC,SBTC,-,275.29
SALVADOR,2927408,SALVADOR (AEROPORTO),SBSV,83248,19.31
SALVADOR,2927408,ILHEUS,SBIL,83348,225.56
SALVADOR,2927408,ARACAJU (AEROPORTO),SBAR,83095,258.72
SANTA BÁRBARA,2927507,SALVADOR (AEROPORTO),SBSV,83248,135.45
SANTA BÁRBARA,2927507,ARACAJU (AEROPORTO),SBAR,83095,228.87
SANTA BÁRBARA,2927507,LENCOIS. AEROP. CHAPADA DIAMANTI,SBLE,-,261.01
SANTA BRÍGIDA,2927606,PAULO AFONSO,SBUF,82986,49.84
SANTA BRÍGIDA,2927606,ARACAJU (AEROPORTO),SBAR,83095,172.49
SANTA BRÍGIDA,2927606,MACEIO (AEROPORTO),SBMO,82993,262.88
SANTA CRUZ CABRÁLIA,2927705,PORTO SEGURO (AEROPORTO),SBPS,83460,26.73
SANTA CRUZ CABRÁLIA,2927705,UNA - AER. HOTEL TRANSAMERIC,SBTC,-,100.3
SANTA CRUZ CABRÁLIA,2927705,CARAVELAS (AEROPORTO),SBCV,83497,155.07
SANTA CRUZ DA VITÓRIA,2927804,ILHEUS,SBIL,83348,85.68
SANTA CRUZ DA VITÓRIA,2927804,UNA - AER. HOTEL TRANSAMERIC,SBTC,-,102.59
SANTA CRUZ DA VITÓRIA,2927804,VITORIA DA CONQUISTA,SBQV,83344,113.82
SANTA INÊS,2927903,SALVADOR (AEROPORTO),SBSV,83248,119.31
SANTA INÊS,2927903,ILHEUS,SBIL,83348,152.53
SANTA INÊS,2927903,UNA - AER. HOTEL TRANSAMERIC,SBTC,-,213.59
SANTALUZ,2928000,SALVADOR (AEROPORTO),SBSV,83248,224.8
SANTALUZ,2928000,PETROLINA (AEROPORTO),SBPL,82984,238.45
SANTALUZ,2928000,LENCOIS. AEROP. CHAPADA DIAMANTI,SBLE,-,239.76
SANTA LUZIA,2928059,UNA - AER. HOTEL TRANSAMERIC,SBTC,-,31.77
SANTA LUZIA,2928059,ILHEUS,SBIL,83348,76.5
SANTA LUZIA,2928059,PORTO SEGURO (AEROPORTO),SBPS,83460,110.99
SANTA MARIA DA VITÓRIA,2928109,BOM JESUS DA LAPA,SBLP,83288,103.93
SANTA MARIA DA VITÓRIA,2928109,LENCOIS. AEROP. CHAPADA DIAMANTI,SBLE,-,345.85
SANTA MARIA DA VITÓRIA,2928109,MONTES CLAROS,SBMK,83437,391.64
SANTANA,2928208,BOM JESUS DA LAPA,SBLP,83288,61.55
SANTANA,2928208,LENCOIS. AEROP. CHAPADA DIAMANTI,SBLE,-,296.22
SANTANA,2928208,VITORIA DA CONQUISTA,SBQV,83344,388.15
SANTANÓPOLIS,2928307,SALVADOR (AEROPORTO),SBSV,83248,92.55
SANTANÓPOLIS,2928307,ARACAJU (AEROPORTO),SBAR,83095,224.32
SANTANÓPOLIS,2928307,LENCOIS. AEROP. CHAPADA DIAMANTI,SBLE,-,279.55
SANTA RITA DE CÁSSIA,2928406,BOM JESUS DA LAPA,SBLP,83288,280.1
SANTA RITA DE CÁSSIA,2928406,LENCOIS. AEROP. CHAPADA DIAMANTI,SBLE,-,392.9
SANTA RITA DE CÁSSIA,2928406,PORTO NACIONAL (AEROPORTO),SBPN,83063,418.07
SANTA TERESINHA,2928505,SALVADOR (AEROPORTO),SBSV,83248,126.99
SANTA TERESINHA,2928505,LENCOIS. AEROP. CHAPADA DIAMANTI,SBLE,-,197.65
SANTA TERESINHA,2928505,ILHEUS,SBIL,83348,239.11
SANTO AMARO,2928604,SALVADOR (AEROPORTO),SBSV,83248,51.96
SANTO AMARO,2928604,ILHEUS,SBIL,83348,239.16
SANTO AMARO,2928604,ARACAJU (AEROPORTO),SBAR,83095,261.65
SANTO ANTÔNIO DE JESUS,2928703,SALVADOR (AEROPORTO),SBSV,83248,85.02
SANTO ANTÔNIO DE JESUS,2928703,ILHEUS,SBIL,83348,194.33
SANTO ANTÔNIO DE JESUS,2928703,LENCOIS. AEROP. CHAPADA DIAMANTI,SBLE,-,246.05
SANTO ESTÊVÃO,2928802,SALVADOR (AEROPORTO),SBSV,83248,109.34
SANTO ESTÊVÃO,2928802,LENCOIS. AEROP. CHAPADA DIAMANTI,SBLE,-,221.03
SANTO ESTÊVÃO,2928802,ILHEUS,SBIL,83348,256.07
SÃO DESIDÉRIO,2928901,BOM JESUS DA LAPA,SBLP,83288,229.82
SÃO DESIDÉRIO,2928901,MINACU,SBMC,-,305.31
SÃO DESIDÉRIO,2928901,PORTO NACIONAL (AEROPORTO),SBPN,83063,390.94
SÃO DOMINGOS,2928950,PAULO AFONSO,SBUF,82986,199.13
SÃO DOMINGOS,2928950,PETROLINA (AEROPORTO),SBPL,82984,221.38
SÃO DOMINGOS,2928950,ARACAJU (AEROPORTO),SBAR,83095,239.47
SÃO FÉLIX,2929008,SALVADOR (AEROPORTO),SBSV,83248,121.72
SÃO FÉLIX,2929008,LENCOIS. AEROP. CHAPADA DIAMANTI,SBLE,-,205.82
SÃO FÉLIX,2929008,ILHEUS,SBIL,83348,252.59
SÃO FÉLIX DO CORIBE,2929057,BOM JESUS DA LAPA,SBLP,83288,71.71
SÃO FÉLIX DO CORIBE,2929057,LENCOIS. AEROP. CHAPADA DIAMANTI,SBLE,-,319.76
SÃO FÉLIX DO CORIBE,2929057,MONTES CLAROS,SBMK,83437,356.34
SÃO FELIPE,2929107,SALVADOR (AEROPORTO),SBSV,83248,99.81
SÃO FELIPE,2929107,ILHEUS,SBIL,83348,171.5
SÃO FELIPE,2929107,UNA - AER. HOTEL TRANSAMERIC,SBTC,-,232.8
SÃO FRANCISCO DO CONDE,2929206,SALVADOR (AEROPORTO),SBSV,83248,10.21
SÃO FRANCISCO DO CONDE,2929206,ILHEUS,SBIL,83348,215.14
SÃO FRANCISCO DO CONDE,2929206,ARACAJU (AEROPORTO),SBAR,83095,264.06
SÃO GABRIEL,2929255,LENCOIS. AEROP. CHAPADA DIAMANTI,SBLE,-,164.22
SÃO GABRIEL,2929255,PETROLINA (AEROPORTO),SBPL,82984,224.4
SÃO GABRIEL,2929255,BOM JESUS DA LAPA,SBLP,83288,309.37
SÃO GONÇALO DOS CAMPOS,2929305,SALVADOR (AEROPORTO),SBSV,83248,70.94
SÃO GONÇALO DOS CAMPOS,2929305,ARACAJU (AEROPORTO),SBAR,83095,252.69
SÃO GONÇALO DOS CAMPOS,2929305,ILHEUS,SBIL,83348,259.46
SÃO JOSÉ DA VITÓRIA,2929354,ILHEUS,SBIL,83348,38.32
SÃO JOSÉ DA VITÓRIA,2929354,UNA - AER. HOTEL TRANSAMERIC,SBTC,-,41.31
SÃO JOSÉ DA VITÓRIA,2929354,PORTO SEGURO (AEROPORTO),SBPS,83460,151.9
SÃO JOSÉ DO JACUÍPE,2929370,LENCOIS. AEROP. CHAPADA DIAMANTI,SBLE,-,187.48
SÃO JOSÉ DO JACUÍPE,2929370,SALVADOR (AEROPORTO),SBSV,83248,233.51
SÃO JOSÉ DO JACUÍPE,2929370,PETROLINA (AEROPORTO),SBPL,82984,245.23
SÃO MIGUEL DAS MATAS,2929404,SALVADOR (AEROPORTO),SBSV,83248,151.31
SÃO MIGUEL DAS MATAS,2929404,ILHEUS,SBIL,83348,161.87
SÃO MIGUEL DAS MATAS,2929404,VITORIA DA CONQUISTA,SBQV,83344,208.82
SÃO SEBASTIÃO DO PASSÉ,2929503,SALVADOR (AEROPORTO),SBSV,83248,26.07
SÃO SEBASTIÃO DO PASSÉ,2929503,ARACAJU (AEROPORTO),SBAR,83095,240.13
SÃO SEBASTIÃO DO PASSÉ,2929503,ILHEUS,SBIL,83348,244.3
SAPEAÇU,2929602,SALVADOR (AEROPORTO),SBSV,83248,64.56
SAPEAÇU,2929602,ILHEUS,SBIL,83348,171.25
SAPEAÇU,2929602,UNA - AER. HOTEL TRANSAMERIC,SBTC,-,231.39
SÁTIRO DIAS,2929701,SALVADOR (AEROPORTO),SBSV,83248,151.46
SÁTIRO DIAS,2929701,ARACAJU (AEROPORTO),SBAR,83095,179.31
SÁTIRO DIAS,2929701,PAULO AFONSO,SBUF,82986,243.76
SAUBARA,2929750,SALVADOR (AEROPORTO),SBSV,83248,31.34
SAUBARA,2929750,ILHEUS,SBIL,83348,216.17
SAUBARA,2929750,ARACAJU (AEROPORTO),SBAR,83095,271.96
SAÚDE,2929800,PETROLINA (AEROPORTO),SBPL,82984,172.53
SAÚDE,2929800,LENCOIS. AEROP. CHAPADA DIAMANTI,SBLE,-,199.53
SAÚDE,2929800,PAULO AFONSO,SBUF,82986,288.27
SEABRA,2929909,LENCOIS. AEROP. CHAPADA DIAMANTI,SBLE,-,65.61
SEABRA,2929909,BOM JESUS DA LAPA,SBLP,83288,192.08
SEABRA,2929909,VITORIA DA CONQUISTA,SBQV,83344,294.02
SEBASTIÃO LARANJEIRAS,2930006,BOM JESUS DA LAPA,SBLP,83288,146.92
SEBASTIÃO LARANJEIRAS,2930006,VITORIA DA CONQUISTA,SBQV,83344,246.5
SEBASTIÃO LARANJEIRAS,2930006,MONTES CLAROS,SBMK,83437,248.53
SENHOR DO BONFIM,2930105,PETROLINA (AEROPORTO),SBPL,82984,132.17
SENHOR DO BONFIM,2930105,PAULO AFONSO,SBUF,82986,234.71
SENHOR DO BONFIM,2930105,LENCOIS. AEROP. CHAPADA DIAMANTI,SBLE,-,258.33
SERRA DO RAMALHO,2930154,BOM JESUS DA LAPA,SBLP,83288,39.04
SERRA DO RAMALHO,2930154,LENCOIS. AEROP. CHAPADA DIAMANTI,SBLE,-,285.51
SERRA DO RAMALHO,2930154,VITORIA DA CONQUISTA,SBQV,83344,342.09
SENTO SÉ,2930204,PETROLINA (AEROPORTO),SBPL,82984,144.68
SENTO SÉ,2930204,LENCOIS. AEROP. CHAPADA DIAMANTI,SBLE,-,264.39
SENTO SÉ,2930204,PAULO AFONSO,SBUF,82986,380.47
SERRA DOURADA,2930303,BOM JESUS DA LAPA,SBLP,83288,68.33
SERRA DOURADA,2930303,LENCOIS. AEROP. CHAPADA DIAMANTI,SBLE,-,280.57
SERRA DOURADA,2930303,VITORIA DA CONQUISTA,SBQV,83344,394.05
SERRA PRETA,2930402,SALVADOR (AEROPORTO),SBSV,83248,146.83
SERRA PRETA,2930402,LENCOIS. AEROP. CHAPADA DIAMANTI,SBLE,-,213.16
SERRA PRETA,2930402,ARACAJU (AEROPORTO),SBAR,83095,278.02
SERRINHA,2930501,SALVADOR (AEROPORTO),SBSV,83248,157.04
SERRINHA,2930501,ARACAJU (AEROPORTO),SBAR,83095,223.86
SERRINHA,2930501,PAULO AFONSO,SBUF,82986,263.76
SERROLÂNDIA,2930600,LENCOIS. AEROP. CHAPADA DIAMANTI,SBLE,-,156.1
SERROLÂNDIA,2930600,PETROLINA (AEROPORTO),SBPL,82984,240.99
SERROLÂNDIA,2930600,SALVADOR (AEROPORTO),SBSV,83248,259.46
SIMÕES FILHO,2930709,SALVADOR (AEROPORTO),SBSV,83248,27.57
SIMÕES FILHO,2930709,ILHEUS,SBIL,83348,233.54
SIMÕES FILHO,2930709,ARACAJU (AEROPORTO),SBAR,83095,254.01
SÍTIO DO MATO,2930758,BOM JESUS DA LAPA,SBLP,83288,42.85
SÍTIO DO MATO,2930758,LENCOIS. AEROP. CHAPADA DIAMANTI,SBLE,-,245.6
SÍTIO DO MATO,2930758,VITORIA DA CONQUISTA,SBQV,83344,359.36
SÍTIO DO QUINTO,2930766,PAULO AFONSO,SBUF,82986,91.57
SÍTIO DO QUINTO,2930766,ARACAJU (AEROPORTO),SBAR,83095,147.69
SÍTIO DO QUINTO,2930766,MACEIO (AEROPORTO),SBMO,82993,275.91
SOBRADINHO,2930774,PETROLINA (AEROPORTO),SBPL,82984,44.65
SOBRADINHO,2930774,PAULO AFONSO,SBUF,82986,287.02
SOBRADINHO,2930774,LENCOIS. AEROP. CHAPADA DIAMANTI,SBLE,-,317.26
SOUTO SOARES,2930808,LENCOIS. AEROP. CHAPADA DIAMANTI,SBLE,-,73.97
SOUTO SOARES,2930808,BOM JESUS DA LAPA,SBLP,83288,224.07
SOUTO SOARES,2930808,PETROLINA (AEROPORTO),SBPL,82984,324.91
TABOCAS DO BREJO VELHO,2930907,BOM JESUS DA LAPA,SBLP,83288,119.18
TABOCAS DO BREJO VELHO,2930907,LENCOIS. AEROP. CHAPADA DIAMANTI,SBLE,-,312.1
TABOCAS DO BREJO VELHO,2930907,VITORIA DA CONQUISTA,SBQV,83344,443.84
TANHAÇU,2931004,VITORIA DA CONQUISTA,SBQV,83344,87.17
TANHAÇU,2931004,LENCOIS. AEROP. CHAPADA DIAMANTI,SBLE,-,186.08
TANHAÇU,2931004,ILHEUS,SBIL,83348,244.86
TANQUE NOVO,2931053,BOM JESUS DA LAPA,SBLP,83288,105.85
TANQUE NOVO,2931053,LENCOIS. AEROP. CHAPADA DIAMANTI,SBLE,-,171.09
TANQUE NOVO,2931053,VITORIA DA CONQUISTA,SBQV,83344,230.55
TANQUINHO,2931103,SALVADOR (AEROPORTO),SBSV,83248,134.27
TANQUINHO,2931103,LENCOIS. AEROP. CHAPADA DIAMANTI,SBLE,-,245.19
TANQUINHO,2931103,ARACAJU (AEROPORTO),SBAR,83095,245.73
TAPEROÁ,2931202,SALVADOR (AEROPORTO),SBSV,83248,126.63
TAPEROÁ,2931202,ILHEUS,SBIL,83348,135.99
TAPEROÁ,2931202,UNA - AER. HOTEL TRANSAMERIC,SBTC,-,197.04
TAPIRAMUTÁ,2931301,LENCOIS. AEROP. CHAPADA DIAMANTI,SBLE,-,86.29
TAPIRAMUTÁ,2931301,PETROLINA (AEROPORTO),SBPL,82984,279.83
TAPIRAMUTÁ,2931301,SALVADOR (AEROPORTO),SBSV,83248,290.2
TEIXEIRA DE FREITAS,2931350,CARAVELAS (AEROPORTO),SBCV,83497,59.52
TEIXEIRA DE FREITAS,2931350,PORTO SEGURO (AEROPORTO),SBPS,83460,132.18
TEIXEIRA DE FREITAS,2931350,UNA - AER. HOTEL TRANSAMERIC,SBTC,-,244.36
TEODORO SAMPAIO,2931400,SALVADOR (AEROPORTO),SBSV,83248,38.57
TEODORO SAMPAIO,2931400,ARACAJU (AEROPORTO),SBAR,83095,234.05
TEODORO SAMPAIO,2931400,ILHEUS,SBIL,83348,254.33
TEOFILÂNDIA,2931509,SALVADOR (AEROPORTO),SBSV,83248,174.77
TEOFILÂNDIA,2931509,ARACAJU (AEROPORTO),SBAR,83095,214.92
TEOFILÂNDIA,2931509,PAULO AFONSO,SBUF,82986,242.86
TEOLÂNDIA,2931608,ILHEUS,SBIL,83348,141.33
TEOLÂNDIA,2931608,VITORIA DA CONQUISTA,SBQV,83344,162.21
TEOLÂNDIA,2931608,SALVADOR (AEROPORTO),SBSV,83248,192.8
TERRA NOVA,2931707,SALVADOR (AEROPORTO),SBSV,83248,88.89
TERRA NOVA,2931707,ILHEUS,SBIL,83348,232.36
TERRA NOVA,2931707,LENCOIS. AEROP. CHAPADA DIAMANTI,SBLE,-,236.15
TREMEDAL,2931806,VITORIA DA CONQUISTA,SBQV,83344,63.85
TREMEDAL,2931806,ILHEUS,SBIL,83348,261.84
TREMEDAL,2931806,UNA - AER. HOTEL TRANSAMERIC,SBTC,-,267.56
TUCANO,2931905,PAULO AFONSO,SBUF,82986,186.97
TUCANO,2931905,ARACAJU (AEROPORTO),SBAR,83095,188.08
TUCANO,2931905,SALVADOR (AEROPORTO),SBSV,83248,218.05
UAUÁ,2932002,PETROLINA (AEROPORTO),SBPL,82984,134.93
UAUÁ,2932002,PAULO AFONSO,SBUF,82986,143.79
UAUÁ,2932002,ARACAJU (AEROPORTO),SBAR,83095,287.43
UBAÍRA,2932101,SALVADOR (AEROPORTO),SBSV,83248,163.9
UBAÍRA,2932101,LENCOIS. AEROP. CHAPADA DIAMANTI,SBLE,-,168.36
UBAÍRA,2932101,ILHEUS,SBIL,83348,216.77
UBAITABA,2932200,ILHEUS,SBIL,83348,72.33
UBAITABA,2932200,UNA - AER. HOTEL TRANSAMERIC,SBTC,-,126.44
UBAITABA,2932200,VITORIA DA CONQUISTA,SBQV,83344,162.94
UBATÃ,2932309,ILHEUS,SBIL,83348,128.69
UBATÃ,2932309,VITORIA DA CONQUISTA,SBQV,83344,155.96
UBATÃ,2932309,UNA - AER. HOTEL TRANSAMERIC,SBTC,-,181.49
UIBAÍ,2932408,LENCOIS. AEROP. CHAPADA DIAMANTI,SBLE,-,151.52
UIBAÍ,2932408,BOM JESUS DA LAPA,SBLP,83288,254.26
UIBAÍ,2932408,PETROLINA (AEROPORTO),SBPL,82984,279.37
UMBURANAS,2932457,PETROLINA (AEROPORTO),SBPL,82984,152.95
UMBURANAS,2932457,LENCOIS. AEROP. CHAPADA DIAMANTI,SBLE,-,211.32
UMBURANAS,2932457,PAULO AFONSO,SBUF,82986,352.14
UNA,2932507,UNA - AER. HOTEL TRANSAMERIC,SBTC,-,24.7
UNA,2932507,ILHEUS,SBIL,83348,48.67
UNA,2932507,PORTO SEGURO (AEROPORTO),SBPS,83460,135.44
URANDI,2932606,BOM JESUS DA LAPA,SBLP,83288,181.24
URANDI,2932606,VITORIA DA CONQUISTA,SBQV,83344,196.03
URANDI,2932606,MONTES CLAROS,SBMK,83437,249.62
URUÇUCA,2932705,ILHEUS,SBIL,83348,53.26
URUÇUCA,2932705,UNA - AER. HOTEL TRANSAMERIC,SBTC,-,107.12
URUÇUCA,2932705,VITORIA DA CONQUISTA,SBQV,83344,167.12
UTINGA,2932804,LENCOIS. AEROP. CHAPADA DIAMANTI,SBLE,-,52.41
UTINGA,2932804,BOM JESUS DA LAPA,SBLP,83288,287.87
UTINGA,2932804,PETROLINA (AEROPORTO),SBPL,82984,303.32
VALENÇA,2932903,SALVADOR (AEROPORTO),SBSV,83248,107.88
VALENÇA,2932903,ILHEUS,SBIL,83348,161.57
VALENÇA,2932903,UNA - AER. HOTEL TRANSAMERIC,SBTC,-,222.83
VALENTE,2933000,SALVADOR (AEROPORTO),SBSV,83248,208.16
VALENTE,2933000,LENCOIS. AEROP. CHAPADA DIAMANTI,SBLE,-,230.46
VALENTE,2933000,PETROLINA (AEROPORTO),SBPL,82984,256.09
VÁRZEA DA ROÇA,2933059,LENCOIS. AEROP. CHAPADA DIAMANTI,SBLE,-,171.19
VÁRZEA DA ROÇA,2933059,PETROLINA (AEROPORTO),SBPL,82984,232.15
VÁRZEA DA ROÇA,2933059,SALVADOR (AEROPORTO),SBSV,83248,257.96
VÁRZEA DO POÇO,2933109,LENCOIS. AEROP. CHAPADA DIAMANTI,SBLE,-,147.01
VÁRZEA DO POÇO,2933109,PETROLINA (AEROPORTO),SBPL,82984,239.83
VÁRZEA DO POÇO,2933109,SALVADOR (AEROPORTO),SBSV,83248,269.37
VÁRZEA NOVA,2933158,LENCOIS. AEROP. CHAPADA DIAMANTI,SBLE,-,155.25
VÁRZEA NOVA,2933158,PETROLINA (AEROPORTO),SBPL,82984,199.24
VÁRZEA NOVA,2933158,SALVADOR (AEROPORTO),SBSV,83248,353.22
VARZEDO,2933174,SALVADOR (AEROPORTO),SBSV,83248,185.78
VARZEDO,2933174,LENCOIS. AEROP. CHAPADA DIAMANTI,SBLE,-,192.18
VARZEDO,2933174,PETROLINA (AEROPORTO),SBPL,82984,292.52
VERA CRUZ,2933208,SALVADOR (AEROPORTO),SBSV,83248,52.55
VERA CRUZ,2933208,ILHEUS,SBIL,83348,223.19
VERA CRUZ,2933208,LENCOIS. AEROP. CHAPADA DIAMANTI,SBLE,-,272.05
VEREDA,2933257,CARAVELAS (AEROPORTO),SBCV,83497,89.32
VEREDA,2933257,PORTO SEGURO (AEROPORTO),SBPS,83460,124.62
VEREDA,2933257,UNA - AER. HOTEL TRANSAMERIC,SBTC,-,227.35
VITÓRIA DA CONQUISTA,2933307,VITORIA DA CONQUISTA,SBQV,83344,18.2
VITÓRIA DA CONQUISTA,2933307,ILHEUS,SBIL,83348,205.25
VITÓRIA DA CONQUISTA,2933307,UNA - AER. HOTEL TRANSAMERIC,SBTC,-,210.78
WAGNER,2933406,LENCOIS. AEROP. CHAPADA DIAMANTI,SBLE,-,27.01
WAGNER,2933406,BOM JESUS DA LAPA,SBLP,83288,264.01
WAGNER,2933406,VITORIA DA CONQUISTA,SBQV,83344,294.61
WANDERLEY,2933455,BOM JESUS DA LAPA,SBLP,83288,171.01
WANDERLEY,2933455,LENCOIS. AEROP. CHAPADA DIAMANTI,SBLE,-,295.14
WANDERLEY,2933455,PETROLINA (AEROPORTO),SBPL,82984,454.32
WENCESLAU GUIMARÃES,2933505,ILHEUS,SBIL,83348,109.21
WENCESLAU GUIMARÃES,2933505,SALVADOR (AEROPORTO),SBSV,83248,165.35
WENCESLAU GUIMARÃES,2933505,UNA - AER. HOTEL TRANSAMERIC,SBTC,-,167.95
XIQUE-XIQUE,2933604,LENCOIS. AEROP. CHAPADA DIAMANTI,SBLE,-,232.51
XIQUE-XIQUE,2933604,BOM JESUS DA LAPA,SBLP,83288,258.85
XIQUE-XIQUE,2933604,PETROLINA (AEROPORTO),SBPL,82984,306.11